{"type":"FeatureCollection","features":[{"type":"Feature","geometry":{"type":"Point","coordinates":[18.52166,47.02922]},"properties":{"kshId":"17376","name":"Aba","county":"Fejér","district":"Székesfehérvári","population":4371}},{"type":"Feature","geometry":{"type":"Point","coordinates":[20.59977,47.47601]},"properties":{"kshId":"12441","name":"Abádszalók","county":"Jász-Nagykun-Szolnok","district":"Kunhegyesi","population":3727}},{"type":"Feature","geometry":{"type":"Point","coordinates":[18.11674,46.14098]},"properties":{"kshId":"12548","name":"Abaliget","county":"Baranya","district":"Pécsi","population":596}},{"type":"Feature","geometry":{"type":"Point","coordinates":[20.00049,47.79487]},"properties":{"kshId":"24554","name":"Abasár","county":"Heves","district":"Gyöngyösi","population":2473}},{"type":"Feature","geometry":{"type":"Point","coordinates":[21.23269,48.30682]},"properties":{"kshId":"15662","name":"Abaújalpár","county":"Borsod-Abaúj-Zemplén","district":"Gönci","population":73}},{"type":"Feature","geometry":{"type":"Point","coordinates":[21.20152,48.30752]},"properties":{"kshId":"26718","name":"Abaújkér","county":"Borsod-Abaúj-Zemplén","district":"Gönci","population":547}},{"type":"Feature","geometry":{"type":"Point","coordinates":[20.95505,48.40506]},"properties":{"kshId":"02820","name":"Abaújlak","county":"Borsod-Abaúj-Zemplén","district":"Szikszói","population":64}},{"type":"Feature","geometry":{"type":"Point","coordinates":[21.1855,48.27871]},"properties":{"kshId":"03595","name":"Abaújszántó","county":"Borsod-Abaúj-Zemplén","district":"Gönci","population":2671}},{"type":"Feature","geometry":{"type":"Point","coordinates":[20.97777,48.37284]},"properties":{"kshId":"26338","name":"Abaújszolnok","county":"Borsod-Abaúj-Zemplén","district":"Szikszói","population":227}},{"type":"Feature","geometry":{"type":"Point","coordinates":[21.31263,48.52522]},"properties":{"kshId":"02273","name":"Abaújvár","county":"Borsod-Abaúj-Zemplén","district":"Gönci","population":229}},{"type":"Feature","geometry":{"type":"Point","coordinates":[17.54098,47.69768]},"properties":{"kshId":"11882","name":"Abda","county":"Győr-Moson-Sopron","district":"Győri","population":3155}},{"type":"Feature","geometry":{"type":"Point","coordinates":[20.79104,48.39265]},"properties":{"kshId":"10357","name":"Abod","county":"Borsod-Abaúj-Zemplén","district":"Edelényi","population":136}},{"type":"Feature","geometry":{"type":"Point","coordinates":[20.00478,47.18874]},"properties":{"kshId":"27872","name":"Abony","county":"Pest","district":"Ceglédi","population":14603}},{"type":"Feature","geometry":{"type":"Point","coordinates":[17.5715,46.81478]},"properties":{"kshId":"04561","name":"Ábrahámhegy","county":"Veszprém","district":"Tapolcai","population":592}},{"type":"Feature","geometry":{"type":"Point","coordinates":[18.01561,47.71042]},"properties":{"kshId":"04428","name":"Ács","county":"Komárom-Esztergom","district":"Komáromi","population":6920}},{"type":"Feature","geometry":{"type":"Point","coordinates":[19.3863,47.79253]},"properties":{"kshId":"18573","name":"Acsa","county":"Pest","district":"Váci","population":1320}},{"type":"Feature","geometry":{"type":"Point","coordinates":[16.73411,47.32589]},"properties":{"kshId":"07214","name":"Acsád","county":"Vas","district":"Szombathelyi","population":623}},{"type":"Feature","geometry":{"type":"Point","coordinates":[17.19889,47.67528]},"properties":{"kshId":"33385","name":"Acsalag","county":"Győr-Moson-Sopron","district":"Csornai","population":448}},{"type":"Feature","geometry":{"type":"Point","coordinates":[18.00569,47.40601]},"properties":{"kshId":"18139","name":"Ácsteszér","county":"Komárom-Esztergom","district":"Kisbéri","population":660}},{"type":"Feature","geometry":{"type":"Point","coordinates":[19.9752,47.69155]},"properties":{"kshId":"23241","name":"Adács","county":"Heves","district":"Gyöngyösi","population":2507}},{"type":"Feature","geometry":{"type":"Point","coordinates":[18.15414,46.85701]},"properties":{"kshId":"06080","name":"Ádánd","county":"Somogy","district":"Siófoki","population":2049}},{"type":"Feature","geometry":{"type":"Point","coordinates":[17.54007,47.3041]},"properties":{"kshId":"07302","name":"Adásztevel","county":"Veszprém","district":"Pápai","population":752}},{"type":"Feature","geometry":{"type":"Point","coordinates":[18.86311,47.1209]},"properties":{"kshId":"08925","name":"Adony","county":"Fejér","district":"Dunaújvárosi","population":4103}},{"type":"Feature","geometry":{"type":"Point","coordinates":[17.23954,47.2431]},"properties":{"kshId":"31307","name":"Adorjánháza","county":"Veszprém","district":"Devecseri","population":349}},{"type":"Feature","geometry":{"type":"Point","coordinates":[18.06406,45.84989]},"properties":{"kshId":"06868","name":"Adorjás","county":"Baranya","district":"Sellyei","population":160}},{"type":"Feature","geometry":{"type":"Point","coordinates":[18.20415,46.296]},"properties":{"kshId":"25812","name":"Ág","county":"Baranya","district":"Hegyháti","population":153}},{"type":"Feature","geometry":{"type":"Point","coordinates":[19.44684,46.84024]},"properties":{"kshId":"17686","name":"Ágasegyháza","county":"Bács-Kiskun","district":"Kecskeméti","population":1861}},{"type":"Feature","geometry":{"type":"Point","coordinates":[16.51375,47.69057]},"properties":{"kshId":"04880","name":"Ágfalva","county":"Győr-Moson-Sopron","district":"Soproni","population":2409}},{"type":"Feature","geometry":{"type":"Point","coordinates":[20.50543,48.46751]},"properties":{"kshId":"09362","name":"Aggtelek","county":"Borsod-Abaúj-Zemplén","district":"Putnoki","population":443}},{"type":"Feature","geometry":{"type":"Point","coordinates":[16.94093,47.60924]},"properties":{"kshId":"29407","name":"Agyagosszergény","county":"Győr-Moson-Sopron","district":"Kapuvári","population":926}},{"type":"Feature","geometry":{"type":"Point","coordinates":[22.05223,48.17785]},"properties":{"kshId":"08776","name":"Ajak","county":"Szabolcs-Szatmár-Bereg","district":"Kisvárdai","population":3218}},{"type":"Feature","geometry":{"type":"Point","coordinates":[17.55873,47.10566]},"properties":{"kshId":"06673","name":"Ajka","county":"Veszprém","district":"Ajkai","population":26007}},{"type":"Feature","geometry":{"type":"Point","coordinates":[18.0697,47.40441]},"properties":{"kshId":"06682","name":"Aka","county":"Komárom-Esztergom","district":"Kisbéri","population":250}},{"type":"Feature","geometry":{"type":"Point","coordinates":[19.20635,46.69098]},"properties":{"kshId":"21944","name":"Akasztó","county":"Bács-Kiskun","district":"Kiskőrösi","population":3113}},{"type":"Feature","geometry":{"type":"Point","coordinates":[20.65203,48.21457]},"properties":{"kshId":"33093","name":"Alacska","county":"Borsod-Abaúj-Zemplén","district":"Kazincbarcikai","population":599}},{"type":"Feature","geometry":{"type":"Point","coordinates":[18.68543,46.80448]},"properties":{"kshId":"26824","name":"Alap","county":"Fejér","district":"Sárbogárdi","population":1840}},{"type":"Feature","geometry":{"type":"Point","coordinates":[20.04759,47.42568]},"properties":{"kshId":"25265","name":"Alattyán","county":"Jász-Nagykun-Szolnok","district":"Jászapáti","population":2060}},{"type":"Feature","geometry":{"type":"Point","coordinates":[19.61278,47.24573]},"properties":{"kshId":"31653","name":"Albertirsa","county":"Pest","district":"Ceglédi","population":13950}},{"type":"Feature","geometry":{"type":"Point","coordinates":[18.60322,47.42544]},"properties":{"kshId":"15176","name":"Alcsútdoboz","county":"Fejér","district":"Bicskei","population":1507}},{"type":"Feature","geometry":{"type":"Point","coordinates":[20.22837,47.78916]},"properties":{"kshId":"06345","name":"Aldebrő","county":"Heves","district":"Füzesabonyi","population":689}},{"type":"Feature","geometry":{"type":"Point","coordinates":[20.20836,46.33538]},"properties":{"kshId":"34245","name":"Algyő","county":"Csongrád-Csanád","district":"Szegedi","population":5364}},{"type":"Feature","geometry":{"type":"Point","coordinates":[16.92099,46.88465]},"properties":{"kshId":"02644","name":"Alibánfa","county":"Zala","district":"Zalaegerszegi","population":428}},{"type":"Feature","geometry":{"type":"Point","coordinates":[17.87414,46.15754]},"properties":{"kshId":"13329","name":"Almamellék","county":"Baranya","district":"Szigetvári","population":373}},{"type":"Feature","geometry":{"type":"Point","coordinates":[18.26199,47.72722]},"properties":{"kshId":"32346","name":"Almásfüzitő","county":"Komárom-Esztergom","district":"Komáromi","population":2016}},{"type":"Feature","geometry":{"type":"Point","coordinates":[17.04733,46.84253]},"properties":{"kshId":"23384","name":"Almásháza","county":"Zala","district":"Zalaegerszegi","population":75}},{"type":"Feature","geometry":{"type":"Point","coordinates":[21.08991,46.46274]},"properties":{"kshId":"29595","name":"Almáskamarás","county":"Békés","district":"Mezőkovácsházai","population":643}},{"type":"Feature","geometry":{"type":"Point","coordinates":[17.89453,46.11961]},"properties":{"kshId":"20376","name":"Almáskeresztúr","county":"Baranya","district":"Szigetvári","population":85}},{"type":"Feature","geometry":{"type":"Point","coordinates":[21.98381,47.4154]},"properties":{"kshId":"27641","name":"Álmosd","county":"Hajdú-Bihar","district":"Nyíradonyi","population":1638}},{"type":"Feature","geometry":{"type":"Point","coordinates":[21.68737,48.34499]},"properties":{"kshId":"20482","name":"Alsóberecki","county":"Borsod-Abaúj-Zemplén","district":"Sátoraljaújhelyi","population":654}},{"type":"Feature","geometry":{"type":"Point","coordinates":[17.74849,46.51076]},"properties":{"kshId":"34184","name":"Alsóbogát","county":"Somogy","district":"Kaposvári","population":219}},{"type":"Feature","geometry":{"type":"Point","coordinates":[21.0003,48.18048]},"properties":{"kshId":"19664","name":"Alsódobsza","county":"Borsod-Abaúj-Zemplén","district":"Szerencsi","population":294}},{"type":"Feature","geometry":{"type":"Point","coordinates":[21.02368,48.40472]},"properties":{"kshId":"14429","name":"Alsógagy","county":"Borsod-Abaúj-Zemplén","district":"Encsi","population":86}},{"type":"Feature","geometry":{"type":"Point","coordinates":[18.24501,46.31308]},"properties":{"kshId":"17385","name":"Alsómocsolád","county":"Baranya","district":"Hegyháti","population":264}},{"type":"Feature","geometry":{"type":"Point","coordinates":[18.66241,46.25101]},"properties":{"kshId":"29665","name":"Alsónána","county":"Tolna","district":"Szekszárdi","population":611}},{"type":"Feature","geometry":{"type":"Point","coordinates":[19.1657,47.31467]},"properties":{"kshId":"23199","name":"Alsónémedi","county":"Pest","district":"Gyáli","population":5584}},{"type":"Feature","geometry":{"type":"Point","coordinates":[16.93049,46.85339]},"properties":{"kshId":"19512","name":"Alsónemesapáti","county":"Zala","district":"Zalaegerszegi","population":668}},{"type":"Feature","geometry":{"type":"Point","coordinates":[18.73741,46.20256]},"properties":{"kshId":"11563","name":"Alsónyék","county":"Tolna","district":"Szekszárdi","population":646}},{"type":"Feature","geometry":{"type":"Point","coordinates":[17.97707,46.98827]},"properties":{"kshId":"30526","name":"Alsóörs","county":"Veszprém","district":"Balatonfüredi","population":1919}},{"type":"Feature","geometry":{"type":"Point","coordinates":[17.1739,46.76132]},"properties":{"kshId":"32081","name":"Alsópáhok","county":"Zala","district":"Keszthelyi","population":1462}},{"type":"Feature","geometry":{"type":"Point","coordinates":[19.24489,47.87476]},"properties":{"kshId":"16425","name":"Alsópetény","county":"Nógrád","district":"Rétsági","population":573}},{"type":"Feature","geometry":{"type":"Point","coordinates":[16.99684,46.65371]},"properties":{"kshId":"18829","name":"Alsórajk","county":"Zala","district":"Nagykanizsai","population":318}},{"type":"Feature","geometry":{"type":"Point","coordinates":[21.61716,48.4653]},"properties":{"kshId":"23223","name":"Alsóregmec","county":"Borsod-Abaúj-Zemplén","district":"Sátoraljaújhelyi","population":194}},{"type":"Feature","geometry":{"type":"Point","coordinates":[16.47729,46.74526]},"properties":{"kshId":"08767","name":"Alsószenterzsébet","county":"Zala","district":"Lenti","population":53}},{"type":"Feature","geometry":{"type":"Point","coordinates":[18.73215,46.79578]},"properties":{"kshId":"25283","name":"Alsószentiván","county":"Fejér","district":"Sárbogárdi","population":542}},{"type":"Feature","geometry":{"type":"Point","coordinates":[18.30479,45.79091]},"properties":{"kshId":"33279","name":"Alsószentmárton","county":"Baranya","district":"Siklósi","population":1176}},{"type":"Feature","geometry":{"type":"Point","coordinates":[16.20371,46.92797]},"properties":{"kshId":"22549","name":"Alsószölnök","county":"Vas","district":"Szentgotthárdi","population":332}},{"type":"Feature","geometry":{"type":"Point","coordinates":[20.50416,48.37244]},"properties":{"kshId":"28839","name":"Alsószuha","county":"Borsod-Abaúj-Zemplén","district":"Putnoki","population":374}},{"type":"Feature","geometry":{"type":"Point","coordinates":[20.65467,48.41047]},"properties":{"kshId":"08217","name":"Alsótelekes","county":"Borsod-Abaúj-Zemplén","district":"Kazincbarcikai","population":113}},{"type":"Feature","geometry":{"type":"Point","coordinates":[19.59694,47.95407]},"properties":{"kshId":"07621","name":"Alsótold","county":"Nógrád","district":"Pásztói","population":222}},{"type":"Feature","geometry":{"type":"Point","coordinates":[16.85312,47.08222]},"properties":{"kshId":"22725","name":"Alsóújlak","county":"Vas","district":"Vasvári","population":525}},{"type":"Feature","geometry":{"type":"Point","coordinates":[20.90596,48.24054]},"properties":{"kshId":"29814","name":"Alsóvadász","county":"Borsod-Abaúj-Zemplén","district":"Szikszói","population":1525}},{"type":"Feature","geometry":{"type":"Point","coordinates":[20.882,48.0703]},"properties":{"kshId":"21032","name":"Alsózsolca","county":"Borsod-Abaúj-Zemplén","district":"Miskolci","population":5459}},{"type":"Feature","geometry":{"type":"Point","coordinates":[20.73009,46.34954]},"properties":{"kshId":"16197","name":"Ambrózfalva","county":"Csongrád-Csanád","district":"Makói","population":415}},{"type":"Feature","geometry":{"type":"Point","coordinates":[22.10327,48.17826]},"properties":{"kshId":"29975","name":"Anarcs","county":"Szabolcs-Szatmár-Bereg","district":"Kisvárdai","population":1841}},{"type":"Feature","geometry":{"type":"Point","coordinates":[17.92434,46.64883]},"properties":{"kshId":"28714","name":"Andocs","county":"Somogy","district":"Tabi","population":916}},{"type":"Feature","geometry":{"type":"Point","coordinates":[20.4126,47.84364]},"properties":{"kshId":"17987","name":"Andornaktálya","county":"Heves","district":"Egri","population":2569}},{"type":"Feature","geometry":{"type":"Point","coordinates":[16.79361,46.96368]},"properties":{"kshId":"12317","name":"Andrásfa","county":"Vas","district":"Vasvári","population":238}},{"type":"Feature","geometry":{"type":"Point","coordinates":[18.66588,47.69605]},"properties":{"kshId":"34227","name":"Annavölgy","county":"Komárom-Esztergom","district":"Esztergomi","population":884}},{"type":"Feature","geometry":{"type":"Point","coordinates":[17.2954,47.1119]},"properties":{"kshId":"28370","name":"Apácatorna","county":"Veszprém","district":"Devecseri","population":138}},{"type":"Feature","geometry":{"type":"Point","coordinates":[21.93485,47.95939]},"properties":{"kshId":"20303","name":"Apagy","county":"Szabolcs-Szatmár-Bereg","district":"Nyíregyházi","population":2167}},{"type":"Feature","geometry":{"type":"Point","coordinates":[19.08827,47.11399]},"properties":{"kshId":"33561","name":"Apaj","county":"Pest","district":"Ráckevei","population":1093}},{"type":"Feature","geometry":{"type":"Point","coordinates":[18.44869,46.32959]},"properties":{"kshId":"26125","name":"Aparhant","county":"Tolna","district":"Bonyhádi","population":899}},{"type":"Feature","geometry":{"type":"Point","coordinates":[20.57465,46.17684]},"properties":{"kshId":"14252","name":"Apátfalva","county":"Csongrád-Csanád","district":"Makói","population":2799}},{"type":"Feature","geometry":{"type":"Point","coordinates":[16.25334,46.89612]},"properties":{"kshId":"08873","name":"Apátistvánfalva","county":"Vas","district":"Szentgotthárdi","population":372}},{"type":"Feature","geometry":{"type":"Point","coordinates":[18.48021,46.18632]},"properties":{"kshId":"27298","name":"Apátvarasd","county":"Baranya","district":"Pécsváradi","population":113}},{"type":"Feature","geometry":{"type":"Point","coordinates":[19.69163,47.79635]},"properties":{"kshId":"07241","name":"Apc","county":"Heves","district":"Hatvani","population":2421}},{"type":"Feature","geometry":{"type":"Point","coordinates":[19.01209,47.23263]},"properties":{"kshId":"10108","name":"Áporka","county":"Pest","district":"Ráckevei","population":1262}},{"type":"Feature","geometry":{"type":"Point","coordinates":[18.96734,46.88324]},"properties":{"kshId":"21148","name":"Apostag","county":"Bács-Kiskun","district":"Kunszentmiklósi","population":2031}},{"type":"Feature","geometry":{"type":"Point","coordinates":[22.25674,48.21229]},"properties":{"kshId":"09353","name":"Aranyosapáti","county":"Szabolcs-Szatmár-Bereg","district":"Vásárosnaményi","population":2032}},{"type":"Feature","geometry":{"type":"Point","coordinates":[18.11916,46.00791]},"properties":{"kshId":"06886","name":"Aranyosgadány","county":"Baranya","district":"Pécsi","population":307}},{"type":"Feature","geometry":{"type":"Point","coordinates":[21.25169,48.3561]},"properties":{"kshId":"26198","name":"Arka","county":"Borsod-Abaúj-Zemplén","district":"Gönci","population":53}},{"type":"Feature","geometry":{"type":"Point","coordinates":[20.2542,48.17667]},"properties":{"kshId":"14331","name":"Arló","county":"Borsod-Abaúj-Zemplén","district":"Ózdi","population":3454}},{"type":"Feature","geometry":{"type":"Point","coordinates":[20.86109,48.13081]},"properties":{"kshId":"03771","name":"Arnót","county":"Borsod-Abaúj-Zemplén","district":"Miskolci","population":2254}},{"type":"Feature","geometry":{"type":"Point","coordinates":[20.94341,47.72817]},"properties":{"kshId":"03823","name":"Ároktő","county":"Borsod-Abaúj-Zemplén","district":"Mezőcsáti","population":1032}},{"type":"Feature","geometry":{"type":"Point","coordinates":[20.54706,46.61919]},"properties":{"kshId":"19062","name":"Árpádhalom","county":"Csongrád-Csanád","district":"Szentesi","population":370}},{"type":"Feature","geometry":{"type":"Point","coordinates":[17.39368,47.51336]},"properties":{"kshId":"32249","name":"Árpás","county":"Győr-Moson-Sopron","district":"Téti","population":284}},{"type":"Feature","geometry":{"type":"Point","coordinates":[21.75723,47.1253]},"properties":{"kshId":"03319","name":"Ártánd","county":"Hajdú-Bihar","district":"Berettyóújfalui","population":505}},{"type":"Feature","geometry":{"type":"Point","coordinates":[19.78408,46.20011]},"properties":{"kshId":"10339","name":"Ásotthalom","county":"Csongrád-Csanád","district":"Mórahalmi","population":3665}},{"type":"Feature","geometry":{"type":"Point","coordinates":[17.49968,47.82993]},"properties":{"kshId":"26921","name":"Ásványráró","county":"Győr-Moson-Sopron","district":"Mosonmagyaróvári","population":2170}},{"type":"Feature","geometry":{"type":"Point","coordinates":[20.95477,48.22562]},"properties":{"kshId":"04233","name":"Aszaló","county":"Borsod-Abaúj-Zemplén","district":"Szikszói","population":1834}},{"type":"Feature","geometry":{"type":"Point","coordinates":[18.00454,47.50927]},"properties":{"kshId":"23852","name":"Ászár","county":"Komárom-Esztergom","district":"Kisbéri","population":1395}},{"type":"Feature","geometry":{"type":"Point","coordinates":[19.47474,47.65327]},"properties":{"kshId":"16188","name":"Aszód","county":"Pest","district":"Aszódi","population":6096}},{"type":"Feature","geometry":{"type":"Point","coordinates":[17.83339,46.92889]},"properties":{"kshId":"07339","name":"Aszófő","county":"Veszprém","district":"Balatonfüredi","population":485}},{"type":"Feature","geometry":{"type":"Point","coordinates":[18.29732,45.9369]},"properties":{"kshId":"28583","name":"Áta","county":"Baranya","district":"Pécsi","population":159}},{"type":"Feature","geometry":{"type":"Point","coordinates":[20.36198,47.61754]},"properties":{"kshId":"06503","name":"Átány","county":"Heves","district":"Hevesi","population":1426}},{"type":"Feature","geometry":{"type":"Point","coordinates":[19.89016,47.71962]},"properties":{"kshId":"16090","name":"Atkár","county":"Heves","district":"Gyöngyösi","population":1750}},{"type":"Feature","geometry":{"type":"Point","coordinates":[18.06608,46.37657]},"properties":{"kshId":"32735","name":"Attala","county":"Tolna","district":"Dombóvári","population":707}},{"type":"Feature","geometry":{"type":"Point","coordinates":[18.55472,46.00381]},"properties":{"kshId":"05403","name":"Babarc","county":"Baranya","district":"Bólyi","population":659}},{"type":"Feature","geometry":{"type":"Point","coordinates":[18.13641,45.89948]},"properties":{"kshId":"09663","name":"Babarcszőlős","county":"Baranya","district":"Siklósi","population":96}},{"type":"Feature","geometry":{"type":"Point","coordinates":[17.34626,46.03711]},"properties":{"kshId":"30474","name":"Babócsa","county":"Somogy","district":"Barcsi","population":1332}},{"type":"Feature","geometry":{"type":"Point","coordinates":[17.97868,47.64226]},"properties":{"kshId":"19363","name":"Bábolna","county":"Komárom-Esztergom","district":"Komáromi","population":3424}},{"type":"Feature","geometry":{"type":"Point","coordinates":[18.11956,46.75167]},"properties":{"kshId":"28316","name":"Bábonymegyer","county":"Somogy","district":"Tabi","population":770}},{"type":"Feature","geometry":{"type":"Point","coordinates":[16.77789,46.812]},"properties":{"kshId":"21263","name":"Babosdöbréte","county":"Zala","district":"Zalaegerszegi","population":504}},{"type":"Feature","geometry":{"type":"Point","coordinates":[17.07563,47.57599]},"properties":{"kshId":"15042","name":"Babót","county":"Győr-Moson-Sopron","district":"Kapuvári","population":1068}},{"type":"Feature","geometry":{"type":"Point","coordinates":[19.33191,46.12741]},"properties":{"kshId":"10719","name":"Bácsalmás","county":"Bács-Kiskun","district":"Bácsalmási","population":5963}},{"type":"Feature","geometry":{"type":"Point","coordinates":[19.15582,46.12402]},"properties":{"kshId":"10180","name":"Bácsbokod","county":"Bács-Kiskun","district":"Bácsalmási","population":2288}},{"type":"Feature","geometry":{"type":"Point","coordinates":[19.1584,46.0974]},"properties":{"kshId":"27234","name":"Bácsborsód","county":"Bács-Kiskun","district":"Bácsalmási","population":1022}},{"type":"Feature","geometry":{"type":"Point","coordinates":[19.03976,45.97475]},"properties":{"kshId":"08697","name":"Bácsszentgyörgy","county":"Bács-Kiskun","district":"Bajai","population":125}},{"type":"Feature","geometry":{"type":"Point","coordinates":[19.42125,46.13523]},"properties":{"kshId":"30155","name":"Bácsszőlős","county":"Bács-Kiskun","district":"Bácsalmási","population":286}},{"type":"Feature","geometry":{"type":"Point","coordinates":[17.51469,46.8058]},"properties":{"kshId":"22327","name":"Badacsonytomaj","county":"Veszprém","district":"Tapolcai","population":2101}},{"type":"Feature","geometry":{"type":"Point","coordinates":[17.47369,46.81203]},"properties":{"kshId":"03267","name":"Badacsonytördemic","county":"Veszprém","district":"Tapolcai","population":867}},{"type":"Feature","geometry":{"type":"Point","coordinates":[19.47921,47.63373]},"properties":{"kshId":"09131","name":"Bag","county":"Pest","district":"Aszódi","population":3712}},{"type":"Feature","geometry":{"type":"Point","coordinates":[21.99191,47.44549]},"properties":{"kshId":"20011","name":"Bagamér","county":"Hajdú-Bihar","district":"Nyíradonyi","population":2355}},{"type":"Feature","geometry":{"type":"Point","coordinates":[16.48446,46.68055]},"properties":{"kshId":"11059","name":"Baglad","county":"Zala","district":"Lenti","population":44}},{"type":"Feature","geometry":{"type":"Point","coordinates":[16.74376,46.87686]},"properties":{"kshId":"30368","name":"Bagod","county":"Zala","district":"Zalaegerszegi","population":1186}},{"type":"Feature","geometry":{"type":"Point","coordinates":[17.36754,47.58349]},"properties":{"kshId":"28769","name":"Bágyogszovát","county":"Győr-Moson-Sopron","district":"Csornai","population":1233}},{"type":"Feature","geometry":{"type":"Point","coordinates":[18.36444,47.64895]},"properties":{"kshId":"29212","name":"Baj","county":"Komárom-Esztergom","district":"Tatai","population":2833}},{"type":"Feature","geometry":{"type":"Point","coordinates":[18.95173,46.17855]},"properties":{"kshId":"03522","name":"Baja","county":"Bács-Kiskun","district":"Bajai","population":32401}},{"type":"Feature","geometry":{"type":"Point","coordinates":[16.38408,46.80161]},"properties":{"kshId":"17020","name":"Bajánsenye","county":"Vas","district":"Körmendi","population":487}},{"type":"Feature","geometry":{"type":"Point","coordinates":[18.59862,47.65533]},"properties":{"kshId":"16744","name":"Bajna","county":"Komárom-Esztergom","district":"Esztergomi","population":1819}},{"type":"Feature","geometry":{"type":"Point","coordinates":[18.55795,47.72585]},"properties":{"kshId":"29355","name":"Bajót","county":"Komárom-Esztergom","district":"Esztergomi","population":1597}},{"type":"Feature","geometry":{"type":"Point","coordinates":[16.84558,46.73063]},"properties":{"kshId":"04738","name":"Bak","county":"Zala","district":"Zalaegerszegi","population":1514}},{"type":"Feature","geometry":{"type":"Point","coordinates":[17.35937,46.10824]},"properties":{"kshId":"14395","name":"Bakháza","county":"Somogy","district":"Nagyatádi","population":163}},{"type":"Feature","geometry":{"type":"Point","coordinates":[17.99977,46.20721]},"properties":{"kshId":"22275","name":"Bakóca","county":"Baranya","district":"Hegyháti","population":267}},{"type":"Feature","geometry":{"type":"Point","coordinates":[21.44546,47.18953]},"properties":{"kshId":"15167","name":"Bakonszeg","county":"Hajdú-Bihar","district":"Berettyóújfalui","population":1073}},{"type":"Feature","geometry":{"type":"Point","coordinates":[18.08047,46.08529]},"properties":{"kshId":"08299","name":"Bakonya","county":"Baranya","district":"Pécsi","population":365}},{"type":"Feature","geometry":{"type":"Point","coordinates":[17.90339,47.46815]},"properties":{"kshId":"24244","name":"Bakonybánk","county":"Komárom-Esztergom","district":"Kisbéri","population":374}},{"type":"Feature","geometry":{"type":"Point","coordinates":[17.72802,47.25511]},"properties":{"kshId":"23746","name":"Bakonybél","county":"Veszprém","district":"Zirci","population":1090}},{"type":"Feature","geometry":{"type":"Point","coordinates":[18.085,47.31948]},"properties":{"kshId":"08730","name":"Bakonycsernye","county":"Fejér","district":"Móri","population":2971}},{"type":"Feature","geometry":{"type":"Point","coordinates":[17.80468,47.41793]},"properties":{"kshId":"28936","name":"Bakonygyirót","county":"Győr-Moson-Sopron","district":"Pannonhalmi","population":162}},{"type":"Feature","geometry":{"type":"Point","coordinates":[17.59824,47.22616]},"properties":{"kshId":"29513","name":"Bakonyjákó","county":"Veszprém","district":"Pápai","population":670}},{"type":"Feature","geometry":{"type":"Point","coordinates":[17.68665,47.33048]},"properties":{"kshId":"07287","name":"Bakonykoppány","county":"Veszprém","district":"Pápai","population":184}},{"type":"Feature","geometry":{"type":"Point","coordinates":[18.19802,47.2455]},"properties":{"kshId":"23153","name":"Bakonykúti","county":"Fejér","district":"Székesfehérvári","population":146}},{"type":"Feature","geometry":{"type":"Point","coordinates":[17.96923,47.28197]},"properties":{"kshId":"25991","name":"Bakonynána","county":"Veszprém","district":"Zirci","population":913}},{"type":"Feature","geometry":{"type":"Point","coordinates":[17.92321,47.34174]},"properties":{"kshId":"30410","name":"Bakonyoszlop","county":"Veszprém","district":"Zirci","population":431}},{"type":"Feature","geometry":{"type":"Point","coordinates":[17.79753,47.46543]},"properties":{"kshId":"22062","name":"Bakonypéterd","county":"Győr-Moson-Sopron","district":"Pannonhalmi","population":287}},{"type":"Feature","geometry":{"type":"Point","coordinates":[17.48804,47.21069]},"properties":{"kshId":"06327","name":"Bakonypölöske","county":"Veszprém","district":"Pápai","population":393}},{"type":"Feature","geometry":{"type":"Point","coordinates":[17.65163,47.40044]},"properties":{"kshId":"29902","name":"Bakonyság","county":"Veszprém","district":"Pápai","population":48}},{"type":"Feature","geometry":{"type":"Point","coordinates":[18.1015,47.44796]},"properties":{"kshId":"25229","name":"Bakonysárkány","county":"Komárom-Esztergom","district":"Kisbéri","population":966}},{"type":"Feature","geometry":{"type":"Point","coordinates":[17.67181,47.39072]},"properties":{"kshId":"23922","name":"Bakonyszentiván","county":"Veszprém","district":"Pápai","population":212}},{"type":"Feature","geometry":{"type":"Point","coordinates":[17.8826,47.36393]},"properties":{"kshId":"22813","name":"Bakonyszentkirály","county":"Veszprém","district":"Zirci","population":771}},{"type":"Feature","geometry":{"type":"Point","coordinates":[17.80434,47.39074]},"properties":{"kshId":"05944","name":"Bakonyszentlászló","county":"Győr-Moson-Sopron","district":"Pannonhalmi","population":1573}},{"type":"Feature","geometry":{"type":"Point","coordinates":[17.96249,47.47034]},"properties":{"kshId":"22381","name":"Bakonyszombathely","county":"Komárom-Esztergom","district":"Kisbéri","population":1306}},{"type":"Feature","geometry":{"type":"Point","coordinates":[17.68137,47.34285]},"properties":{"kshId":"26417","name":"Bakonyszücs","county":"Veszprém","district":"Pápai","population":232}},{"type":"Feature","geometry":{"type":"Point","coordinates":[17.73323,47.41028]},"properties":{"kshId":"24129","name":"Bakonytamási","county":"Veszprém","district":"Pápai","population":536}},{"type":"Feature","geometry":{"type":"Point","coordinates":[20.10715,46.54951]},"properties":{"kshId":"29106","name":"Baks","county":"Csongrád-Csanád","district":"Kisteleki","population":1903}},{"type":"Feature","geometry":{"type":"Point","coordinates":[18.09504,45.9595]},"properties":{"kshId":"03975","name":"Baksa","county":"Baranya","district":"Sellyei","population":793}},{"type":"Feature","geometry":{"type":"Point","coordinates":[21.02761,48.36365]},"properties":{"kshId":"18184","name":"Baktakék","county":"Borsod-Abaúj-Zemplén","district":"Encsi","population":793}},{"type":"Feature","geometry":{"type":"Point","coordinates":[22.07692,47.99765]},"properties":{"kshId":"02325","name":"Baktalórántháza","county":"Szabolcs-Szatmár-Bereg","district":"Baktalórántházai","population":3494}},{"type":"Feature","geometry":{"type":"Point","coordinates":[16.8189,46.70128]},"properties":{"kshId":"15097","name":"Baktüttös","county":"Zala","district":"Zalaegerszegi","population":323}},{"type":"Feature","geometry":{"type":"Point","coordinates":[20.78821,48.32173]},"properties":{"kshId":"22521","name":"Balajt","county":"Borsod-Abaúj-Zemplén","district":"Edelényi","population":512}},{"type":"Feature","geometry":{"type":"Point","coordinates":[19.2926,48.07688]},"properties":{"kshId":"13657","name":"Balassagyarmat","county":"Nógrád","district":"Balassagyarmati","population":13706}},{"type":"Feature","geometry":{"type":"Point","coordinates":[20.00922,46.42333]},"properties":{"kshId":"23676","name":"Balástya","county":"Csongrád-Csanád","district":"Kisteleki","population":3225}},{"type":"Feature","geometry":{"type":"Point","coordinates":[20.30606,48.09445]},"properties":{"kshId":"11527","name":"Balaton","county":"Heves","district":"Bélapátfalvai","population":915}},{"type":"Feature","geometry":{"type":"Point","coordinates":[17.75268,46.88366]},"properties":{"kshId":"25308","name":"Balatonakali","county":"Veszprém","district":"Balatonfüredi","population":684}},{"type":"Feature","geometry":{"type":"Point","coordinates":[18.14394,47.02397]},"properties":{"kshId":"34421","name":"Balatonakarattya","county":"Veszprém","district":"Balatonalmádi","population":1214}},{"type":"Feature","geometry":{"type":"Point","coordinates":[18.01558,47.03028]},"properties":{"kshId":"05838","name":"Balatonalmádi","county":"Veszprém","district":"Balatonalmádi","population":10066}},{"type":"Feature","geometry":{"type":"Point","coordinates":[17.31932,46.71084]},"properties":{"kshId":"27377","name":"Balatonberény","county":"Somogy","district":"Marcali","population":1168}},{"type":"Feature","geometry":{"type":"Point","coordinates":[17.65533,46.77854]},"properties":{"kshId":"33853","name":"Balatonboglár","county":"Somogy","district":"Fonyódi","population":5298}},{"type":"Feature","geometry":{"type":"Point","coordinates":[17.66889,46.9266]},"properties":{"kshId":"03072","name":"Balatoncsicsó","county":"Veszprém","district":"Balatonfüredi","population":279}},{"type":"Feature","geometry":{"type":"Point","coordinates":[17.38131,46.80914]},"properties":{"kshId":"12238","name":"Balatonederics","county":"Veszprém","district":"Tapolcai","population":1031}},{"type":"Feature","geometry":{"type":"Point","coordinates":[17.97659,46.83624]},"properties":{"kshId":"19460","name":"Balatonendréd","county":"Somogy","district":"Siófoki","population":1300}},{"type":"Feature","geometry":{"type":"Point","coordinates":[17.49453,46.71767]},"properties":{"kshId":"20729","name":"Balatonfenyves","county":"Somogy","district":"Fonyódi","population":2022}},{"type":"Feature","geometry":{"type":"Point","coordinates":[18.21222,47.02029]},"properties":{"kshId":"29461","name":"Balatonfőkajár","county":"Veszprém","district":"Balatonalmádi","population":1301}},{"type":"Feature","geometry":{"type":"Point","coordinates":[17.87924,46.84912]},"properties":{"kshId":"07117","name":"Balatonföldvár","county":"Somogy","district":"Siófoki","population":2295}},{"type":"Feature","geometry":{"type":"Point","coordinates":[17.88889,46.95673]},"properties":{"kshId":"21175","name":"Balatonfüred","county":"Veszprém","district":"Balatonfüredi","population":12906}},{"type":"Feature","geometry":{"type":"Point","coordinates":[18.04097,47.062]},"properties":{"kshId":"02219","name":"Balatonfűzfő","county":"Veszprém","district":"Balatonalmádi","population":4448}},{"type":"Feature","geometry":{"type":"Point","coordinates":[17.35049,46.76162]},"properties":{"kshId":"17002","name":"Balatongyörök","county":"Zala","district":"Keszthelyi","population":1297}},{"type":"Feature","geometry":{"type":"Point","coordinates":[17.61553,46.91197]},"properties":{"kshId":"03638","name":"Balatonhenye","county":"Veszprém","district":"Tapolcai","population":123}},{"type":"Feature","geometry":{"type":"Point","coordinates":[18.10874,47.03551]},"properties":{"kshId":"05148","name":"Balatonkenese","county":"Veszprém","district":"Balatonalmádi","population":2570}},{"type":"Feature","geometry":{"type":"Point","coordinates":[17.37039,46.69766]},"properties":{"kshId":"07375","name":"Balatonkeresztúr","county":"Somogy","district":"Marcali","population":1664}},{"type":"Feature","geometry":{"type":"Point","coordinates":[17.69652,46.78676]},"properties":{"kshId":"33862","name":"Balatonlelle","county":"Somogy","district":"Fonyódi","population":4860}},{"type":"Feature","geometry":{"type":"Point","coordinates":[17.1791,46.59144]},"properties":{"kshId":"26462","name":"Balatonmagyaród","county":"Zala","district":"Nagykanizsai","population":398}},{"type":"Feature","geometry":{"type":"Point","coordinates":[17.37182,46.705]},"properties":{"kshId":"14562","name":"Balatonmáriafürdő","county":"Somogy","district":"Marcali","population":849}},{"type":"Feature","geometry":{"type":"Point","coordinates":[17.80022,46.80695]},"properties":{"kshId":"11916","name":"Balatonőszöd","county":"Somogy","district":"Siófoki","population":588}},{"type":"Feature","geometry":{"type":"Point","coordinates":[17.5858,46.82738]},"properties":{"kshId":"33844","name":"Balatonrendes","county":"Veszprém","district":"Tapolcai","population":171}},{"type":"Feature","geometry":{"type":"Point","coordinates":[18.13357,46.89133]},"properties":{"kshId":"16601","name":"Balatonszabadi","county":"Somogy","district":"Siófoki","population":2913}},{"type":"Feature","geometry":{"type":"Point","coordinates":[17.83419,46.82629]},"properties":{"kshId":"24907","name":"Balatonszárszó","county":"Somogy","district":"Siófoki","population":2005}},{"type":"Feature","geometry":{"type":"Point","coordinates":[17.77899,46.80604]},"properties":{"kshId":"22822","name":"Balatonszemes","county":"Somogy","district":"Siófoki","population":1644}},{"type":"Feature","geometry":{"type":"Point","coordinates":[17.29999,46.6922]},"properties":{"kshId":"21324","name":"Balatonszentgyörgy","county":"Somogy","district":"Marcali","population":1444}},{"type":"Feature","geometry":{"type":"Point","coordinates":[17.66376,46.85183]},"properties":{"kshId":"17154","name":"Balatonszepezd","county":"Veszprém","district":"Balatonfüredi","population":454}},{"type":"Feature","geometry":{"type":"Point","coordinates":[17.82921,46.96737]},"properties":{"kshId":"28501","name":"Balatonszőlős","county":"Veszprém","district":"Balatonfüredi","population":639}},{"type":"Feature","geometry":{"type":"Point","coordinates":[17.80482,46.90542]},"properties":{"kshId":"15565","name":"Balatonudvari","county":"Veszprém","district":"Balatonfüredi","population":348}},{"type":"Feature","geometry":{"type":"Point","coordinates":[17.38305,46.67598]},"properties":{"kshId":"16470","name":"Balatonújlak","county":"Somogy","district":"Marcali","population":458}},{"type":"Feature","geometry":{"type":"Point","coordinates":[18.15931,46.96417]},"properties":{"kshId":"03559","name":"Balatonvilágos","county":"Somogy","district":"Siófoki","population":1432}},{"type":"Feature","geometry":{"type":"Point","coordinates":[18.18894,47.3127]},"properties":{"kshId":"31103","name":"Balinka","county":"Fejér","district":"Móri","population":849}},{"type":"Feature","geometry":{"type":"Point","coordinates":[21.86013,47.77009]},"properties":{"kshId":"26958","name":"Balkány","county":"Szabolcs-Szatmár-Bereg","district":"Nagykállói","population":5737}},{"type":"Feature","geometry":{"type":"Point","coordinates":[19.56958,46.86055]},"properties":{"kshId":"13408","name":"Ballószög","county":"Bács-Kiskun","district":"Kecskeméti","population":4399}},{"type":"Feature","geometry":{"type":"Point","coordinates":[21.34374,47.61163]},"properties":{"kshId":"02918","name":"Balmazújváros","county":"Hajdú-Bihar","district":"Balmazújvárosi","population":17058}},{"type":"Feature","geometry":{"type":"Point","coordinates":[16.65187,47.15573]},"properties":{"kshId":"05102","name":"Balogunyom","county":"Vas","district":"Szombathelyi","population":1072}},{"type":"Feature","geometry":{"type":"Point","coordinates":[19.53618,46.35101]},"properties":{"kshId":"25937","name":"Balotaszállás","county":"Bács-Kiskun","district":"Kiskunhalasi","population":1394}},{"type":"Feature","geometry":{"type":"Point","coordinates":[21.53571,48.17194]},"properties":{"kshId":"15963","name":"Balsa","county":"Szabolcs-Szatmár-Bereg","district":"Ibrányi","population":632}},{"type":"Feature","geometry":{"type":"Point","coordinates":[17.95207,46.78166]},"properties":{"kshId":"24457","name":"Bálványos","county":"Somogy","district":"Siófoki","population":531}},{"type":"Feature","geometry":{"type":"Point","coordinates":[17.91965,47.65051]},"properties":{"kshId":"31422","name":"Bana","county":"Komárom-Esztergom","district":"Komáromi","population":1472}},{"type":"Feature","geometry":{"type":"Point","coordinates":[17.77958,47.12204]},"properties":{"kshId":"14173","name":"Bánd","county":"Veszprém","district":"Veszprémi","population":708}},{"type":"Feature","geometry":{"type":"Point","coordinates":[17.88104,45.99598]},"properties":{"kshId":"07603","name":"Bánfa","county":"Baranya","district":"Szigetvári","population":185}},{"type":"Feature","geometry":{"type":"Point","coordinates":[20.50232,48.22586]},"properties":{"kshId":"25159","name":"Bánhorváti","county":"Borsod-Abaúj-Zemplén","district":"Kazincbarcikai","population":1252}},{"type":"Feature","geometry":{"type":"Point","coordinates":[19.17359,47.92589]},"properties":{"kshId":"24341","name":"Bánk","county":"Nógrád","district":"Rétsági","population":749}},{"type":"Feature","geometry":{"type":"Point","coordinates":[16.78342,46.54581]},"properties":{"kshId":"08439","name":"Bánokszentgyörgy","county":"Zala","district":"Letenyei","population":541}},{"type":"Feature","geometry":{"type":"Point","coordinates":[20.35559,48.29714]},"properties":{"kshId":"21953","name":"Bánréve","county":"Borsod-Abaúj-Zemplén","district":"Putnoki","population":1155}},{"type":"Feature","geometry":{"type":"Point","coordinates":[18.71725,46.05181]},"properties":{"kshId":"24378","name":"Bár","county":"Baranya","district":"Mohácsi","population":549}},{"type":"Feature","geometry":{"type":"Point","coordinates":[22.43073,48.23035]},"properties":{"kshId":"26480","name":"Barabás","county":"Szabolcs-Szatmár-Bereg","district":"Vásárosnaményi","population":766}},{"type":"Feature","geometry":{"type":"Point","coordinates":[18.86578,46.9133]},"properties":{"kshId":"07047","name":"Baracs","county":"Fejér","district":"Dunaújvárosi","population":3446}},{"type":"Feature","geometry":{"type":"Point","coordinates":[18.75758,47.28579]},"properties":{"kshId":"08581","name":"Baracska","county":"Fejér","district":"Martonvásári","population":3075}},{"type":"Feature","geometry":{"type":"Point","coordinates":[21.22773,47.29377]},"properties":{"kshId":"26693","name":"Báránd","county":"Hajdú-Bihar","district":"Püspökladányi","population":2245}},{"type":"Feature","geometry":{"type":"Point","coordinates":[18.0238,45.84618]},"properties":{"kshId":"20464","name":"Baranyahídvég","county":"Baranya","district":"Sellyei","population":158}},{"type":"Feature","geometry":{"type":"Point","coordinates":[18.04339,46.27083]},"properties":{"kshId":"24749","name":"Baranyajenő","county":"Baranya","district":"Hegyháti","population":408}},{"type":"Feature","geometry":{"type":"Point","coordinates":[18.01542,46.24407]},"properties":{"kshId":"05485","name":"Baranyaszentgyörgy","county":"Baranya","district":"Hegyháti","population":108}},{"type":"Feature","geometry":{"type":"Point","coordinates":[17.29633,47.64573]},"properties":{"kshId":"06196","name":"Barbacs","county":"Győr-Moson-Sopron","district":"Csornai","population":751}},{"type":"Feature","geometry":{"type":"Point","coordinates":[17.46341,45.96051]},"properties":{"kshId":"32799","name":"Barcs","county":"Somogy","district":"Barcsi","population":9454}},{"type":"Feature","geometry":{"type":"Point","coordinates":[17.68509,46.3268]},"properties":{"kshId":"03735","name":"Bárdudvarnok","county":"Somogy","district":"Kaposvári","population":1119}},{"type":"Feature","geometry":{"type":"Point","coordinates":[16.70159,46.71648]},"properties":{"kshId":"27447","name":"Barlahida","county":"Zala","district":"Lenti","population":119}},{"type":"Feature","geometry":{"type":"Point","coordinates":[19.93384,48.10059]},"properties":{"kshId":"20048","name":"Bárna","county":"Nógrád","district":"Salgótarjáni","population":888}},{"type":"Feature","geometry":{"type":"Point","coordinates":[17.74712,46.97961]},"properties":{"kshId":"15778","name":"Barnag","county":"Veszprém","district":"Veszprémi","population":103}},{"type":"Feature","geometry":{"type":"Point","coordinates":[17.92148,47.50899]},"properties":{"kshId":"08624","name":"Bársonyos","county":"Komárom-Esztergom","district":"Kisbéri","population":682}},{"type":"Feature","geometry":{"type":"Point","coordinates":[17.78234,46.07421]},"properties":{"kshId":"15495","name":"Basal","county":"Baranya","district":"Szigetvári","population":198}},{"type":"Feature","geometry":{"type":"Point","coordinates":[21.33572,48.33379]},"properties":{"kshId":"08846","name":"Baskó","county":"Borsod-Abaúj-Zemplén","district":"Gönci","population":151}},{"type":"Feature","geometry":{"type":"Point","coordinates":[18.77492,46.12868]},"properties":{"kshId":"11712","name":"Báta","county":"Tolna","district":"Szekszárdi","population":1366}},{"type":"Feature","geometry":{"type":"Point","coordinates":[18.59891,46.22191]},"properties":{"kshId":"28909","name":"Bátaapáti","county":"Tolna","district":"Bonyhádi","population":341}},{"type":"Feature","geometry":{"type":"Point","coordinates":[18.72315,46.19321]},"properties":{"kshId":"08864","name":"Bátaszék","county":"Tolna","district":"Szekszárdi","population":5809}},{"type":"Feature","geometry":{"type":"Point","coordinates":[17.96278,46.35899]},"properties":{"kshId":"32337","name":"Baté","county":"Somogy","district":"Kaposvári","population":765}},{"type":"Feature","geometry":{"type":"Point","coordinates":[18.92792,46.10479]},"properties":{"kshId":"03656","name":"Bátmonostor","county":"Bács-Kiskun","district":"Bajai","population":1392}},{"type":"Feature","geometry":{"type":"Point","coordinates":[19.82721,47.99555]},"properties":{"kshId":"33534","name":"Bátonyterenye","county":"Nógrád","district":"Bátonyterenyei","population":11056}},{"type":"Feature","geometry":{"type":"Point","coordinates":[20.26566,47.99177]},"properties":{"kshId":"24022","name":"Bátor","county":"Heves","district":"Egri","population":369}},{"type":"Feature","geometry":{"type":"Point","coordinates":[22.27118,47.75718]},"properties":{"kshId":"02990","name":"Bátorliget","county":"Szabolcs-Szatmár-Bereg","district":"Nyírbátori","population":558}},{"type":"Feature","geometry":{"type":"Point","coordinates":[21.02189,46.28587]},"properties":{"kshId":"18102","name":"Battonya","county":"Békés","district":"Mezőkovácsházai","population":4797}},{"type":"Feature","geometry":{"type":"Point","coordinates":[18.95452,46.48742]},"properties":{"kshId":"11961","name":"Bátya","county":"Bács-Kiskun","district":"Kalocsai","population":1787}},{"type":"Feature","geometry":{"type":"Point","coordinates":[17.03574,46.98989]},"properties":{"kshId":"24864","name":"Batyk","county":"Zala","district":"Zalaszentgróti","population":383}},{"type":"Feature","geometry":{"type":"Point","coordinates":[16.72853,46.52427]},"properties":{"kshId":"18698","name":"Bázakerettye","county":"Zala","district":"Letenyei","population":709}},{"type":"Feature","geometry":{"type":"Point","coordinates":[17.24751,46.93155]},"properties":{"kshId":"07427","name":"Bazsi","county":"Veszprém","district":"Sümegi","population":410}},{"type":"Feature","geometry":{"type":"Point","coordinates":[17.60067,47.34403]},"properties":{"kshId":"22901","name":"Béb","county":"Veszprém","district":"Pápai","population":249}},{"type":"Feature","geometry":{"type":"Point","coordinates":[16.79165,46.44762]},"properties":{"kshId":"23144","name":"Becsehely","county":"Zala","district":"Letenyei","population":1868}},{"type":"Feature","geometry":{"type":"Point","coordinates":[19.37634,47.91005]},"properties":{"kshId":"12016","name":"Becske","county":"Nógrád","district":"Balassagyarmati","population":469}},{"type":"Feature","geometry":{"type":"Point","coordinates":[20.83519,48.52968]},"properties":{"kshId":"27049","name":"Becskeháza","county":"Borsod-Abaúj-Zemplén","district":"Edelényi","population":40}},{"type":"Feature","geometry":{"type":"Point","coordinates":[16.68129,46.75928]},"properties":{"kshId":"18360","name":"Becsvölgye","county":"Zala","district":"Zalaegerszegi","population":681}},{"type":"Feature","geometry":{"type":"Point","coordinates":[18.06115,46.65222]},"properties":{"kshId":"20710","name":"Bedegkér","county":"Somogy","district":"Tabi","population":384}},{"type":"Feature","geometry":{"type":"Point","coordinates":[21.75031,47.16395]},"properties":{"kshId":"33446","name":"Bedő","county":"Hajdú-Bihar","district":"Berettyóújfalui","population":282}},{"type":"Feature","geometry":{"type":"Point","coordinates":[16.92303,47.14872]},"properties":{"kshId":"10384","name":"Bejcgyertyános","county":"Vas","district":"Sárvári","population":410}},{"type":"Feature","geometry":{"type":"Point","coordinates":[17.35016,47.33175]},"properties":{"kshId":"27058","name":"Békás","county":"Veszprém","district":"Pápai","population":202}},{"type":"Feature","geometry":{"type":"Point","coordinates":[21.17114,48.15159]},"properties":{"kshId":"06929","name":"Bekecs","county":"Borsod-Abaúj-Zemplén","district":"Szerencsi","population":2149}},{"type":"Feature","geometry":{"type":"Point","coordinates":[21.13259,46.77174]},"properties":{"kshId":"09760","name":"Békés","county":"Békés","district":"Békési","population":17282}},{"type":"Feature","geometry":{"type":"Point","coordinates":[21.09854,46.6798]},"properties":{"kshId":"15200","name":"Békéscsaba","county":"Békés","district":"Békéscsabai","population":53944}},{"type":"Feature","geometry":{"type":"Point","coordinates":[20.62201,46.41596]},"properties":{"kshId":"26189","name":"Békéssámson","county":"Békés","district":"Orosházi","population":2124}},{"type":"Feature","geometry":{"type":"Point","coordinates":[20.48513,46.87171]},"properties":{"kshId":"02680","name":"Békésszentandrás","county":"Békés","district":"Szarvasi","population":3275}},{"type":"Feature","geometry":{"type":"Point","coordinates":[20.2759,48.08099]},"properties":{"kshId":"04400","name":"Bekölce","county":"Heves","district":"Bélapátfalvai","population":592}},{"type":"Feature","geometry":{"type":"Point","coordinates":[20.34487,48.05172]},"properties":{"kshId":"33260","name":"Bélapátfalva","county":"Heves","district":"Bélapátfalvai","population":2738}},{"type":"Feature","geometry":{"type":"Point","coordinates":[17.21493,46.12169]},"properties":{"kshId":"06910","name":"Bélavár","county":"Somogy","district":"Barcsi","population":280}},{"type":"Feature","geometry":{"type":"Point","coordinates":[18.41595,46.64183]},"properties":{"kshId":"28662","name":"Belecska","county":"Tolna","district":"Tamási","population":306}},{"type":"Feature","geometry":{"type":"Point","coordinates":[17.08988,47.46611]},"properties":{"kshId":"10588","name":"Beled","county":"Győr-Moson-Sopron","district":"Kapuvári","population":2394}},{"type":"Feature","geometry":{"type":"Point","coordinates":[17.41157,46.3168]},"properties":{"kshId":"17127","name":"Beleg","county":"Somogy","district":"Nagyatádi","population":588}},{"type":"Feature","geometry":{"type":"Point","coordinates":[16.94113,46.32846]},"properties":{"kshId":"09168","name":"Belezna","county":"Zala","district":"Nagykanizsai","population":596}},{"type":"Feature","geometry":{"type":"Point","coordinates":[21.17895,46.87201]},"properties":{"kshId":"19390","name":"Bélmegyer","county":"Békés","district":"Békési","population":773}},{"type":"Feature","geometry":{"type":"Point","coordinates":[18.82552,47.18212]},"properties":{"kshId":"08466","name":"Beloiannisz","county":"Fejér","district":"Dunaújvárosi","population":987}},{"type":"Feature","geometry":{"type":"Point","coordinates":[16.4716,46.64261]},"properties":{"kshId":"20950","name":"Belsősárd","county":"Zala","district":"Lenti","population":101}},{"type":"Feature","geometry":{"type":"Point","coordinates":[18.43274,45.97295]},"properties":{"kshId":"19008","name":"Belvárdgyula","county":"Baranya","district":"Bólyi","population":345}},{"type":"Feature","geometry":{"type":"Point","coordinates":[22.23263,48.30193]},"properties":{"kshId":"25441","name":"Benk","county":"Szabolcs-Szatmár-Bereg","district":"Záhonyi","population":401}},{"type":"Feature","geometry":{"type":"Point","coordinates":[19.53989,47.35534]},"properties":{"kshId":"25098","name":"Bénye","county":"Pest","district":"Monori","population":1233}},{"type":"Feature","geometry":{"type":"Point","coordinates":[19.50186,47.86529]},"properties":{"kshId":"32911","name":"Bér","county":"Nógrád","district":"Pásztói","population":373}},{"type":"Feature","geometry":{"type":"Point","coordinates":[16.9665,47.00811]},"properties":{"kshId":"32124","name":"Bérbaltavár","county":"Vas","district":"Vasvári","population":481}},{"type":"Feature","geometry":{"type":"Point","coordinates":[19.40352,47.86985]},"properties":{"kshId":"02389","name":"Bercel","county":"Nógrád","district":"Balassagyarmati","population":1728}},{"type":"Feature","geometry":{"type":"Point","coordinates":[22.53093,48.19709]},"properties":{"kshId":"28246","name":"Beregdaróc","county":"Szabolcs-Szatmár-Bereg","district":"Vásárosnaményi","population":823}},{"type":"Feature","geometry":{"type":"Point","coordinates":[22.5481,48.16156]},"properties":{"kshId":"20677","name":"Beregsurány","county":"Szabolcs-Szatmár-Bereg","district":"Vásárosnaményi","population":599}},{"type":"Feature","geometry":{"type":"Point","coordinates":[21.68359,47.06501]},"properties":{"kshId":"18467","name":"Berekböszörmény","county":"Hajdú-Bihar","district":"Berettyóújfalui","population":1677}},{"type":"Feature","geometry":{"type":"Point","coordinates":[20.83793,47.38635]},"properties":{"kshId":"34005","name":"Berekfürdő","county":"Jász-Nagykun-Szolnok","district":"Karcagi","population":1039}},{"type":"Feature","geometry":{"type":"Point","coordinates":[18.43456,45.78471]},"properties":{"kshId":"31927","name":"Beremend","county":"Baranya","district":"Siklósi","population":2076}},{"type":"Feature","geometry":{"type":"Point","coordinates":[20.66454,48.23186]},"properties":{"kshId":"34290","name":"Berente","county":"Borsod-Abaúj-Zemplén","district":"Kazincbarcikai","population":1017}},{"type":"Feature","geometry":{"type":"Point","coordinates":[21.0239,48.34323]},"properties":{"kshId":"29674","name":"Beret","county":"Borsod-Abaúj-Zemplén","district":"Encsi","population":323}},{"type":"Feature","geometry":{"type":"Point","coordinates":[21.53552,47.22473]},"properties":{"kshId":"12788","name":"Berettyóújfalu","county":"Hajdú-Bihar","district":"Berettyóújfalui","population":13924}},{"type":"Feature","geometry":{"type":"Point","coordinates":[18.13394,47.11099]},"properties":{"kshId":"33127","name":"Berhida","county":"Veszprém","district":"Várpalotai","population":5698}},{"type":"Feature","geometry":{"type":"Point","coordinates":[19.07261,47.88789]},"properties":{"kshId":"09034","name":"Berkenye","county":"Nógrád","district":"Rétsági","population":795}},{"type":"Feature","geometry":{"type":"Point","coordinates":[18.40853,46.07616]},"properties":{"kshId":"16461","name":"Berkesd","county":"Baranya","district":"Pécsi","population":763}},{"type":"Feature","geometry":{"type":"Point","coordinates":[21.97873,48.09215]},"properties":{"kshId":"07472","name":"Berkesz","county":"Szabolcs-Szatmár-Bereg","district":"Kemecsei","population":795}},{"type":"Feature","geometry":{"type":"Point","coordinates":[18.91399,48.03817]},"properties":{"kshId":"18777","name":"Bernecebaráti","county":"Pest","district":"Szobi","population":791}},{"type":"Feature","geometry":{"type":"Point","coordinates":[20.95731,48.02448]},"properties":{"kshId":"26356","name":"Berzék","county":"Borsod-Abaúj-Zemplén","district":"Miskolci","population":1002}},{"type":"Feature","geometry":{"type":"Point","coordinates":[17.14848,46.20598]},"properties":{"kshId":"30119","name":"Berzence","county":"Somogy","district":"Csurgói","population":2242}},{"type":"Feature","geometry":{"type":"Point","coordinates":[17.96635,45.89525]},"properties":{"kshId":"30049","name":"Besence","county":"Baranya","district":"Sellyei","population":101}},{"type":"Feature","geometry":{"type":"Point","coordinates":[22.0114,47.96357]},"properties":{"kshId":"13639","name":"Besenyőd","county":"Szabolcs-Szatmár-Bereg","district":"Baktalórántházai","population":698}},{"type":"Feature","geometry":{"type":"Point","coordinates":[20.42789,47.69837]},"properties":{"kshId":"27517","name":"Besenyőtelek","county":"Heves","district":"Füzesabonyi","population":2429}},{"type":"Feature","geometry":{"type":"Point","coordinates":[20.25715,47.296]},"properties":{"kshId":"11305","name":"Besenyszög","county":"Jász-Nagykun-Szolnok","district":"Szolnoki","population":3095}},{"type":"Feature","geometry":{"type":"Point","coordinates":[18.79365,47.19146]},"properties":{"kshId":"16346","name":"Besnyő","county":"Fejér","district":"Dunaújvárosi","population":1773}},{"type":"Feature","geometry":{"type":"Point","coordinates":[21.83826,48.15668]},"properties":{"kshId":"21227","name":"Beszterec","county":"Szabolcs-Szatmár-Bereg","district":"Kemecsei","population":861}},{"type":"Feature","geometry":{"type":"Point","coordinates":[18.58716,45.86688]},"properties":{"kshId":"14119","name":"Bezedek","county":"Baranya","district":"Mohácsi","population":178}},{"type":"Feature","geometry":{"type":"Point","coordinates":[17.21621,47.96212]},"properties":{"kshId":"29805","name":"Bezenye","county":"Győr-Moson-Sopron","district":"Mosonmagyaróvári","population":1324}},{"type":"Feature","geometry":{"type":"Point","coordinates":[17.01296,46.86924]},"properties":{"kshId":"12830","name":"Bezeréd","county":"Zala","district":"Zalaegerszegi","population":144}},{"type":"Feature","geometry":{"type":"Point","coordinates":[17.39194,47.67435]},"properties":{"kshId":"10560","name":"Bezi","county":"Győr-Moson-Sopron","district":"Győri","population":493}},{"type":"Feature","geometry":{"type":"Point","coordinates":[18.82329,47.47394]},"properties":{"kshId":"08891","name":"Biatorbágy","county":"Pest","district":"Budakeszi","population":15444}},{"type":"Feature","geometry":{"type":"Point","coordinates":[18.08155,46.02256]},"properties":{"kshId":"13310","name":"Bicsérd","county":"Baranya","district":"Szentlőrinci","population":986}},{"type":"Feature","geometry":{"type":"Point","coordinates":[18.6358,47.49071]},"properties":{"kshId":"10481","name":"Bicske","county":"Fejér","district":"Bicskei","population":11248}},{"type":"Feature","geometry":{"type":"Point","coordinates":[21.31611,47.22887]},"properties":{"kshId":"25256","name":"Bihardancsháza","county":"Hajdú-Bihar","district":"Püspökladányi","population":154}},{"type":"Feature","geometry":{"type":"Point","coordinates":[21.71794,47.12494]},"properties":{"kshId":"19956","name":"Biharkeresztes","county":"Hajdú-Bihar","district":"Berettyóújfalui","population":3921}},{"type":"Feature","geometry":{"type":"Point","coordinates":[21.22852,47.2124]},"properties":{"kshId":"24828","name":"Biharnagybajom","county":"Hajdú-Bihar","district":"Püspökladányi","population":2327}},{"type":"Feature","geometry":{"type":"Point","coordinates":[21.3528,47.21415]},"properties":{"kshId":"29887","name":"Bihartorda","county":"Hajdú-Bihar","district":"Püspökladányi","population":836}},{"type":"Feature","geometry":{"type":"Point","coordinates":[21.59509,46.96891]},"properties":{"kshId":"29610","name":"Biharugra","county":"Békés","district":"Sarkadi","population":709}},{"type":"Feature","geometry":{"type":"Point","coordinates":[18.66369,46.67599]},"properties":{"kshId":"11970","name":"Bikács","county":"Tolna","district":"Paksi","population":392}},{"type":"Feature","geometry":{"type":"Point","coordinates":[18.28659,46.3344]},"properties":{"kshId":"04899","name":"Bikal","county":"Baranya","district":"Komlói","population":621}},{"type":"Feature","geometry":{"type":"Point","coordinates":[21.85095,47.8123]},"properties":{"kshId":"02945","name":"Biri","county":"Szabolcs-Szatmár-Bereg","district":"Nagykállói","population":1223}},{"type":"Feature","geometry":{"type":"Point","coordinates":[18.37568,45.99748]},"properties":{"kshId":"05139","name":"Birján","county":"Baranya","district":"Pécsi","population":511}},{"type":"Feature","geometry":{"type":"Point","coordinates":[18.25923,45.90776]},"properties":{"kshId":"24925","name":"Bisse","county":"Baranya","district":"Siklósi","population":223}},{"type":"Feature","geometry":{"type":"Point","coordinates":[17.18708,47.18459]},"properties":{"kshId":"29203","name":"Boba","county":"Vas","district":"Celldömölki","population":732}},{"type":"Feature","geometry":{"type":"Point","coordinates":[16.84403,46.7789]},"properties":{"kshId":"17543","name":"Bocfölde","county":"Zala","district":"Zalaegerszegi","population":1132}},{"type":"Feature","geometry":{"type":"Point","coordinates":[20.18731,47.64206]},"properties":{"kshId":"22354","name":"Boconád","county":"Heves","district":"Hevesi","population":1217}},{"type":"Feature","geometry":{"type":"Point","coordinates":[19.48198,46.61387]},"properties":{"kshId":"08305","name":"Bócsa","county":"Bács-Kiskun","district":"Kiskőrösi","population":1798}},{"type":"Feature","geometry":{"type":"Point","coordinates":[16.91615,46.55615]},"properties":{"kshId":"31291","name":"Bocska","county":"Zala","district":"Nagykanizsai","population":277}},{"type":"Feature","geometry":{"type":"Point","coordinates":[21.66095,47.64552]},"properties":{"kshId":"34102","name":"Bocskaikert","county":"Hajdú-Bihar","district":"Hajdúhadházi","population":4191}},{"type":"Feature","geometry":{"type":"Point","coordinates":[18.04783,46.08086]},"properties":{"kshId":"20899","name":"Boda","county":"Baranya","district":"Szentlőrinci","population":415}},{"type":"Feature","geometry":{"type":"Point","coordinates":[18.2331,47.3227]},"properties":{"kshId":"18254","name":"Bodajk","county":"Fejér","district":"Móri","population":3801}},{"type":"Feature","geometry":{"type":"Point","coordinates":[18.53703,47.45061]},"properties":{"kshId":"11624","name":"Bodmér","county":"Fejér","district":"Bicskei","population":235}},{"type":"Feature","geometry":{"type":"Point","coordinates":[18.1186,46.19788]},"properties":{"kshId":"33002","name":"Bodolyabér","county":"Baranya","district":"Komlói","population":197}},{"type":"Feature","geometry":{"type":"Point","coordinates":[17.40733,47.56491]},"properties":{"kshId":"06220","name":"Bodonhely","county":"Győr-Moson-Sopron","district":"Csornai","population":361}},{"type":"Feature","geometry":{"type":"Point","coordinates":[20.02381,47.94229]},"properties":{"kshId":"14933","name":"Bodony","county":"Heves","district":"Pétervásárai","population":674}},{"type":"Feature","geometry":{"type":"Point","coordinates":[17.34298,47.07597]},"properties":{"kshId":"04321","name":"Bodorfa","county":"Veszprém","district":"Sümegi","population":89}},{"type":"Feature","geometry":{"type":"Point","coordinates":[17.6532,46.48685]},"properties":{"kshId":"10506","name":"Bodrog","county":"Somogy","district":"Kaposvári","population":364}},{"type":"Feature","geometry":{"type":"Point","coordinates":[21.70488,48.30357]},"properties":{"kshId":"23737","name":"Bodroghalom","county":"Borsod-Abaúj-Zemplén","district":"Cigándi","population":1142}},{"type":"Feature","geometry":{"type":"Point","coordinates":[21.36066,48.15876]},"properties":{"kshId":"30784","name":"Bodrogkeresztúr","county":"Borsod-Abaúj-Zemplén","district":"Tokaji","population":824}},{"type":"Feature","geometry":{"type":"Point","coordinates":[21.35745,48.17283]},"properties":{"kshId":"33808","name":"Bodrogkisfalud","county":"Borsod-Abaúj-Zemplén","district":"Tokaji","population":754}},{"type":"Feature","geometry":{"type":"Point","coordinates":[21.51763,48.28765]},"properties":{"kshId":"14401","name":"Bodrogolaszi","county":"Borsod-Abaúj-Zemplén","district":"Sárospataki","population":802}},{"type":"Feature","geometry":{"type":"Point","coordinates":[20.80396,48.54115]},"properties":{"kshId":"27429","name":"Bódvalenke","county":"Borsod-Abaúj-Zemplén","district":"Edelényi","population":298}},{"type":"Feature","geometry":{"type":"Point","coordinates":[20.73641,48.51034]},"properties":{"kshId":"33303","name":"Bódvarákó","county":"Borsod-Abaúj-Zemplén","district":"Edelényi","population":77}},{"type":"Feature","geometry":{"type":"Point","coordinates":[20.73157,48.53685]},"properties":{"kshId":"05926","name":"Bódvaszilas","county":"Borsod-Abaúj-Zemplén","district":"Edelényi","population":887}},{"type":"Feature","geometry":{"type":"Point","coordinates":[20.53145,47.90412]},"properties":{"kshId":"25195","name":"Bogács","county":"Borsod-Abaúj-Zemplén","district":"Mezőkövesdi","population":1909}},{"type":"Feature","geometry":{"type":"Point","coordinates":[18.32219,46.08393]},"properties":{"kshId":"32151","name":"Bogád","county":"Baranya","district":"Pécsi","population":1056}},{"type":"Feature","geometry":{"type":"Point","coordinates":[18.04519,45.90633]},"properties":{"kshId":"21892","name":"Bogádmindszent","county":"Baranya","district":"Sellyei","population":364}},{"type":"Feature","geometry":{"type":"Point","coordinates":[17.78954,45.87392]},"properties":{"kshId":"10694","name":"Bogdása","county":"Baranya","district":"Sellyei","population":223}},{"type":"Feature","geometry":{"type":"Point","coordinates":[18.8167,46.38324]},"properties":{"kshId":"03425","name":"Bogyiszló","county":"Tolna","district":"Tolnai","population":1970}},{"type":"Feature","geometry":{"type":"Point","coordinates":[17.1863,47.55918]},"properties":{"kshId":"04367","name":"Bogyoszló","county":"Győr-Moson-Sopron","district":"Csornai","population":587}},{"type":"Feature","geometry":{"type":"Point","coordinates":[21.73473,47.19361]},"properties":{"kshId":"14137","name":"Bojt","county":"Hajdú-Bihar","district":"Berettyóújfalui","population":458}},{"type":"Feature","geometry":{"type":"Point","coordinates":[17.10603,46.77359]},"properties":{"kshId":"19929","name":"Bókaháza","county":"Zala","district":"Keszthelyi","population":248}},{"type":"Feature","geometry":{"type":"Point","coordinates":[18.24208,47.49341]},"properties":{"kshId":"07311","name":"Bokod","county":"Komárom-Esztergom","district":"Oroszlányi","population":2128}},{"type":"Feature","geometry":{"type":"Point","coordinates":[19.54042,47.93364]},"properties":{"kshId":"03841","name":"Bokor","county":"Nógrád","district":"Pásztói","population":83}},{"type":"Feature","geometry":{"type":"Point","coordinates":[19.69543,47.6012]},"properties":{"kshId":"03452","name":"Boldog","county":"Heves","district":"Hatvani","population":2833}},{"type":"Feature","geometry":{"type":"Point","coordinates":[17.83812,46.17943]},"properties":{"kshId":"13116","name":"Boldogasszonyfa","county":"Baranya","district":"Szigetvári","population":371}},{"type":"Feature","geometry":{"type":"Point","coordinates":[21.24355,48.31925]},"properties":{"kshId":"18944","name":"Boldogkőújfalu","county":"Borsod-Abaúj-Zemplén","district":"Gönci","population":628}},{"type":"Feature","geometry":{"type":"Point","coordinates":[21.23781,48.33821]},"properties":{"kshId":"14474","name":"Boldogkőváralja","county":"Borsod-Abaúj-Zemplén","district":"Gönci","population":1004}},{"type":"Feature","geometry":{"type":"Point","coordinates":[20.78842,48.21718]},"properties":{"kshId":"08396","name":"Boldva","county":"Borsod-Abaúj-Zemplén","district":"Edelényi","population":2407}},{"type":"Feature","geometry":{"type":"Point","coordinates":[17.27188,46.26333]},"properties":{"kshId":"13994","name":"Bolhás","county":"Somogy","district":"Nagyatádi","population":379}},{"type":"Feature","geometry":{"type":"Point","coordinates":[17.29785,46.03842]},"properties":{"kshId":"18120","name":"Bolhó","county":"Somogy","district":"Barcsi","population":636}},{"type":"Feature","geometry":{"type":"Point","coordinates":[18.51615,45.96928]},"properties":{"kshId":"33154","name":"Bóly","county":"Baranya","district":"Bólyi","population":3684}},{"type":"Feature","geometry":{"type":"Point","coordinates":[16.73844,46.86865]},"properties":{"kshId":"10782","name":"Boncodfölde","county":"Zala","district":"Zalaegerszegi","population":388}},{"type":"Feature","geometry":{"type":"Point","coordinates":[18.53219,46.29842]},"properties":{"kshId":"06497","name":"Bonyhád","county":"Tolna","district":"Bonyhádi","population":11788}},{"type":"Feature","geometry":{"type":"Point","coordinates":[18.47997,46.37034]},"properties":{"kshId":"14818","name":"Bonyhádvarasd","county":"Tolna","district":"Bonyhádi","population":380}},{"type":"Feature","geometry":{"type":"Point","coordinates":[17.90118,46.59455]},"properties":{"kshId":"22673","name":"Bonnya","county":"Somogy","district":"Tabi","population":195}},{"type":"Feature","geometry":{"type":"Point","coordinates":[19.92178,46.32163]},"properties":{"kshId":"08192","name":"Bordány","county":"Csongrád-Csanád","district":"Mórahalmi","population":3232}},{"type":"Feature","geometry":{"type":"Point","coordinates":[17.07986,47.16183]},"properties":{"kshId":"03090","name":"Borgáta","county":"Vas","district":"Celldömölki","population":280}},{"type":"Feature","geometry":{"type":"Point","coordinates":[18.46836,45.93532]},"properties":{"kshId":"06725","name":"Borjád","county":"Baranya","district":"Bólyi","population":379}},{"type":"Feature","geometry":{"type":"Point","coordinates":[19.22317,46.26568]},"properties":{"kshId":"19327","name":"Borota","county":"Bács-Kiskun","district":"Jánoshalmai","population":1089}},{"type":"Feature","geometry":{"type":"Point","coordinates":[16.78419,46.50132]},"properties":{"kshId":"10056","name":"Borsfa","county":"Zala","district":"Letenyei","population":659}},{"type":"Feature","geometry":{"type":"Point","coordinates":[20.39638,48.21181]},"properties":{"kshId":"30669","name":"Borsodbóta","county":"Borsod-Abaúj-Zemplén","district":"Ózdi","population":765}},{"type":"Feature","geometry":{"type":"Point","coordinates":[20.69323,47.95764]},"properties":{"kshId":"16124","name":"Borsodgeszt","county":"Borsod-Abaúj-Zemplén","district":"Mezőkövesdi","population":257}},{"type":"Feature","geometry":{"type":"Point","coordinates":[20.6555,47.69831]},"properties":{"kshId":"06707","name":"Borsodivánka","county":"Borsod-Abaúj-Zemplén","district":"Mezőkövesdi","population":648}},{"type":"Feature","geometry":{"type":"Point","coordinates":[20.24618,48.12303]},"properties":{"kshId":"05315","name":"Borsodnádasd","county":"Borsod-Abaúj-Zemplén","district":"Ózdi","population":2767}},{"type":"Feature","geometry":{"type":"Point","coordinates":[20.20331,48.1881]},"properties":{"kshId":"30207","name":"Borsodszentgyörgy","county":"Borsod-Abaúj-Zemplén","district":"Ózdi","population":999}},{"type":"Feature","geometry":{"type":"Point","coordinates":[20.76695,48.26105]},"properties":{"kshId":"16799","name":"Borsodszirák","county":"Borsod-Abaúj-Zemplén","district":"Edelényi","population":1187}},{"type":"Feature","geometry":{"type":"Point","coordinates":[19.11749,47.97636]},"properties":{"kshId":"09894","name":"Borsosberény","county":"Nógrád","district":"Rétsági","population":851}},{"type":"Feature","geometry":{"type":"Point","coordinates":[17.40377,47.13427]},"properties":{"kshId":"04765","name":"Borszörcsök","county":"Veszprém","district":"Devecseri","population":351}},{"type":"Feature","geometry":{"type":"Point","coordinates":[17.82883,47.29282]},"properties":{"kshId":"30252","name":"Borzavár","county":"Veszprém","district":"Zirci","population":741}},{"type":"Feature","geometry":{"type":"Point","coordinates":[18.21099,45.94965]},"properties":{"kshId":"14368","name":"Bosta","county":"Baranya","district":"Pécsi","population":120}},{"type":"Feature","geometry":{"type":"Point","coordinates":[22.80589,48.02934]},"properties":{"kshId":"22239","name":"Botpalád","county":"Szabolcs-Szatmár-Bereg","district":"Fehérgyarmati","population":599}},{"type":"Feature","geometry":{"type":"Point","coordinates":[17.86709,46.04888]},"properties":{"kshId":"13365","name":"Botykapeterd","county":"Baranya","district":"Szigetvári","population":306}},{"type":"Feature","geometry":{"type":"Point","coordinates":[16.76527,47.20733]},"properties":{"kshId":"06390","name":"Bozzai","county":"Vas","district":"Szombathelyi","population":304}},{"type":"Feature","geometry":{"type":"Point","coordinates":[16.49105,47.32506]},"properties":{"kshId":"05023","name":"Bozsok","county":"Vas","district":"Kőszegi","population":359}},{"type":"Feature","geometry":{"type":"Point","coordinates":[21.46772,48.47464]},"properties":{"kshId":"31006","name":"Bózsva","county":"Borsod-Abaúj-Zemplén","district":"Sátoraljaújhelyi","population":193}},{"type":"Feature","geometry":{"type":"Point","coordinates":[16.81545,47.36912]},"properties":{"kshId":"05476","name":"Bő","county":"Vas","district":"Sárvári","population":681}},{"type":"Feature","geometry":{"type":"Point","coordinates":[20.97164,48.03855]},"properties":{"kshId":"05306","name":"Bőcs","county":"Borsod-Abaúj-Zemplén","district":"Miskolci","population":2569}},{"type":"Feature","geometry":{"type":"Point","coordinates":[16.71726,46.83605]},"properties":{"kshId":"22877","name":"Böde","county":"Zala","district":"Zalaegerszegi","population":264}},{"type":"Feature","geometry":{"type":"Point","coordinates":[16.40256,46.64117]},"properties":{"kshId":"04163","name":"Bödeháza","county":"Zala","district":"Lenti","population":52}},{"type":"Feature","geometry":{"type":"Point","coordinates":[16.8295,47.25202]},"properties":{"kshId":"11651","name":"Bögöt","county":"Vas","district":"Sárvári","population":363}},{"type":"Feature","geometry":{"type":"Point","coordinates":[17.04367,47.08733]},"properties":{"kshId":"07296","name":"Bögöte","county":"Vas","district":"Sárvári","population":304}},{"type":"Feature","geometry":{"type":"Point","coordinates":[17.39072,46.40778]},"properties":{"kshId":"26532","name":"Böhönye","county":"Somogy","district":"Marcali","population":2073}},{"type":"Feature","geometry":{"type":"Point","coordinates":[21.75246,47.73226]},"properties":{"kshId":"11299","name":"Bököny","county":"Szabolcs-Szatmár-Bereg","district":"Nagykállói","population":2807}},{"type":"Feature","geometry":{"type":"Point","coordinates":[18.96952,46.74026]},"properties":{"kshId":"06558","name":"Bölcske","county":"Tolna","district":"Paksi","population":2568}},{"type":"Feature","geometry":{"type":"Point","coordinates":[17.86745,47.65068]},"properties":{"kshId":"33950","name":"Bőny","county":"Győr-Moson-Sopron","district":"Győri","population":2258}},{"type":"Feature","geometry":{"type":"Point","coordinates":[17.50072,47.68504]},"properties":{"kshId":"06619","name":"Börcs","county":"Győr-Moson-Sopron","district":"Győri","population":1400}},{"type":"Feature","geometry":{"type":"Point","coordinates":[16.88773,46.57912]},"properties":{"kshId":"21139","name":"Börzönce","county":"Zala","district":"Nagykanizsai","population":44}},{"type":"Feature","geometry":{"type":"Point","coordinates":[17.24937,47.69045]},"properties":{"kshId":"15501","name":"Bősárkány","county":"Győr-Moson-Sopron","district":"Csornai","population":2229}},{"type":"Feature","geometry":{"type":"Point","coordinates":[17.85036,46.22986]},"properties":{"kshId":"26277","name":"Bőszénfa","county":"Somogy","district":"Kaposvári","population":458}},{"type":"Feature","geometry":{"type":"Point","coordinates":[20.99673,47.20425]},"properties":{"kshId":"13471","name":"Bucsa","county":"Békés","district":"Szeghalmi","population":1984}},{"type":"Feature","geometry":{"type":"Point","coordinates":[16.49382,47.26397]},"properties":{"kshId":"32984","name":"Bucsu","county":"Vas","district":"Szombathelyi","population":602}},{"type":"Feature","geometry":{"type":"Point","coordinates":[16.93197,46.78796]},"properties":{"kshId":"20613","name":"Búcsúszentlászló","county":"Zala","district":"Zalaegerszegi","population":686}},{"type":"Feature","geometry":{"type":"Point","coordinates":[16.8341,46.56449]},"properties":{"kshId":"07986","name":"Bucsuta","county":"Zala","district":"Letenyei","population":205}},{"type":"Feature","geometry":{"type":"Point","coordinates":[18.80388,47.55547]},"properties":{"kshId":"03407","name":"Budajenő","county":"Pest","district":"Budakeszi","population":2678}},{"type":"Feature","geometry":{"type":"Point","coordinates":[19.04686,47.61928]},"properties":{"kshId":"23463","name":"Budakalász","county":"Pest","district":"Szentendrei","population":12088}},{"type":"Feature","geometry":{"type":"Point","coordinates":[18.92938,47.50994]},"properties":{"kshId":"12052","name":"Budakeszi","county":"Pest","district":"Budakeszi","population":15950}},{"type":"Feature","geometry":{"type":"Point","coordinates":[18.96118,47.46113]},"properties":{"kshId":"23278","name":"Budaörs","county":"Pest","district":"Budakeszi","population":29291}},{"type":"Feature","geometry":{"type":"Point","coordinates":[19.03756,47.49685]},"properties":{"kshId":"09566","name":"Budapest 01. ker.","county":"Budapest","district":"Budapest 01. ker.","population":24031}},{"type":"Feature","geometry":{"type":"Point","coordinates":[18.98391,47.54249]},"properties":{"kshId":"03179","name":"Budapest 02. ker.","county":"Budapest","district":"Budapest 02. ker.","population":85573}},{"type":"Feature","geometry":{"type":"Point","coordinates":[19.02678,47.56845]},"properties":{"kshId":"18069","name":"Budapest 03. ker.","county":"Budapest","district":"Budapest 03. ker.","population":125443}},{"type":"Feature","geometry":{"type":"Point","coordinates":[19.09533,47.57774]},"properties":{"kshId":"05467","name":"Budapest 04. ker.","county":"Budapest","district":"Budapest 04. ker.","population":94716}},{"type":"Feature","geometry":{"type":"Point","coordinates":[19.0519,47.50026]},"properties":{"kshId":"13392","name":"Budapest 05. ker.","county":"Budapest","district":"Budapest 05. ker.","population":23678}},{"type":"Feature","geometry":{"type":"Point","coordinates":[19.06781,47.50805]},"properties":{"kshId":"16586","name":"Budapest 06. ker.","county":"Budapest","district":"Budapest 06. ker.","population":35355}},{"type":"Feature","geometry":{"type":"Point","coordinates":[19.07315,47.50276]},"properties":{"kshId":"29744","name":"Budapest 07. ker.","county":"Budapest","district":"Budapest 07. ker.","population":48825}},{"type":"Feature","geometry":{"type":"Point","coordinates":[19.08453,47.4888]},"properties":{"kshId":"25405","name":"Budapest 08. ker.","county":"Budapest","district":"Budapest 08. ker.","population":71033}},{"type":"Feature","geometry":{"type":"Point","coordinates":[19.09166,47.46485]},"properties":{"kshId":"29586","name":"Budapest 09. ker.","county":"Budapest","district":"Budapest 09. ker.","population":58508}},{"type":"Feature","geometry":{"type":"Point","coordinates":[19.16016,47.48245]},"properties":{"kshId":"10700","name":"Budapest 10. ker.","county":"Budapest","district":"Budapest 10. ker.","population":74641}},{"type":"Feature","geometry":{"type":"Point","coordinates":[19.01875,47.45832]},"properties":{"kshId":"14216","name":"Budapest 11. ker.","county":"Budapest","district":"Budapest 11. ker.","population":149812}},{"type":"Feature","geometry":{"type":"Point","coordinates":[18.97866,47.50486]},"properties":{"kshId":"24697","name":"Budapest 12. ker.","county":"Budapest","district":"Budapest 12. ker.","population":55337}},{"type":"Feature","geometry":{"type":"Point","coordinates":[19.0713,47.5368]},"properties":{"kshId":"24299","name":"Budapest 13. ker.","county":"Budapest","district":"Budapest 13. ker.","population":121206}},{"type":"Feature","geometry":{"type":"Point","coordinates":[19.1147,47.52293]},"properties":{"kshId":"16337","name":"Budapest 14. ker.","county":"Budapest","district":"Budapest 14. ker.","population":118909}},{"type":"Feature","geometry":{"type":"Point","coordinates":[19.14175,47.56285]},"properties":{"kshId":"11314","name":"Budapest 15. ker.","county":"Budapest","district":"Budapest 15. ker.","population":75082}},{"type":"Feature","geometry":{"type":"Point","coordinates":[19.20425,47.51923]},"properties":{"kshId":"08208","name":"Budapest 16. ker.","county":"Budapest","district":"Budapest 16. ker.","population":72247}},{"type":"Feature","geometry":{"type":"Point","coordinates":[19.2654,47.47583]},"properties":{"kshId":"02112","name":"Budapest 17. ker.","county":"Budapest","district":"Budapest 17. ker.","population":84265}},{"type":"Feature","geometry":{"type":"Point","coordinates":[19.20994,47.42633]},"properties":{"kshId":"29285","name":"Budapest 18. ker.","county":"Budapest","district":"Budapest 18. ker.","population":99163}},{"type":"Feature","geometry":{"type":"Point","coordinates":[19.14293,47.44601]},"properties":{"kshId":"04011","name":"Budapest 19. ker.","county":"Budapest","district":"Budapest 19. ker.","population":57459}},{"type":"Feature","geometry":{"type":"Point","coordinates":[19.1235,47.43332]},"properties":{"kshId":"06026","name":"Budapest 20. ker.","county":"Budapest","district":"Budapest 20. ker.","population":61128}},{"type":"Feature","geometry":{"type":"Point","coordinates":[19.0629,47.42348]},"properties":{"kshId":"13189","name":"Budapest 21. ker.","county":"Budapest","district":"Budapest 21. ker.","population":69502}},{"type":"Feature","geometry":{"type":"Point","coordinates":[18.99957,47.41058]},"properties":{"kshId":"10214","name":"Budapest 22. ker.","county":"Budapest","district":"Budapest 22. ker.","population":56810}},{"type":"Feature","geometry":{"type":"Point","coordinates":[19.14522,47.3898]},"properties":{"kshId":"34139","name":"Budapest 23. ker.","county":"Budapest","district":"Budapest 23. ker.","population":22486}},{"type":"Feature","geometry":{"type":"Point","coordinates":[19.68214,46.6889]},"properties":{"kshId":"32823","name":"Bugac","county":"Bács-Kiskun","district":"Kiskunfélegyházi","population":2626}},{"type":"Feature","geometry":{"type":"Point","coordinates":[19.63581,46.70108]},"properties":{"kshId":"33631","name":"Bugacpusztaháza","county":"Bács-Kiskun","district":"Kiskunfélegyházi","population":254}},{"type":"Feature","geometry":{"type":"Point","coordinates":[19.15093,47.22275]},"properties":{"kshId":"32027","name":"Bugyi","county":"Pest","district":"Dabasi","population":5330}},{"type":"Feature","geometry":{"type":"Point","coordinates":[21.64649,48.09908]},"properties":{"kshId":"19707","name":"Buj","county":"Szabolcs-Szatmár-Bereg","district":"Ibrányi","population":2230}},{"type":"Feature","geometry":{"type":"Point","coordinates":[19.5451,47.88482]},"properties":{"kshId":"14234","name":"Buják","county":"Nógrád","district":"Pásztói","population":1892}},{"type":"Feature","geometry":{"type":"Point","coordinates":[17.57747,46.64871]},"properties":{"kshId":"17358","name":"Buzsák","county":"Somogy","district":"Fonyódi","population":1317}},{"type":"Feature","geometry":{"type":"Point","coordinates":[16.75331,47.3834]},"properties":{"kshId":"02431","name":"Bük","county":"Vas","district":"Kőszegi","population":3822}},{"type":"Feature","geometry":{"type":"Point","coordinates":[20.6834,47.88777]},"properties":{"kshId":"13596","name":"Bükkábrány","county":"Borsod-Abaúj-Zemplén","district":"Mezőkövesdi","population":1577}},{"type":"Feature","geometry":{"type":"Point","coordinates":[20.78042,47.98532]},"properties":{"kshId":"27890","name":"Bükkaranyos","county":"Borsod-Abaúj-Zemplén","district":"Miskolci","population":1505}},{"type":"Feature","geometry":{"type":"Point","coordinates":[20.35488,48.12858]},"properties":{"kshId":"19406","name":"Bükkmogyorósd","county":"Borsod-Abaúj-Zemplén","district":"Ózdi","population":122}},{"type":"Feature","geometry":{"type":"Point","coordinates":[17.99601,46.10976]},"properties":{"kshId":"23162","name":"Bükkösd","county":"Baranya","district":"Szentlőrinci","population":1000}},{"type":"Feature","geometry":{"type":"Point","coordinates":[20.17684,47.99113]},"properties":{"kshId":"02963","name":"Bükkszék","county":"Heves","district":"Pétervásárai","population":647}},{"type":"Feature","geometry":{"type":"Point","coordinates":[20.15546,48.05073]},"properties":{"kshId":"10621","name":"Bükkszenterzsébet","county":"Heves","district":"Pétervásárai","population":947}},{"type":"Feature","geometry":{"type":"Point","coordinates":[20.63005,48.06846]},"properties":{"kshId":"08022","name":"Bükkszentkereszt","county":"Borsod-Abaúj-Zemplén","district":"Miskolci","population":1151}},{"type":"Feature","geometry":{"type":"Point","coordinates":[20.32788,48.07073]},"properties":{"kshId":"22099","name":"Bükkszentmárton","county":"Heves","district":"Bélapátfalvai","population":333}},{"type":"Feature","geometry":{"type":"Point","coordinates":[20.5064,47.95492]},"properties":{"kshId":"32887","name":"Bükkzsérc","county":"Borsod-Abaúj-Zemplén","district":"Mezőkövesdi","population":887}},{"type":"Feature","geometry":{"type":"Point","coordinates":[17.7595,45.9643]},"properties":{"kshId":"07533","name":"Bürüs","county":"Baranya","district":"Szigetvári","population":75}},{"type":"Feature","geometry":{"type":"Point","coordinates":[17.96133,46.4553]},"properties":{"kshId":"08703","name":"Büssü","county":"Somogy","district":"Kaposvári","population":330}},{"type":"Feature","geometry":{"type":"Point","coordinates":[21.00535,48.47751]},"properties":{"kshId":"23977","name":"Büttös","county":"Borsod-Abaúj-Zemplén","district":"Encsi","population":139}},{"type":"Feature","geometry":{"type":"Point","coordinates":[16.51361,47.35393]},"properties":{"kshId":"08271","name":"Cák","county":"Vas","district":"Kőszegi","population":296}},{"type":"Feature","geometry":{"type":"Point","coordinates":[17.2862,47.69621]},"properties":{"kshId":"27085","name":"Cakóháza","county":"Győr-Moson-Sopron","district":"Csornai","population":61}},{"type":"Feature","geometry":{"type":"Point","coordinates":[18.62911,46.77047]},"properties":{"kshId":"13152","name":"Cece","county":"Fejér","district":"Sárbogárdi","population":2490}},{"type":"Feature","geometry":{"type":"Point","coordinates":[22.53867,47.93644]},"properties":{"kshId":"09681","name":"Cégénydányád","county":"Szabolcs-Szatmár-Bereg","district":"Fehérgyarmati","population":600}},{"type":"Feature","geometry":{"type":"Point","coordinates":[19.79775,47.17164]},"properties":{"kshId":"11341","name":"Cegléd","county":"Pest","district":"Ceglédi","population":36125}},{"type":"Feature","geometry":{"type":"Point","coordinates":[19.67857,47.21503]},"properties":{"kshId":"20640","name":"Ceglédbercel","county":"Pest","district":"Ceglédi","population":4248}},{"type":"Feature","geometry":{"type":"Point","coordinates":[17.15219,47.25796]},"properties":{"kshId":"27094","name":"Celldömölk","county":"Vas","district":"Celldömölki","population":9600}},{"type":"Feature","geometry":{"type":"Point","coordinates":[19.96707,48.14453]},"properties":{"kshId":"03665","name":"Cered","county":"Nógrád","district":"Salgótarjáni","population":942}},{"type":"Feature","geometry":{"type":"Point","coordinates":[16.83923,47.36144]},"properties":{"kshId":"09876","name":"Chernelházadamonya","county":"Vas","district":"Sárvári","population":207}},{"type":"Feature","geometry":{"type":"Point","coordinates":[20.20624,46.95902]},"properties":{"kshId":"22938","name":"Cibakháza","county":"Jász-Nagykun-Szolnok","district":"Kunszentmártoni","population":3546}},{"type":"Feature","geometry":{"type":"Point","coordinates":[21.89049,48.25723]},"properties":{"kshId":"03939","name":"Cigánd","county":"Borsod-Abaúj-Zemplén","district":"Cigándi","population":2780}},{"type":"Feature","geometry":{"type":"Point","coordinates":[18.55912,46.25368]},"properties":{"kshId":"19284","name":"Cikó","county":"Tolna","district":"Bonyhádi","population":879}},{"type":"Feature","geometry":{"type":"Point","coordinates":[17.02997,47.47818]},"properties":{"kshId":"15954","name":"Cirák","county":"Győr-Moson-Sopron","district":"Kapuvári","population":516}},{"type":"Feature","geometry":{"type":"Point","coordinates":[18.06727,45.81238]},"properties":{"kshId":"11086","name":"Cún","county":"Baranya","district":"Siklósi","population":184}},{"type":"Feature","geometry":{"type":"Point","coordinates":[20.65043,46.82498]},"properties":{"kshId":"31334","name":"Csabacsűd","county":"Békés","district":"Szarvasi","population":1595}},{"type":"Feature","geometry":{"type":"Point","coordinates":[20.95317,46.57464]},"properties":{"kshId":"34078","name":"Csabaszabadi","county":"Békés","district":"Békéscsabai","population":268}},{"type":"Feature","geometry":{"type":"Point","coordinates":[18.6127,47.51884]},"properties":{"kshId":"30544","name":"Csabdi","county":"Fejér","district":"Bicskei","population":1330}},{"type":"Feature","geometry":{"type":"Point","coordinates":[17.28956,47.01318]},"properties":{"kshId":"30924","name":"Csabrendek","county":"Veszprém","district":"Sümegi","population":2896}},{"type":"Feature","geometry":{"type":"Point","coordinates":[16.9517,47.41642]},"properties":{"kshId":"10047","name":"Csáfordjánosfa","county":"Győr-Moson-Sopron","district":"Soproni","population":229}},{"type":"Feature","geometry":{"type":"Point","coordinates":[22.72885,47.98475]},"properties":{"kshId":"12928","name":"Csaholc","county":"Szabolcs-Szatmár-Bereg","district":"Fehérgyarmati","population":495}},{"type":"Feature","geometry":{"type":"Point","coordinates":[18.18589,47.04468]},"properties":{"kshId":"16072","name":"Csajág","county":"Veszprém","district":"Balatonalmádi","population":761}},{"type":"Feature","geometry":{"type":"Point","coordinates":[17.27149,46.54064]},"properties":{"kshId":"03799","name":"Csákány","county":"Somogy","district":"Marcali","population":314}},{"type":"Feature","geometry":{"type":"Point","coordinates":[16.50463,46.97525]},"properties":{"kshId":"03911","name":"Csákánydoroszló","county":"Vas","district":"Körmendi","population":1674}},{"type":"Feature","geometry":{"type":"Point","coordinates":[18.3286,47.34886]},"properties":{"kshId":"05360","name":"Csákberény","county":"Fejér","district":"Móri","population":1121}},{"type":"Feature","geometry":{"type":"Point","coordinates":[18.46406,47.3918]},"properties":{"kshId":"20002","name":"Csákvár","county":"Fejér","district":"Bicskei","population":5398}},{"type":"Feature","geometry":{"type":"Point","coordinates":[20.70834,46.32592]},"properties":{"kshId":"02121","name":"Csanádalberti","county":"Csongrád-Csanád","district":"Makói","population":402}},{"type":"Feature","geometry":{"type":"Point","coordinates":[20.88461,46.5402]},"properties":{"kshId":"20455","name":"Csanádapáca","county":"Békés","district":"Orosházi","population":2283}},{"type":"Feature","geometry":{"type":"Point","coordinates":[20.7234,46.24405]},"properties":{"kshId":"05379","name":"Csanádpalota","county":"Csongrád-Csanád","district":"Makói","population":2466}},{"type":"Feature","geometry":{"type":"Point","coordinates":[17.02345,47.43257]},"properties":{"kshId":"26772","name":"Csánig","county":"Vas","district":"Sárvári","population":370}},{"type":"Feature","geometry":{"type":"Point","coordinates":[19.83015,47.64736]},"properties":{"kshId":"16841","name":"Csány","county":"Heves","district":"Hatvani","population":2068}},{"type":"Feature","geometry":{"type":"Point","coordinates":[17.90745,45.88122]},"properties":{"kshId":"19901","name":"Csányoszró","county":"Baranya","district":"Sellyei","population":531}},{"type":"Feature","geometry":{"type":"Point","coordinates":[20.11354,46.60112]},"properties":{"kshId":"22293","name":"Csanytelek","county":"Csongrád-Csanád","district":"Csongrádi","population":2556}},{"type":"Feature","geometry":{"type":"Point","coordinates":[17.08648,46.53214]},"properties":{"kshId":"06132","name":"Csapi","county":"Zala","district":"Nagykanizsai","population":139}},{"type":"Feature","geometry":{"type":"Point","coordinates":[16.9273,47.51877]},"properties":{"kshId":"08563","name":"Csapod","county":"Győr-Moson-Sopron","district":"Soproni","population":600}},{"type":"Feature","geometry":{"type":"Point","coordinates":[20.93904,46.86548]},"properties":{"kshId":"25502","name":"Csárdaszállás","county":"Békés","district":"Gyomaendrődi","population":373}},{"type":"Feature","geometry":{"type":"Point","coordinates":[18.21906,45.89432]},"properties":{"kshId":"30614","name":"Csarnóta","county":"Baranya","district":"Siklósi","population":133}},{"type":"Feature","geometry":{"type":"Point","coordinates":[22.45996,48.15996]},"properties":{"kshId":"29416","name":"Csaroda","county":"Szabolcs-Szatmár-Bereg","district":"Vásárosnaményi","population":542}},{"type":"Feature","geometry":{"type":"Point","coordinates":[18.13934,47.50146]},"properties":{"kshId":"16416","name":"Császár","county":"Komárom-Esztergom","district":"Kisbéri","population":1799}},{"type":"Feature","geometry":{"type":"Point","coordinates":[19.17849,46.42298]},"properties":{"kshId":"10472","name":"Császártöltés","county":"Bács-Kiskun","district":"Kiskőrösi","population":2038}},{"type":"Feature","geometry":{"type":"Point","coordinates":[22.7225,47.91424]},"properties":{"kshId":"09715","name":"Császló","county":"Szabolcs-Szatmár-Bereg","district":"Fehérgyarmati","population":314}},{"type":"Feature","geometry":{"type":"Point","coordinates":[18.94461,46.03653]},"properties":{"kshId":"26471","name":"Csátalja","county":"Bács-Kiskun","district":"Bajai","population":1216}},{"type":"Feature","geometry":{"type":"Point","coordinates":[16.8678,46.77799]},"properties":{"kshId":"23436","name":"Csatár","county":"Zala","district":"Zalaegerszegi","population":534}},{"type":"Feature","geometry":{"type":"Point","coordinates":[20.38338,47.28259]},"properties":{"kshId":"34175","name":"Csataszög","county":"Jász-Nagykun-Szolnok","district":"Szolnoki","population":314}},{"type":"Feature","geometry":{"type":"Point","coordinates":[17.97728,47.37926]},"properties":{"kshId":"33109","name":"Csatka","county":"Komárom-Esztergom","district":"Kisbéri","population":232}},{"type":"Feature","geometry":{"type":"Point","coordinates":[19.1441,46.19438]},"properties":{"kshId":"16373","name":"Csávoly","county":"Bács-Kiskun","district":"Bajai","population":1570}},{"type":"Feature","geometry":{"type":"Point","coordinates":[17.92504,46.18883]},"properties":{"kshId":"21591","name":"Csebény","county":"Baranya","district":"Szigetvári","population":69}},{"type":"Feature","geometry":{"type":"Point","coordinates":[19.62526,47.86547]},"properties":{"kshId":"30270","name":"Csécse","county":"Nógrád","district":"Pásztói","population":789}},{"type":"Feature","geometry":{"type":"Point","coordinates":[22.68054,47.89812]},"properties":{"kshId":"26107","name":"Csegöld","county":"Szabolcs-Szatmár-Bereg","district":"Fehérgyarmati","population":619}},{"type":"Feature","geometry":{"type":"Point","coordinates":[17.6842,47.18183]},"properties":{"kshId":"20251","name":"Csehbánya","county":"Veszprém","district":"Ajkai","population":283}},{"type":"Feature","geometry":{"type":"Point","coordinates":[16.94357,47.03681]},"properties":{"kshId":"19488","name":"Csehi","county":"Vas","district":"Vasvári","population":248}},{"type":"Feature","geometry":{"type":"Point","coordinates":[16.95566,47.04645]},"properties":{"kshId":"12724","name":"Csehimindszent","county":"Vas","district":"Vasvári","population":310}},{"type":"Feature","geometry":{"type":"Point","coordinates":[18.08887,47.68218]},"properties":{"kshId":"33640","name":"Csém","county":"Komárom-Esztergom","district":"Komáromi","population":408}},{"type":"Feature","geometry":{"type":"Point","coordinates":[19.69767,47.11838]},"properties":{"kshId":"05184","name":"Csemő","county":"Pest","district":"Ceglédi","population":4409}},{"type":"Feature","geometry":{"type":"Point","coordinates":[16.80532,47.15498]},"properties":{"kshId":"23816","name":"Csempeszkopács","county":"Vas","district":"Szombathelyi","population":305}},{"type":"Feature","geometry":{"type":"Point","coordinates":[19.86713,46.53958]},"properties":{"kshId":"32285","name":"Csengele","county":"Csongrád-Csanád","district":"Kisteleki","population":1737}},{"type":"Feature","geometry":{"type":"Point","coordinates":[22.67947,47.83637]},"properties":{"kshId":"30641","name":"Csenger","county":"Szabolcs-Szatmár-Bereg","district":"Csengeri","population":4322}},{"type":"Feature","geometry":{"type":"Point","coordinates":[22.73031,47.86608]},"properties":{"kshId":"24095","name":"Csengersima","county":"Szabolcs-Szatmár-Bereg","district":"Csengeri","population":623}},{"type":"Feature","geometry":{"type":"Point","coordinates":[22.62164,47.80508]},"properties":{"kshId":"26851","name":"Csengerújfalu","county":"Szabolcs-Szatmár-Bereg","district":"Csengeri","population":700}},{"type":"Feature","geometry":{"type":"Point","coordinates":[19.26757,46.71609]},"properties":{"kshId":"12344","name":"Csengőd","county":"Bács-Kiskun","district":"Kiskőrösi","population":1955}},{"type":"Feature","geometry":{"type":"Point","coordinates":[16.87023,47.23718]},"properties":{"kshId":"09070","name":"Csénye","county":"Vas","district":"Sárvári","population":662}},{"type":"Feature","geometry":{"type":"Point","coordinates":[21.04019,48.43449]},"properties":{"kshId":"08493","name":"Csenyéte","county":"Borsod-Abaúj-Zemplén","district":"Encsi","population":562}},{"type":"Feature","geometry":{"type":"Point","coordinates":[18.063,47.57788]},"properties":{"kshId":"18272","name":"Csép","county":"Komárom-Esztergom","district":"Kisbéri","population":332}},{"type":"Feature","geometry":{"type":"Point","coordinates":[20.13047,46.80625]},"properties":{"kshId":"13170","name":"Csépa","county":"Jász-Nagykun-Szolnok","district":"Kunszentmártoni","population":1567}},{"type":"Feature","geometry":{"type":"Point","coordinates":[16.70784,47.40159]},"properties":{"kshId":"12140","name":"Csepreg","county":"Vas","district":"Kőszegi","population":3128}},{"type":"Feature","geometry":{"type":"Point","coordinates":[16.93302,47.41745]},"properties":{"kshId":"30191","name":"Csér","county":"Győr-Moson-Sopron","district":"Soproni","population":29}},{"type":"Feature","geometry":{"type":"Point","coordinates":[17.99068,46.08122]},"properties":{"kshId":"26082","name":"Cserdi","county":"Baranya","district":"Szentlőrinci","population":371}},{"type":"Feature","geometry":{"type":"Point","coordinates":[17.88305,46.31083]},"properties":{"kshId":"25681","name":"Cserénfa","county":"Somogy","district":"Kaposvári","population":215}},{"type":"Feature","geometry":{"type":"Point","coordinates":[20.53602,47.94298]},"properties":{"kshId":"06974","name":"Cserépfalu","county":"Borsod-Abaúj-Zemplén","district":"Mezőkövesdi","population":924}},{"type":"Feature","geometry":{"type":"Point","coordinates":[20.56154,47.93388]},"properties":{"kshId":"25575","name":"Cserépváralja","county":"Borsod-Abaúj-Zemplén","district":"Mezőkövesdi","population":323}},{"type":"Feature","geometry":{"type":"Point","coordinates":[19.37553,47.98219]},"properties":{"kshId":"21935","name":"Cserháthaláp","county":"Nógrád","district":"Balassagyarmati","population":353}},{"type":"Feature","geometry":{"type":"Point","coordinates":[19.42644,47.9775]},"properties":{"kshId":"22594","name":"Cserhátsurány","county":"Nógrád","district":"Balassagyarmati","population":695}},{"type":"Feature","geometry":{"type":"Point","coordinates":[19.58027,47.93987]},"properties":{"kshId":"32319","name":"Cserhátszentiván","county":"Nógrád","district":"Pásztói","population":119}},{"type":"Feature","geometry":{"type":"Point","coordinates":[20.1951,46.8675]},"properties":{"kshId":"05795","name":"Cserkeszőlő","county":"Jász-Nagykun-Szolnok","district":"Kunszentmártoni","population":2098}},{"type":"Feature","geometry":{"type":"Point","coordinates":[18.1371,46.07867]},"properties":{"kshId":"03896","name":"Cserkút","county":"Baranya","district":"Pécsi","population":634}},{"type":"Feature","geometry":{"type":"Point","coordinates":[20.34209,48.1443]},"properties":{"kshId":"28459","name":"Csernely","county":"Borsod-Abaúj-Zemplén","district":"Ózdi","population":664}},{"type":"Feature","geometry":{"type":"Point","coordinates":[17.22647,46.80619]},"properties":{"kshId":"07135","name":"Cserszegtomaj","county":"Zala","district":"Keszthelyi","population":3504}},{"type":"Feature","geometry":{"type":"Point","coordinates":[16.69856,46.64154]},"properties":{"kshId":"10649","name":"Csertalakos","county":"Zala","district":"Zalaegerszegi","population":28}},{"type":"Feature","geometry":{"type":"Point","coordinates":[17.80278,46.09034]},"properties":{"kshId":"13851","name":"Csertő","county":"Baranya","district":"Szigetvári","population":395}},{"type":"Feature","geometry":{"type":"Point","coordinates":[17.88279,47.35431]},"properties":{"kshId":"24642","name":"Csesznek","county":"Veszprém","district":"Zirci","population":428}},{"type":"Feature","geometry":{"type":"Point","coordinates":[16.51647,46.7184]},"properties":{"kshId":"02583","name":"Csesztreg","county":"Zala","district":"Lenti","population":781}},{"type":"Feature","geometry":{"type":"Point","coordinates":[19.27758,48.01437]},"properties":{"kshId":"20145","name":"Csesztve","county":"Nógrád","district":"Balassagyarmati","population":329}},{"type":"Feature","geometry":{"type":"Point","coordinates":[17.99628,47.31716]},"properties":{"kshId":"31699","name":"Csetény","county":"Veszprém","district":"Zirci","population":1767}},{"type":"Feature","geometry":{"type":"Point","coordinates":[19.42919,47.29733]},"properties":{"kshId":"18476","name":"Csévharaszt","county":"Pest","district":"Monori","population":2165}},{"type":"Feature","geometry":{"type":"Point","coordinates":[18.3427,46.46587]},"properties":{"kshId":"11998","name":"Csibrák","county":"Tolna","district":"Dombóvári","population":270}},{"type":"Feature","geometry":{"type":"Point","coordinates":[19.47156,46.1262]},"properties":{"kshId":"15699","name":"Csikéria","county":"Bács-Kiskun","district":"Bácsalmási","population":614}},{"type":"Feature","geometry":{"type":"Point","coordinates":[18.15571,46.34047]},"properties":{"kshId":"30094","name":"Csikóstőttős","county":"Tolna","district":"Dombóvári","population":737}},{"type":"Feature","geometry":{"type":"Point","coordinates":[17.45169,47.4655]},"properties":{"kshId":"13505","name":"Csikvánd","county":"Győr-Moson-Sopron","district":"Téti","population":484}},{"type":"Feature","geometry":{"type":"Point","coordinates":[20.76782,47.88831]},"properties":{"kshId":"34111","name":"Csincse","county":"Borsod-Abaúj-Zemplén","district":"Mezőkövesdi","population":470}},{"type":"Feature","geometry":{"type":"Point","coordinates":[16.94137,47.07379]},"properties":{"kshId":"26064","name":"Csipkerek","county":"Vas","district":"Vasvári","population":388}},{"type":"Feature","geometry":{"type":"Point","coordinates":[19.42925,48.05434]},"properties":{"kshId":"05050","name":"Csitár","county":"Nógrád","district":"Balassagyarmati","population":366}},{"type":"Feature","geometry":{"type":"Point","coordinates":[21.02774,48.28193]},"properties":{"kshId":"05333","name":"Csobád","county":"Borsod-Abaúj-Zemplén","district":"Encsi","population":683}},{"type":"Feature","geometry":{"type":"Point","coordinates":[21.34016,48.04814]},"properties":{"kshId":"20774","name":"Csobaj","county":"Borsod-Abaúj-Zemplén","district":"Tokaji","population":601}},{"type":"Feature","geometry":{"type":"Point","coordinates":[18.96721,47.64369]},"properties":{"kshId":"06822","name":"Csobánka","county":"Pest","district":"Szentendrei","population":3588}},{"type":"Feature","geometry":{"type":"Point","coordinates":[18.27578,47.35639]},"properties":{"kshId":"21908","name":"Csókakő","county":"Fejér","district":"Móri","population":1576}},{"type":"Feature","geometry":{"type":"Point","coordinates":[17.44448,46.08174]},"properties":{"kshId":"05971","name":"Csokonyavisonta","county":"Somogy","district":"Barcsi","population":1450}},{"type":"Feature","geometry":{"type":"Point","coordinates":[20.37384,48.16577]},"properties":{"kshId":"14289","name":"Csokvaomány","county":"Borsod-Abaúj-Zemplén","district":"Ózdi","population":680}},{"type":"Feature","geometry":{"type":"Point","coordinates":[18.71759,47.69463]},"properties":{"kshId":"18926","name":"Csolnok","county":"Komárom-Esztergom","district":"Esztergomi","population":3098}},{"type":"Feature","geometry":{"type":"Point","coordinates":[19.83876,46.41861]},"properties":{"kshId":"12025","name":"Csólyospálos","county":"Bács-Kiskun","district":"Kiskunmajsai","population":1441}},{"type":"Feature","geometry":{"type":"Point","coordinates":[18.05093,46.37269]},"properties":{"kshId":"08040","name":"Csoma","county":"Somogy","district":"Kaposvári","population":402}},{"type":"Feature","geometry":{"type":"Point","coordinates":[19.23686,47.65476]},"properties":{"kshId":"33118","name":"Csomád","county":"Pest","district":"Dunakeszi","population":1851}},{"type":"Feature","geometry":{"type":"Point","coordinates":[17.67208,46.45209]},"properties":{"kshId":"02477","name":"Csombárd","county":"Somogy","district":"Kaposvári","population":268}},{"type":"Feature","geometry":{"type":"Point","coordinates":[20.15373,46.70976]},"properties":{"kshId":"05111","name":"Csongrád","county":"Csongrád-Csanád","district":"Csongrádi","population":15317}},{"type":"Feature","geometry":{"type":"Point","coordinates":[16.71998,46.80103]},"properties":{"kshId":"31149","name":"Csonkahegyhát","county":"Zala","district":"Zalaegerszegi","population":331}},{"type":"Feature","geometry":{"type":"Point","coordinates":[17.96648,46.05199]},"properties":{"kshId":"22576","name":"Csonkamindszent","county":"Baranya","district":"Szentlőrinci","population":179}},{"type":"Feature","geometry":{"type":"Point","coordinates":[17.92314,46.97969]},"properties":{"kshId":"02185","name":"Csopak","county":"Veszprém","district":"Balatonfüredi","population":2112}},{"type":"Feature","geometry":{"type":"Point","coordinates":[18.25695,47.20499]},"properties":{"kshId":"09779","name":"Csór","county":"Fejér","district":"Székesfehérvári","population":1914}},{"type":"Feature","geometry":{"type":"Point","coordinates":[17.2498,47.61342]},"properties":{"kshId":"04039","name":"Csorna","county":"Győr-Moson-Sopron","district":"Csornai","population":9572}},{"type":"Feature","geometry":{"type":"Point","coordinates":[20.83362,46.63041]},"properties":{"kshId":"26709","name":"Csorvás","county":"Békés","district":"Békéscsabai","population":4313}},{"type":"Feature","geometry":{"type":"Point","coordinates":[17.6034,47.36061]},"properties":{"kshId":"32878","name":"Csót","county":"Veszprém","district":"Pápai","population":903}},{"type":"Feature","geometry":{"type":"Point","coordinates":[16.54228,46.83627]},"properties":{"kshId":"27492","name":"Csöde","county":"Zala","district":"Zalaegerszegi","population":71}},{"type":"Feature","geometry":{"type":"Point","coordinates":[17.25477,47.21909]},"properties":{"kshId":"32814","name":"Csögle","county":"Veszprém","district":"Devecseri","population":511}},{"type":"Feature","geometry":{"type":"Point","coordinates":[21.29487,47.03336]},"properties":{"kshId":"12450","name":"Csökmő","county":"Hajdú-Bihar","district":"Berettyóújfalui","population":1674}},{"type":"Feature","geometry":{"type":"Point","coordinates":[17.5544,46.29918]},"properties":{"kshId":"24314","name":"Csököly","county":"Somogy","district":"Kaposvári","population":915}},{"type":"Feature","geometry":{"type":"Point","coordinates":[17.49079,46.57026]},"properties":{"kshId":"27270","name":"Csömend","county":"Somogy","district":"Marcali","population":271}},{"type":"Feature","geometry":{"type":"Point","coordinates":[16.63921,46.61139]},"properties":{"kshId":"29364","name":"Csömödér","county":"Zala","district":"Lenti","population":572}},{"type":"Feature","geometry":{"type":"Point","coordinates":[19.22421,47.54892]},"properties":{"kshId":"22804","name":"Csömör","county":"Pest","district":"Gödöllői","population":10194}},{"type":"Feature","geometry":{"type":"Point","coordinates":[17.06548,47.35212]},"properties":{"kshId":"22390","name":"Csönge","county":"Vas","district":"Celldömölki","population":335}},{"type":"Feature","geometry":{"type":"Point","coordinates":[16.63336,46.49884]},"properties":{"kshId":"33978","name":"Csörnyeföld","county":"Zala","district":"Letenyei","population":349}},{"type":"Feature","geometry":{"type":"Point","coordinates":[19.1904,47.73441]},"properties":{"kshId":"34333","name":"Csörög","county":"Pest","district":"Váci","population":2017}},{"type":"Feature","geometry":{"type":"Point","coordinates":[16.36549,46.95169]},"properties":{"kshId":"04224","name":"Csörötnek","county":"Vas","district":"Szentgotthárdi","population":742}},{"type":"Feature","geometry":{"type":"Point","coordinates":[18.4179,47.03615]},"properties":{"kshId":"06734","name":"Csősz","county":"Fejér","district":"Székesfehérvári","population":969}},{"type":"Feature","geometry":{"type":"Point","coordinates":[19.32385,47.81377]},"properties":{"kshId":"26985","name":"Csővár","county":"Pest","district":"Váci","population":621}},{"type":"Feature","geometry":{"type":"Point","coordinates":[17.09509,46.26425]},"properties":{"kshId":"21315","name":"Csurgó","county":"Somogy","district":"Csurgói","population":4279}},{"type":"Feature","geometry":{"type":"Point","coordinates":[17.08307,46.29429]},"properties":{"kshId":"10603","name":"Csurgónagymarton","county":"Somogy","district":"Csurgói","population":152}},{"type":"Feature","geometry":{"type":"Point","coordinates":[19.32031,47.18861]},"properties":{"kshId":"09247","name":"Dabas","county":"Pest","district":"Dabasi","population":17670}},{"type":"Feature","geometry":{"type":"Point","coordinates":[17.1678,47.03193]},"properties":{"kshId":"17172","name":"Dabronc","county":"Veszprém","district":"Sümegi","population":378}},{"type":"Feature","geometry":{"type":"Point","coordinates":[17.32804,47.2423]},"properties":{"kshId":"28237","name":"Dabrony","county":"Veszprém","district":"Devecseri","population":365}},{"type":"Feature","geometry":{"type":"Point","coordinates":[18.22543,47.51823]},"properties":{"kshId":"33163","name":"Dad","county":"Komárom-Esztergom","district":"Oroszlányi","population":952}},{"type":"Feature","geometry":{"type":"Point","coordinates":[18.72011,47.66221]},"properties":{"kshId":"22910","name":"Dág","county":"Komárom-Esztergom","district":"Esztergomi","population":926}},{"type":"Feature","geometry":{"type":"Point","coordinates":[17.42789,47.28652]},"properties":{"kshId":"20154","name":"Dáka","county":"Veszprém","district":"Pápai","population":643}},{"type":"Feature","geometry":{"type":"Point","coordinates":[18.19248,46.49327]},"properties":{"kshId":"29230","name":"Dalmand","county":"Tolna","district":"Dombóvári","population":1142}},{"type":"Feature","geometry":{"type":"Point","coordinates":[20.82001,48.31678]},"properties":{"kshId":"11350","name":"Damak","county":"Borsod-Abaúj-Zemplén","district":"Edelényi","population":226}},{"type":"Feature","geometry":{"type":"Point","coordinates":[22.0343,48.37747]},"properties":{"kshId":"07719","name":"Dámóc","county":"Borsod-Abaúj-Zemplén","district":"Cigándi","population":274}},{"type":"Feature","geometry":{"type":"Point","coordinates":[19.55611,47.20773]},"properties":{"kshId":"31811","name":"Dánszentmiklós","county":"Pest","district":"Ceglédi","population":2576}},{"type":"Feature","geometry":{"type":"Point","coordinates":[19.55083,47.52221]},"properties":{"kshId":"18397","name":"Dány","county":"Pest","district":"Gödöllői","population":4529}},{"type":"Feature","geometry":{"type":"Point","coordinates":[16.56928,46.959]},"properties":{"kshId":"15990","name":"Daraboshegy","county":"Vas","district":"Körmendi","population":95}},{"type":"Feature","geometry":{"type":"Point","coordinates":[17.589,45.98142]},"properties":{"kshId":"31352","name":"Darány","county":"Somogy","district":"Barcsi","population":772}},{"type":"Feature","geometry":{"type":"Point","coordinates":[22.66027,47.95805]},"properties":{"kshId":"18795","name":"Darnó","county":"Szabolcs-Szatmár-Bereg","district":"Fehérgyarmati","population":149}},{"type":"Feature","geometry":{"type":"Point","coordinates":[17.4269,47.85049]},"properties":{"kshId":"21865","name":"Darnózseli","county":"Győr-Moson-Sopron","district":"Mosonmagyaróvári","population":1615}},{"type":"Feature","geometry":{"type":"Point","coordinates":[18.84625,46.85843]},"properties":{"kshId":"34342","name":"Daruszentmiklós","county":"Fejér","district":"Dunaújvárosi","population":1044}},{"type":"Feature","geometry":{"type":"Point","coordinates":[21.3391,47.10132]},"properties":{"kshId":"14678","name":"Darvas","county":"Hajdú-Bihar","district":"Berettyóújfalui","population":447}},{"type":"Feature","geometry":{"type":"Point","coordinates":[18.92052,45.99713]},"properties":{"kshId":"10533","name":"Dávod","county":"Bács-Kiskun","district":"Bajai","population":1738}},{"type":"Feature","geometry":{"type":"Point","coordinates":[19.31623,47.96488]},"properties":{"kshId":"07320","name":"Debercsény","county":"Nógrád","district":"Balassagyarmati","population":84}},{"type":"Feature","geometry":{"type":"Point","coordinates":[21.62598,47.5314]},"properties":{"kshId":"15130","name":"Debrecen","county":"Hajdú-Bihar","district":"Debreceni","population":202130}},{"type":"Feature","geometry":{"type":"Point","coordinates":[20.866,48.49973]},"properties":{"kshId":"31954","name":"Debréte","county":"Borsod-Abaúj-Zemplén","district":"Edelényi","population":13}},{"type":"Feature","geometry":{"type":"Point","coordinates":[18.76007,46.28433]},"properties":{"kshId":"24989","name":"Decs","county":"Tolna","district":"Szekszárdi","population":3737}},{"type":"Feature","geometry":{"type":"Point","coordinates":[20.48423,48.18079]},"properties":{"kshId":"04686","name":"Dédestapolcsány","county":"Borsod-Abaúj-Zemplén","district":"Kazincbarcikai","population":1235}},{"type":"Feature","geometry":{"type":"Point","coordinates":[18.44776,46.8728]},"properties":{"kshId":"32753","name":"Dég","county":"Fejér","district":"Enyingi","population":1963}},{"type":"Feature","geometry":{"type":"Point","coordinates":[19.1712,48.03778]},"properties":{"kshId":"12511","name":"Dejtár","county":"Nógrád","district":"Balassagyarmati","population":1278}},{"type":"Feature","geometry":{"type":"Point","coordinates":[19.06691,47.24782]},"properties":{"kshId":"09973","name":"Délegyháza","county":"Pest","district":"Szigetszentmiklósi","population":6082}},{"type":"Feature","geometry":{"type":"Point","coordinates":[21.92521,48.1137]},"properties":{"kshId":"17756","name":"Demecser","county":"Szabolcs-Szatmár-Bereg","district":"Kemecsei","population":3810}},{"type":"Feature","geometry":{"type":"Point","coordinates":[20.33359,47.82946]},"properties":{"kshId":"08660","name":"Demjén","county":"Heves","district":"Egri","population":997}},{"type":"Feature","geometry":{"type":"Point","coordinates":[17.83461,45.99475]},"properties":{"kshId":"07773","name":"Dencsháza","county":"Baranya","district":"Szigetvári","population":507}},{"type":"Feature","geometry":{"type":"Point","coordinates":[17.03135,47.45683]},"properties":{"kshId":"32595","name":"Dénesfa","county":"Győr-Moson-Sopron","district":"Kapuvári","population":388}},{"type":"Feature","geometry":{"type":"Point","coordinates":[21.57092,47.35395]},"properties":{"kshId":"05573","name":"Derecske","county":"Hajdú-Bihar","district":"Derecskei","population":8366}},{"type":"Feature","geometry":{"type":"Point","coordinates":[20.35597,46.58215]},"properties":{"kshId":"07834","name":"Derekegyház","county":"Csongrád-Csanád","district":"Szentesi","population":1352}},{"type":"Feature","geometry":{"type":"Point","coordinates":[20.23889,46.21793]},"properties":{"kshId":"24077","name":"Deszk","county":"Csongrád-Csanád","district":"Szegedi","population":3990}},{"type":"Feature","geometry":{"type":"Point","coordinates":[21.01901,48.33334]},"properties":{"kshId":"10524","name":"Detek","county":"Borsod-Abaúj-Zemplén","district":"Encsi","population":267}},{"type":"Feature","geometry":{"type":"Point","coordinates":[20.0993,47.74753]},"properties":{"kshId":"09201","name":"Detk","county":"Heves","district":"Gyöngyösi","population":1114}},{"type":"Feature","geometry":{"type":"Point","coordinates":[20.9621,47.03135]},"properties":{"kshId":"24819","name":"Dévaványa","county":"Békés","district":"Gyomaendrődi","population":6450}},{"type":"Feature","geometry":{"type":"Point","coordinates":[17.43642,47.10405]},"properties":{"kshId":"32276","name":"Devecser","county":"Veszprém","district":"Devecseri","population":4137}},{"type":"Feature","geometry":{"type":"Point","coordinates":[17.95636,46.09723]},"properties":{"kshId":"11952","name":"Dinnyeberki","county":"Baranya","district":"Szentlőrinci","population":87}},{"type":"Feature","geometry":{"type":"Point","coordinates":[18.44496,46.53376]},"properties":{"kshId":"11688","name":"Diósberény","county":"Tolna","district":"Tamási","population":270}},{"type":"Feature","geometry":{"type":"Point","coordinates":[18.94486,47.40626]},"properties":{"kshId":"24013","name":"Diósd","county":"Pest","district":"Érdi","population":11693}},{"type":"Feature","geometry":{"type":"Point","coordinates":[19.0437,47.93952]},"properties":{"kshId":"06743","name":"Diósjenő","county":"Nógrád","district":"Rétsági","population":2872}},{"type":"Feature","geometry":{"type":"Point","coordinates":[17.0555,46.67475]},"properties":{"kshId":"28778","name":"Dióskál","county":"Zala","district":"Keszthelyi","population":407}},{"type":"Feature","geometry":{"type":"Point","coordinates":[18.16413,45.87638]},"properties":{"kshId":"32373","name":"Diósviszló","county":"Baranya","district":"Siklósi","population":602}},{"type":"Feature","geometry":{"type":"Point","coordinates":[17.37985,47.16597]},"properties":{"kshId":"10870","name":"Doba","county":"Veszprém","district":"Devecseri","population":444}},{"type":"Feature","geometry":{"type":"Point","coordinates":[21.24137,46.7344]},"properties":{"kshId":"33190","name":"Doboz","county":"Békés","district":"Békéscsabai","population":3903}},{"type":"Feature","geometry":{"type":"Point","coordinates":[16.58171,46.51643]},"properties":{"kshId":"25885","name":"Dobri","county":"Zala","district":"Lenti","population":123}},{"type":"Feature","geometry":{"type":"Point","coordinates":[16.74729,46.81625]},"properties":{"kshId":"32708","name":"Dobronhegy","county":"Zala","district":"Zalaegerszegi","population":167}},{"type":"Feature","geometry":{"type":"Point","coordinates":[20.13694,46.43795]},"properties":{"kshId":"30535","name":"Dóc","county":"Csongrád-Csanád","district":"Szegedi","population":661}},{"type":"Feature","geometry":{"type":"Point","coordinates":[20.10343,48.18232]},"properties":{"kshId":"25690","name":"Domaháza","county":"Borsod-Abaúj-Zemplén","district":"Ózdi","population":769}},{"type":"Feature","geometry":{"type":"Point","coordinates":[20.00345,46.24514]},"properties":{"kshId":"13383","name":"Domaszék","county":"Csongrád-Csanád","district":"Szegedi","population":4753}},{"type":"Feature","geometry":{"type":"Point","coordinates":[21.13202,46.34057]},"properties":{"kshId":"24031","name":"Dombegyház","county":"Békés","district":"Mezőkovácsházai","population":1546}},{"type":"Feature","geometry":{"type":"Point","coordinates":[21.11687,46.41962]},"properties":{"kshId":"22132","name":"Dombiratos","county":"Békés","district":"Mezőkovácsházai","population":437}},{"type":"Feature","geometry":{"type":"Point","coordinates":[18.13329,46.3779]},"properties":{"kshId":"07685","name":"Dombóvár","county":"Tolna","district":"Dombóvári","population":16752}},{"type":"Feature","geometry":{"type":"Point","coordinates":[21.92445,48.22569]},"properties":{"kshId":"14508","name":"Dombrád","county":"Szabolcs-Szatmár-Bereg","district":"Kisvárdai","population":3512}},{"type":"Feature","geometry":{"type":"Point","coordinates":[19.43844,47.65351]},"properties":{"kshId":"04808","name":"Domony","county":"Pest","district":"Aszódi","population":2209}},{"type":"Feature","geometry":{"type":"Point","coordinates":[20.11633,47.82629]},"properties":{"kshId":"07515","name":"Domoszló","county":"Heves","district":"Gyöngyösi","population":1779}},{"type":"Feature","geometry":{"type":"Point","coordinates":[20.41839,47.72153]},"properties":{"kshId":"30261","name":"Dormánd","county":"Heves","district":"Füzesabonyi","population":891}},{"type":"Feature","geometry":{"type":"Point","coordinates":[18.73144,47.72238]},"properties":{"kshId":"10490","name":"Dorog","county":"Komárom-Esztergom","district":"Esztergomi","population":11272}},{"type":"Feature","geometry":{"type":"Point","coordinates":[19.90035,47.98714]},"properties":{"kshId":"24439","name":"Dorogháza","county":"Nógrád","district":"Bátonyterenyei","population":934}},{"type":"Feature","geometry":{"type":"Point","coordinates":[16.51252,47.23349]},"properties":{"kshId":"16151","name":"Dozmat","county":"Vas","district":"Szombathelyi","population":346}},{"type":"Feature","geometry":{"type":"Point","coordinates":[16.70234,46.99122]},"properties":{"kshId":"20695","name":"Döbörhegy","county":"Vas","district":"Körmendi","population":138}},{"type":"Feature","geometry":{"type":"Point","coordinates":[17.18938,46.93726]},"properties":{"kshId":"07782","name":"Döbröce","county":"Zala","district":"Zalaszentgróti","population":92}},{"type":"Feature","geometry":{"type":"Point","coordinates":[18.23925,46.42413]},"properties":{"kshId":"02565","name":"Döbrököz","county":"Tolna","district":"Dombóvári","population":1820}},{"type":"Feature","geometry":{"type":"Point","coordinates":[17.54783,47.2279]},"properties":{"kshId":"29470","name":"Döbrönte","county":"Veszprém","district":"Pápai","population":251}},{"type":"Feature","geometry":{"type":"Point","coordinates":[22.06845,48.2588]},"properties":{"kshId":"03647","name":"Döge","county":"Szabolcs-Szatmár-Bereg","district":"Kisvárdai","population":2016}},{"type":"Feature","geometry":{"type":"Point","coordinates":[18.91109,47.76362]},"properties":{"kshId":"06594","name":"Dömös","county":"Komárom-Esztergom","district":"Esztergomi","population":1148}},{"type":"Feature","geometry":{"type":"Point","coordinates":[19.00705,47.09477]},"properties":{"kshId":"29647","name":"Dömsöd","county":"Pest","district":"Ráckevei","population":5948}},{"type":"Feature","geometry":{"type":"Point","coordinates":[17.29874,47.59794]},"properties":{"kshId":"21917","name":"Dör","county":"Győr-Moson-Sopron","district":"Csornai","population":642}},{"type":"Feature","geometry":{"type":"Point","coordinates":[17.72365,46.91566]},"properties":{"kshId":"06363","name":"Dörgicse","county":"Veszprém","district":"Balatonfüredi","population":312}},{"type":"Feature","geometry":{"type":"Point","coordinates":[16.69768,47.01233]},"properties":{"kshId":"03036","name":"Döröske","county":"Vas","district":"Körmendi","population":136}},{"type":"Feature","geometry":{"type":"Point","coordinates":[17.00695,46.94291]},"properties":{"kshId":"16009","name":"Dötk","county":"Zala","district":"Zalaszentgróti","population":43}},{"type":"Feature","geometry":{"type":"Point","coordinates":[20.54412,48.34637]},"properties":{"kshId":"06123","name":"Dövény","county":"Borsod-Abaúj-Zemplén","district":"Putnoki","population":266}},{"type":"Feature","geometry":{"type":"Point","coordinates":[19.03868,46.46716]},"properties":{"kshId":"07524","name":"Drágszél","county":"Bács-Kiskun","district":"Kalocsai","population":252}},{"type":"Feature","geometry":{"type":"Point","coordinates":[18.16655,45.81104]},"properties":{"kshId":"28617","name":"Drávacsehi","county":"Baranya","district":"Siklósi","population":155}},{"type":"Feature","geometry":{"type":"Point","coordinates":[18.13662,45.82846]},"properties":{"kshId":"28121","name":"Drávacsepely","county":"Baranya","district":"Siklósi","population":178}},{"type":"Feature","geometry":{"type":"Point","coordinates":[17.7637,45.88498]},"properties":{"kshId":"17419","name":"Drávafok","county":"Baranya","district":"Sellyei","population":426}},{"type":"Feature","geometry":{"type":"Point","coordinates":[17.60468,45.94404]},"properties":{"kshId":"13611","name":"Drávagárdony","county":"Somogy","district":"Barcsi","population":135}},{"type":"Feature","geometry":{"type":"Point","coordinates":[17.81813,45.84676]},"properties":{"kshId":"32391","name":"Drávaiványi","county":"Baranya","district":"Sellyei","population":154}},{"type":"Feature","geometry":{"type":"Point","coordinates":[17.75876,45.83941]},"properties":{"kshId":"09159","name":"Drávakeresztúr","county":"Baranya","district":"Sellyei","population":110}},{"type":"Feature","geometry":{"type":"Point","coordinates":[18.17972,45.80347]},"properties":{"kshId":"22734","name":"Drávapalkonya","county":"Baranya","district":"Siklósi","population":268}},{"type":"Feature","geometry":{"type":"Point","coordinates":[18.10057,45.84002]},"properties":{"kshId":"12380","name":"Drávapiski","county":"Baranya","district":"Siklósi","population":99}},{"type":"Feature","geometry":{"type":"Point","coordinates":[18.21289,45.80459]},"properties":{"kshId":"28608","name":"Drávaszabolcs","county":"Baranya","district":"Siklósi","population":663}},{"type":"Feature","geometry":{"type":"Point","coordinates":[18.16358,45.83634]},"properties":{"kshId":"30030","name":"Drávaszerdahely","county":"Baranya","district":"Siklósi","population":150}},{"type":"Feature","geometry":{"type":"Point","coordinates":[17.82273,45.82562]},"properties":{"kshId":"21698","name":"Drávasztára","county":"Baranya","district":"Sellyei","population":348}},{"type":"Feature","geometry":{"type":"Point","coordinates":[17.57142,45.93985]},"properties":{"kshId":"15884","name":"Drávatamási","county":"Somogy","district":"Barcsi","population":292}},{"type":"Feature","geometry":{"type":"Point","coordinates":[19.0441,48.0521]},"properties":{"kshId":"08156","name":"Drégelypalánk","county":"Nógrád","district":"Balassagyarmati","population":1322}},{"type":"Feature","geometry":{"type":"Point","coordinates":[20.49108,48.28442]},"properties":{"kshId":"27669","name":"Dubicsány","county":"Borsod-Abaúj-Zemplén","district":"Putnoki","population":238}},{"type":"Feature","geometry":{"type":"Point","coordinates":[17.94393,47.31058]},"properties":{"kshId":"02936","name":"Dudar","county":"Veszprém","district":"Zirci","population":1646}},{"type":"Feature","geometry":{"type":"Point","coordinates":[17.11232,47.12521]},"properties":{"kshId":"02927","name":"Duka","county":"Vas","district":"Celldömölki","population":231}},{"type":"Feature","geometry":{"type":"Point","coordinates":[18.33512,47.73344]},"properties":{"kshId":"33835","name":"Dunaalmás","county":"Komárom-Esztergom","district":"Tatai","population":1836}},{"type":"Feature","geometry":{"type":"Point","coordinates":[19.0352,47.79379]},"properties":{"kshId":"25362","name":"Dunabogdány","county":"Pest","district":"Szentendrei","population":3256}},{"type":"Feature","geometry":{"type":"Point","coordinates":[18.95646,46.83992]},"properties":{"kshId":"21069","name":"Dunaegyháza","county":"Bács-Kiskun","district":"Kunszentmiklósi","population":1433}},{"type":"Feature","geometry":{"type":"Point","coordinates":[18.77255,46.08385]},"properties":{"kshId":"12566","name":"Dunafalva","county":"Bács-Kiskun","district":"Bajai","population":800}},{"type":"Feature","geometry":{"type":"Point","coordinates":[18.92229,46.81043]},"properties":{"kshId":"31501","name":"Dunaföldvár","county":"Tolna","district":"Paksi","population":8249}},{"type":"Feature","geometry":{"type":"Point","coordinates":[19.09122,47.35415]},"properties":{"kshId":"09584","name":"Dunaharaszti","county":"Pest","district":"Szigetszentmiklósi","population":23700}},{"type":"Feature","geometry":{"type":"Point","coordinates":[19.12941,47.63167]},"properties":{"kshId":"18616","name":"Dunakeszi","county":"Pest","district":"Dunakeszi","population":42630}},{"type":"Feature","geometry":{"type":"Point","coordinates":[17.28823,47.96625]},"properties":{"kshId":"27739","name":"Dunakiliti","county":"Győr-Moson-Sopron","district":"Mosonmagyaróvári","population":2079}},{"type":"Feature","geometry":{"type":"Point","coordinates":[18.99901,46.64428]},"properties":{"kshId":"07861","name":"Dunapataj","county":"Bács-Kiskun","district":"Kalocsai","population":3015}},{"type":"Feature","geometry":{"type":"Point","coordinates":[17.43709,47.87664]},"properties":{"kshId":"02079","name":"Dunaremete","county":"Győr-Moson-Sopron","district":"Mosonmagyaróvári","population":255}},{"type":"Feature","geometry":{"type":"Point","coordinates":[17.54007,47.76965]},"properties":{"kshId":"21078","name":"Dunaszeg","county":"Győr-Moson-Sopron","district":"Győri","population":2324}},{"type":"Feature","geometry":{"type":"Point","coordinates":[18.75974,46.08492]},"properties":{"kshId":"09186","name":"Dunaszekcső","county":"Baranya","district":"Mohácsi","population":1723}},{"type":"Feature","geometry":{"type":"Point","coordinates":[18.8944,46.59387]},"properties":{"kshId":"11606","name":"Dunaszentbenedek","county":"Bács-Kiskun","district":"Kalocsai","population":734}},{"type":"Feature","geometry":{"type":"Point","coordinates":[18.8119,46.53001]},"properties":{"kshId":"09539","name":"Dunaszentgyörgy","county":"Tolna","district":"Paksi","population":2408}},{"type":"Feature","geometry":{"type":"Point","coordinates":[18.38129,47.70439]},"properties":{"kshId":"24101","name":"Dunaszentmiklós","county":"Komárom-Esztergom","district":"Tatai","population":554}},{"type":"Feature","geometry":{"type":"Point","coordinates":[17.50683,47.7766]},"properties":{"kshId":"15875","name":"Dunaszentpál","county":"Győr-Moson-Sopron","district":"Győri","population":739}},{"type":"Feature","geometry":{"type":"Point","coordinates":[17.35544,47.94163]},"properties":{"kshId":"10454","name":"Dunasziget","county":"Győr-Moson-Sopron","district":"Mosonmagyaróvári","population":1836}},{"type":"Feature","geometry":{"type":"Point","coordinates":[19.09417,46.75672]},"properties":{"kshId":"14766","name":"Dunatetétlen","county":"Bács-Kiskun","district":"Kalocsai","population":501}},{"type":"Feature","geometry":{"type":"Point","coordinates":[18.9405,46.9649]},"properties":{"kshId":"03115","name":"Dunaújváros","county":"Fejér","district":"Dunaújvárosi","population":41193}},{"type":"Feature","geometry":{"type":"Point","coordinates":[19.0661,47.27896]},"properties":{"kshId":"20534","name":"Dunavarsány","county":"Pest","district":"Szigetszentmiklósi","population":8987}},{"type":"Feature","geometry":{"type":"Point","coordinates":[18.97165,46.91637]},"properties":{"kshId":"07612","name":"Dunavecse","county":"Bács-Kiskun","district":"Kunszentmiklósi","population":3894}},{"type":"Feature","geometry":{"type":"Point","coordinates":[18.95896,46.39002]},"properties":{"kshId":"04109","name":"Dusnok","county":"Bács-Kiskun","district":"Kalocsai","population":2591}},{"type":"Feature","geometry":{"type":"Point","coordinates":[18.38027,46.49219]},"properties":{"kshId":"19202","name":"Dúzs","county":"Tolna","district":"Tamási","population":222}},{"type":"Feature","geometry":{"type":"Point","coordinates":[16.81156,47.56369]},"properties":{"kshId":"26347","name":"Ebergőc","county":"Győr-Moson-Sopron","district":"Soproni","population":146}},{"type":"Feature","geometry":{"type":"Point","coordinates":[21.49147,47.47124]},"properties":{"kshId":"14614","name":"Ebes","county":"Hajdú-Bihar","district":"Hajdúszoboszlói","population":4627}},{"type":"Feature","geometry":{"type":"Point","coordinates":[17.71531,47.5612]},"properties":{"kshId":"16708","name":"Écs","county":"Győr-Moson-Sopron","district":"Pannonhalmi","population":2302}},{"type":"Feature","geometry":{"type":"Point","coordinates":[19.77288,47.73231]},"properties":{"kshId":"17181","name":"Ecséd","county":"Heves","district":"Hatvani","population":3138}},{"type":"Feature","geometry":{"type":"Point","coordinates":[19.60263,47.89833]},"properties":{"kshId":"04251","name":"Ecseg","county":"Nógrád","district":"Pásztói","population":1140}},{"type":"Feature","geometry":{"type":"Point","coordinates":[20.92283,47.14934]},"properties":{"kshId":"09432","name":"Ecsegfalva","county":"Békés","district":"Gyomaendrődi","population":1008}},{"type":"Feature","geometry":{"type":"Point","coordinates":[17.85236,46.55109]},"properties":{"kshId":"10861","name":"Ecseny","county":"Somogy","district":"Kaposvári","population":204}},{"type":"Feature","geometry":{"type":"Point","coordinates":[19.31846,47.4445]},"properties":{"kshId":"24518","name":"Ecser","county":"Pest","district":"Vecsési","population":4109}},{"type":"Feature","geometry":{"type":"Point","coordinates":[17.71601,46.52489]},"properties":{"kshId":"03489","name":"Edde","county":"Somogy","district":"Kaposvári","population":167}},{"type":"Feature","geometry":{"type":"Point","coordinates":[20.73344,48.29366]},"properties":{"kshId":"10728","name":"Edelény","county":"Borsod-Abaúj-Zemplén","district":"Edelényi","population":9032}},{"type":"Feature","geometry":{"type":"Point","coordinates":[17.13434,47.45532]},"properties":{"kshId":"22442","name":"Edve","county":"Győr-Moson-Sopron","district":"Kapuvári","population":100}},{"type":"Feature","geometry":{"type":"Point","coordinates":[20.37437,47.89899]},"properties":{"kshId":"20491","name":"Eger","county":"Heves","district":"Egri","population":48686}},{"type":"Feature","geometry":{"type":"Point","coordinates":[18.30488,45.98148]},"properties":{"kshId":"28918","name":"Egerág","county":"Baranya","district":"Pécsi","population":962}},{"type":"Feature","geometry":{"type":"Point","coordinates":[17.24057,47.23693]},"properties":{"kshId":"33871","name":"Egeralja","county":"Veszprém","district":"Devecseri","population":215}},{"type":"Feature","geometry":{"type":"Point","coordinates":[17.07726,46.67326]},"properties":{"kshId":"24262","name":"Egeraracsa","county":"Zala","district":"Keszthelyi","population":333}},{"type":"Feature","geometry":{"type":"Point","coordinates":[20.29052,47.93553]},"properties":{"kshId":"12821","name":"Egerbakta","county":"Heves","district":"Egri","population":1404}},{"type":"Feature","geometry":{"type":"Point","coordinates":[20.26023,48.0279]},"properties":{"kshId":"26019","name":"Egerbocs","county":"Heves","district":"Egri","population":479}},{"type":"Feature","geometry":{"type":"Point","coordinates":[20.25692,48.05429]},"properties":{"kshId":"16610","name":"Egercsehi","county":"Heves","district":"Egri","population":1204}},{"type":"Feature","geometry":{"type":"Point","coordinates":[20.53636,47.71828]},"properties":{"kshId":"02981","name":"Egerfarmos","county":"Heves","district":"Füzesabonyi","population":658}},{"type":"Feature","geometry":{"type":"Point","coordinates":[20.6223,47.71947]},"properties":{"kshId":"05865","name":"Egerlövő","county":"Borsod-Abaúj-Zemplén","district":"Mezőkövesdi","population":507}},{"type":"Feature","geometry":{"type":"Point","coordinates":[20.32383,47.87023]},"properties":{"kshId":"24758","name":"Egerszalók","county":"Heves","district":"Egri","population":1948}},{"type":"Feature","geometry":{"type":"Point","coordinates":[20.26783,47.89039]},"properties":{"kshId":"13648","name":"Egerszólát","county":"Heves","district":"Egri","population":1010}},{"type":"Feature","geometry":{"type":"Point","coordinates":[20.58589,48.44357]},"properties":{"kshId":"13356","name":"Égerszög","county":"Borsod-Abaúj-Zemplén","district":"Edelényi","population":51}},{"type":"Feature","geometry":{"type":"Point","coordinates":[16.85218,46.9336]},"properties":{"kshId":"33428","name":"Egervár","county":"Zala","district":"Zalaegerszegi","population":1054}},{"type":"Feature","geometry":{"type":"Point","coordinates":[16.90837,47.11903]},"properties":{"kshId":"28796","name":"Egervölgy","county":"Vas","district":"Vasvári","population":337}},{"type":"Feature","geometry":{"type":"Point","coordinates":[17.33789,47.52172]},"properties":{"kshId":"20288","name":"Egyed","county":"Győr-Moson-Sopron","district":"Csornai","population":473}},{"type":"Feature","geometry":{"type":"Point","coordinates":[20.88815,47.63146]},"properties":{"kshId":"15741","name":"Egyek","county":"Hajdú-Bihar","district":"Balmazújvárosi","population":4772}},{"type":"Feature","geometry":{"type":"Point","coordinates":[19.55899,47.79761]},"properties":{"kshId":"17659","name":"Egyházasdengeleg","county":"Nógrád","district":"Pásztói","population":388}},{"type":"Feature","geometry":{"type":"Point","coordinates":[16.76544,47.46507]},"properties":{"kshId":"15237","name":"Egyházasfalu","county":"Győr-Moson-Sopron","district":"Soproni","population":853}},{"type":"Feature","geometry":{"type":"Point","coordinates":[19.64692,48.17884]},"properties":{"kshId":"05980","name":"Egyházasgerge","county":"Nógrád","district":"Salgótarjáni","population":655}},{"type":"Feature","geometry":{"type":"Point","coordinates":[18.33432,45.8093]},"properties":{"kshId":"16498","name":"Egyházasharaszti","county":"Baranya","district":"Siklósi","population":352}},{"type":"Feature","geometry":{"type":"Point","coordinates":[17.11971,47.16954]},"properties":{"kshId":"10232","name":"Egyházashetye","county":"Vas","district":"Celldömölki","population":301}},{"type":"Feature","geometry":{"type":"Point","coordinates":[16.69192,47.05704]},"properties":{"kshId":"30429","name":"Egyházashollós","county":"Vas","district":"Körmendi","population":519}},{"type":"Feature","geometry":{"type":"Point","coordinates":[17.32918,47.41671]},"properties":{"kshId":"10445","name":"Egyházaskesző","county":"Veszprém","district":"Pápai","population":448}},{"type":"Feature","geometry":{"type":"Point","coordinates":[18.32078,46.32984]},"properties":{"kshId":"27401","name":"Egyházaskozár","county":"Baranya","district":"Komlói","population":667}},{"type":"Feature","geometry":{"type":"Point","coordinates":[16.6129,47.08673]},"properties":{"kshId":"25946","name":"Egyházasrádóc","county":"Vas","district":"Körmendi","population":1282}},{"type":"Feature","geometry":{"type":"Point","coordinates":[21.25261,46.52943]},"properties":{"kshId":"32957","name":"Elek","county":"Békés","district":"Gyulai","population":4231}},{"type":"Feature","geometry":{"type":"Point","coordinates":[18.37582,46.05911]},"properties":{"kshId":"06099","name":"Ellend","county":"Baranya","district":"Pécsi","population":220}},{"type":"Feature","geometry":{"type":"Point","coordinates":[18.82193,46.83161]},"properties":{"kshId":"20358","name":"Előszállás","county":"Fejér","district":"Dunaújvárosi","population":2363}},{"type":"Feature","geometry":{"type":"Point","coordinates":[20.81655,47.93395]},"properties":{"kshId":"04677","name":"Emőd","county":"Borsod-Abaúj-Zemplén","district":"Miskolci","population":4712}},{"type":"Feature","geometry":{"type":"Point","coordinates":[21.12221,48.33057]},"properties":{"kshId":"33048","name":"Encs","county":"Borsod-Abaúj-Zemplén","district":"Encsi","population":6032}},{"type":"Feature","geometry":{"type":"Point","coordinates":[22.11207,47.74445]},"properties":{"kshId":"32328","name":"Encsencs","county":"Szabolcs-Szatmár-Bereg","district":"Nyírbátori","population":1768}},{"type":"Feature","geometry":{"type":"Point","coordinates":[19.57617,48.12783]},"properties":{"kshId":"25496","name":"Endrefalva","county":"Nógrád","district":"Szécsényi","population":1116}},{"type":"Feature","geometry":{"type":"Point","coordinates":[17.76912,45.92655]},"properties":{"kshId":"28273","name":"Endrőc","county":"Baranya","district":"Szigetvári","population":314}},{"type":"Feature","geometry":{"type":"Point","coordinates":[17.42189,47.6439]},"properties":{"kshId":"15033","name":"Enese","county":"Győr-Moson-Sopron","district":"Győri","population":1873}},{"type":"Feature","geometry":{"type":"Point","coordinates":[18.24497,46.92693]},"properties":{"kshId":"02802","name":"Enying","county":"Fejér","district":"Enyingi","population":6483}},{"type":"Feature","geometry":{"type":"Point","coordinates":[20.5609,46.71008]},"properties":{"kshId":"22992","name":"Eperjes","county":"Csongrád-Csanád","district":"Szentesi","population":371}},{"type":"Feature","geometry":{"type":"Point","coordinates":[22.21201,48.34522]},"properties":{"kshId":"18528","name":"Eperjeske","county":"Szabolcs-Szatmár-Bereg","district":"Záhonyi","population":1017}},{"type":"Feature","geometry":{"type":"Point","coordinates":[17.91639,47.2078]},"properties":{"kshId":"33941","name":"Eplény","county":"Veszprém","district":"Veszprémi","population":539}},{"type":"Feature","geometry":{"type":"Point","coordinates":[18.63823,47.64603]},"properties":{"kshId":"29638","name":"Epöl","county":"Komárom-Esztergom","district":"Esztergomi","population":610}},{"type":"Feature","geometry":{"type":"Point","coordinates":[18.89838,47.25197]},"properties":{"kshId":"23603","name":"Ercsi","county":"Fejér","district":"Martonvásári","population":7986}},{"type":"Feature","geometry":{"type":"Point","coordinates":[18.92138,47.37725]},"properties":{"kshId":"30988","name":"Érd","county":"Pest","district":"Érdi","population":71495}},{"type":"Feature","geometry":{"type":"Point","coordinates":[21.35601,48.26626]},"properties":{"kshId":"25326","name":"Erdőbénye","county":"Borsod-Abaúj-Zemplén","district":"Tokaji","population":915}},{"type":"Feature","geometry":{"type":"Point","coordinates":[21.42754,48.31479]},"properties":{"kshId":"22503","name":"Erdőhorváti","county":"Borsod-Abaúj-Zemplén","district":"Sárospataki","population":523}},{"type":"Feature","geometry":{"type":"Point","coordinates":[19.30836,47.67024]},"properties":{"kshId":"13480","name":"Erdőkertes","county":"Pest","district":"Gödöllői","population":10026}},{"type":"Feature","geometry":{"type":"Point","coordinates":[20.10095,48.04067]},"properties":{"kshId":"28556","name":"Erdőkövesd","county":"Heves","district":"Pétervásárai","population":634}},{"type":"Feature","geometry":{"type":"Point","coordinates":[19.45854,47.77338]},"properties":{"kshId":"22655","name":"Erdőkürt","county":"Nógrád","district":"Pásztói","population":450}},{"type":"Feature","geometry":{"type":"Point","coordinates":[18.54603,46.05607]},"properties":{"kshId":"25821","name":"Erdősmárok","county":"Baranya","district":"Mohácsi","population":83}},{"type":"Feature","geometry":{"type":"Point","coordinates":[18.51359,46.17272]},"properties":{"kshId":"18704","name":"Erdősmecske","county":"Baranya","district":"Pécsváradi","population":309}},{"type":"Feature","geometry":{"type":"Point","coordinates":[19.54275,47.76176]},"properties":{"kshId":"21795","name":"Erdőtarcsa","county":"Nógrád","district":"Pásztói","population":519}},{"type":"Feature","geometry":{"type":"Point","coordinates":[20.31242,47.68714]},"properties":{"kshId":"24235","name":"Erdőtelek","county":"Heves","district":"Hevesi","population":3291}},{"type":"Feature","geometry":{"type":"Point","coordinates":[20.07635,47.60935]},"properties":{"kshId":"20118","name":"Erk","county":"Heves","district":"Hevesi","population":1014}},{"type":"Feature","geometry":{"type":"Point","coordinates":[21.75834,47.80869]},"properties":{"kshId":"10852","name":"Érpatak","county":"Szabolcs-Szatmár-Bereg","district":"Nagykállói","population":1616}},{"type":"Feature","geometry":{"type":"Point","coordinates":[18.98226,46.25198]},"properties":{"kshId":"11864","name":"Érsekcsanád","county":"Bács-Kiskun","district":"Bajai","population":2756}},{"type":"Feature","geometry":{"type":"Point","coordinates":[19.12368,46.34801]},"properties":{"kshId":"33589","name":"Érsekhalma","county":"Bács-Kiskun","district":"Bajai","population":539}},{"type":"Feature","geometry":{"type":"Point","coordinates":[19.19893,47.99607]},"properties":{"kshId":"21582","name":"Érsekvadkert","county":"Nógrád","district":"Balassagyarmati","population":3393}},{"type":"Feature","geometry":{"type":"Point","coordinates":[18.13395,46.61057]},"properties":{"kshId":"08448","name":"Értény","county":"Tolna","district":"Tamási","population":706}},{"type":"Feature","geometry":{"type":"Point","coordinates":[18.45863,46.10066]},"properties":{"kshId":"13499","name":"Erzsébet","county":"Baranya","district":"Pécsváradi","population":247}},{"type":"Feature","geometry":{"type":"Point","coordinates":[21.77552,47.28512]},"properties":{"kshId":"25469","name":"Esztár","county":"Hajdú-Bihar","district":"Derecskei","population":1234}},{"type":"Feature","geometry":{"type":"Point","coordinates":[16.88425,46.47018]},"properties":{"kshId":"06178","name":"Eszteregnye","county":"Zala","district":"Nagykanizsai","population":630}},{"type":"Feature","geometry":{"type":"Point","coordinates":[17.1084,46.70058]},"properties":{"kshId":"15769","name":"Esztergályhorváti","county":"Zala","district":"Keszthelyi","population":439}},{"type":"Feature","geometry":{"type":"Point","coordinates":[18.74034,47.78569]},"properties":{"kshId":"25131","name":"Esztergom","county":"Komárom-Esztergom","district":"Esztergomi","population":28521}},{"type":"Feature","geometry":{"type":"Point","coordinates":[18.07248,47.53223]},"properties":{"kshId":"06664","name":"Ete","county":"Komárom-Esztergom","district":"Kisbéri","population":567}},{"type":"Feature","geometry":{"type":"Point","coordinates":[19.71737,48.10989]},"properties":{"kshId":"15370","name":"Etes","county":"Nógrád","district":"Salgótarjáni","population":1294}},{"type":"Feature","geometry":{"type":"Point","coordinates":[18.75047,47.44488]},"properties":{"kshId":"02316","name":"Etyek","county":"Fejér","district":"Bicskei","population":4510}},{"type":"Feature","geometry":{"type":"Point","coordinates":[22.35666,47.84866]},"properties":{"kshId":"23250","name":"Fábiánháza","county":"Szabolcs-Szatmár-Bereg","district":"Mátészalkai","population":1644}},{"type":"Feature","geometry":{"type":"Point","coordinates":[20.44802,46.67832]},"properties":{"kshId":"19974","name":"Fábiánsebestyén","county":"Csongrád-Csanád","district":"Szentesi","population":1847}},{"type":"Feature","geometry":{"type":"Point","coordinates":[18.73615,46.44801]},"properties":{"kshId":"24192","name":"Fácánkert","county":"Tolna","district":"Tolnai","population":652}},{"type":"Feature","geometry":{"type":"Point","coordinates":[18.82526,46.46639]},"properties":{"kshId":"18980","name":"Fadd","county":"Tolna","district":"Tolnai","population":4035}},{"type":"Feature","geometry":{"type":"Point","coordinates":[21.07639,48.4212]},"properties":{"kshId":"02741","name":"Fáj","county":"Borsod-Abaúj-Zemplén","district":"Encsi","population":510}},{"type":"Feature","geometry":{"type":"Point","coordinates":[18.92197,46.41615]},"properties":{"kshId":"03230","name":"Fajsz","county":"Bács-Kiskun","district":"Kalocsai","population":1549}},{"type":"Feature","geometry":{"type":"Point","coordinates":[21.06403,48.3556]},"properties":{"kshId":"12557","name":"Fancsal","county":"Borsod-Abaúj-Zemplén","district":"Encsi","population":309}},{"type":"Feature","geometry":{"type":"Point","coordinates":[17.20194,47.60628]},"properties":{"kshId":"33996","name":"Farád","county":"Győr-Moson-Sopron","district":"Csornai","population":1890}},{"type":"Feature","geometry":{"type":"Point","coordinates":[17.63073,47.20384]},"properties":{"kshId":"10250","name":"Farkasgyepű","county":"Veszprém","district":"Ajkai","population":400}},{"type":"Feature","geometry":{"type":"Point","coordinates":[20.31003,48.18566]},"properties":{"kshId":"34272","name":"Farkaslyuk","county":"Borsod-Abaúj-Zemplén","district":"Ózdi","population":1890}},{"type":"Feature","geometry":{"type":"Point","coordinates":[19.84896,47.36164]},"properties":{"kshId":"09122","name":"Farmos","county":"Pest","district":"Nagykátai","population":3414}},{"type":"Feature","geometry":{"type":"Point","coordinates":[18.48467,46.12297]},"properties":{"kshId":"17835","name":"Fazekasboda","county":"Baranya","district":"Pécsváradi","population":179}},{"type":"Feature","geometry":{"type":"Point","coordinates":[20.18574,48.03161]},"properties":{"kshId":"12432","name":"Fedémes","county":"Heves","district":"Pétervásárai","population":282}},{"type":"Feature","geometry":{"type":"Point","coordinates":[20.52594,47.25265]},"properties":{"kshId":"16647","name":"Fegyvernek","county":"Jász-Nagykun-Szolnok","district":"Törökszentmiklósi","population":6000}},{"type":"Feature","geometry":{"type":"Point","coordinates":[22.51675,47.9851]},"properties":{"kshId":"18971","name":"Fehérgyarmat","county":"Szabolcs-Szatmár-Bereg","district":"Fehérgyarmati","population":6809}},{"type":"Feature","geometry":{"type":"Point","coordinates":[17.34529,47.6762]},"properties":{"kshId":"06956","name":"Fehértó","county":"Győr-Moson-Sopron","district":"Győri","population":472}},{"type":"Feature","geometry":{"type":"Point","coordinates":[18.26584,47.29057]},"properties":{"kshId":"32203","name":"Fehérvárcsurgó","county":"Fejér","district":"Móri","population":2098}},{"type":"Feature","geometry":{"type":"Point","coordinates":[18.55991,46.16095]},"properties":{"kshId":"04543","name":"Feked","county":"Baranya","district":"Mohácsi","population":187}},{"type":"Feature","geometry":{"type":"Point","coordinates":[17.27871,47.93566]},"properties":{"kshId":"32717","name":"Feketeerdő","county":"Győr-Moson-Sopron","district":"Mosonmagyaróvári","population":676}},{"type":"Feature","geometry":{"type":"Point","coordinates":[18.58624,47.45453]},"properties":{"kshId":"29939","name":"Felcsút","county":"Fejér","district":"Bicskei","population":2014}},{"type":"Feature","geometry":{"type":"Point","coordinates":[20.23294,47.81305]},"properties":{"kshId":"20747","name":"Feldebrő","county":"Heves","district":"Egri","population":1023}},{"type":"Feature","geometry":{"type":"Point","coordinates":[20.11303,46.66471]},"properties":{"kshId":"22646","name":"Felgyő","county":"Csongrád-Csanád","district":"Csongrádi","population":1085}},{"type":"Feature","geometry":{"type":"Point","coordinates":[17.59859,47.52309]},"properties":{"kshId":"33251","name":"Felpéc","county":"Győr-Moson-Sopron","district":"Téti","population":973}},{"type":"Feature","geometry":{"type":"Point","coordinates":[21.69488,48.35982]},"properties":{"kshId":"08174","name":"Felsőberecki","county":"Borsod-Abaúj-Zemplén","district":"Sátoraljaújhelyi","population":234}},{"type":"Feature","geometry":{"type":"Point","coordinates":[16.44466,47.21386]},"properties":{"kshId":"13587","name":"Felsőcsatár","county":"Vas","district":"Szombathelyi","population":498}},{"type":"Feature","geometry":{"type":"Point","coordinates":[21.07487,48.25526]},"properties":{"kshId":"09742","name":"Felsődobsza","county":"Borsod-Abaúj-Zemplén","district":"Gönci","population":833}},{"type":"Feature","geometry":{"type":"Point","coordinates":[18.13377,46.25382]},"properties":{"kshId":"13286","name":"Felsőegerszeg","county":"Baranya","district":"Hegyháti","population":117}},{"type":"Feature","geometry":{"type":"Point","coordinates":[21.01517,48.42965]},"properties":{"kshId":"29708","name":"Felsőgagy","county":"Borsod-Abaúj-Zemplén","district":"Encsi","population":219}},{"type":"Feature","geometry":{"type":"Point","coordinates":[16.55326,46.84294]},"properties":{"kshId":"08013","name":"Felsőjánosfa","county":"Vas","district":"Körmendi","population":168}},{"type":"Feature","geometry":{"type":"Point","coordinates":[20.59349,48.35872]},"properties":{"kshId":"31723","name":"Felsőkelecsény","county":"Borsod-Abaúj-Zemplén","district":"Putnoki","population":355}},{"type":"Feature","geometry":{"type":"Point","coordinates":[19.49591,47.06605]},"properties":{"kshId":"33598","name":"Felsőlajos","county":"Bács-Kiskun","district":"Kecskeméti","population":1003}},{"type":"Feature","geometry":{"type":"Point","coordinates":[16.51962,46.93341]},"properties":{"kshId":"29841","name":"Felsőmarác","county":"Vas","district":"Körmendi","population":251}},{"type":"Feature","geometry":{"type":"Point","coordinates":[17.82499,46.57631]},"properties":{"kshId":"13985","name":"Felsőmocsolád","county":"Somogy","district":"Kaposvári","population":311}},{"type":"Feature","geometry":{"type":"Point","coordinates":[18.52876,46.46727]},"properties":{"kshId":"15820","name":"Felsőnána","county":"Tolna","district":"Bonyhádi","population":563}},{"type":"Feature","geometry":{"type":"Point","coordinates":[20.59838,48.33003]},"properties":{"kshId":"32762","name":"Felsőnyárád","county":"Borsod-Abaúj-Zemplén","district":"Putnoki","population":869}},{"type":"Feature","geometry":{"type":"Point","coordinates":[18.29148,46.78924]},"properties":{"kshId":"17914","name":"Felsőnyék","county":"Tolna","district":"Tamási","population":1008}},{"type":"Feature","geometry":{"type":"Point","coordinates":[17.95325,47.01447]},"properties":{"kshId":"24369","name":"Felsőörs","county":"Veszprém","district":"Balatonalmádi","population":2093}},{"type":"Feature","geometry":{"type":"Point","coordinates":[17.15591,46.78449]},"properties":{"kshId":"11642","name":"Felsőpáhok","county":"Zala","district":"Keszthelyi","population":686}},{"type":"Feature","geometry":{"type":"Point","coordinates":[19.23622,47.34327]},"properties":{"kshId":"06035","name":"Felsőpakony","county":"Pest","district":"Gyáli","population":3756}},{"type":"Feature","geometry":{"type":"Point","coordinates":[19.19801,47.88909]},"properties":{"kshId":"24323","name":"Felsőpetény","county":"Nógrád","district":"Rétsági","population":571}},{"type":"Feature","geometry":{"type":"Point","coordinates":[16.98631,46.68096]},"properties":{"kshId":"21476","name":"Felsőrajk","county":"Zala","district":"Nagykanizsai","population":746}},{"type":"Feature","geometry":{"type":"Point","coordinates":[21.60482,48.49086]},"properties":{"kshId":"07588","name":"Felsőregmec","county":"Borsod-Abaúj-Zemplén","district":"Sátoraljaújhelyi","population":316}},{"type":"Feature","geometry":{"type":"Point","coordinates":[16.45514,46.75258]},"properties":{"kshId":"30890","name":"Felsőszenterzsébet","county":"Zala","district":"Lenti","population":15}},{"type":"Feature","geometry":{"type":"Point","coordinates":[19.18816,46.19476]},"properties":{"kshId":"02954","name":"Felsőszentiván","county":"Bács-Kiskun","district":"Bajai","population":1681}},{"type":"Feature","geometry":{"type":"Point","coordinates":[17.70546,45.85227]},"properties":{"kshId":"08819","name":"Felsőszentmárton","county":"Baranya","district":"Sellyei","population":715}},{"type":"Feature","geometry":{"type":"Point","coordinates":[16.16539,46.87805]},"properties":{"kshId":"23287","name":"Felsőszölnök","county":"Vas","district":"Szentgotthárdi","population":523}},{"type":"Feature","geometry":{"type":"Point","coordinates":[20.41436,47.97202]},"properties":{"kshId":"16328","name":"Felsőtárkány","county":"Heves","district":"Egri","population":3444}},{"type":"Feature","geometry":{"type":"Point","coordinates":[20.63474,48.40503]},"properties":{"kshId":"31671","name":"Felsőtelekes","county":"Borsod-Abaúj-Zemplén","district":"Kazincbarcikai","population":632}},{"type":"Feature","geometry":{"type":"Point","coordinates":[19.60932,47.96822]},"properties":{"kshId":"33312","name":"Felsőtold","county":"Nógrád","district":"Pásztói","population":127}},{"type":"Feature","geometry":{"type":"Point","coordinates":[20.91588,48.37118]},"properties":{"kshId":"23533","name":"Felsővadász","county":"Borsod-Abaúj-Zemplén","district":"Szikszói","population":565}},{"type":"Feature","geometry":{"type":"Point","coordinates":[20.86054,48.1041]},"properties":{"kshId":"02848","name":"Felsőzsolca","county":"Borsod-Abaúj-Zemplén","district":"Miskolci","population":6375}},{"type":"Feature","geometry":{"type":"Point","coordinates":[22.09908,48.27092]},"properties":{"kshId":"22415","name":"Fényeslitke","county":"Szabolcs-Szatmár-Bereg","district":"Kisvárdai","population":2256}},{"type":"Feature","geometry":{"type":"Point","coordinates":[17.76619,47.35008]},"properties":{"kshId":"30678","name":"Fenyőfő","county":"Győr-Moson-Sopron","district":"Pannonhalmi","population":92}},{"type":"Feature","geometry":{"type":"Point","coordinates":[20.35284,46.21684]},"properties":{"kshId":"18999","name":"Ferencszállás","county":"Csongrád-Csanád","district":"Szegedi","population":603}},{"type":"Feature","geometry":{"type":"Point","coordinates":[16.70046,47.63544]},"properties":{"kshId":"11253","name":"Fertőboz","county":"Győr-Moson-Sopron","district":"Soproni","population":304}},{"type":"Feature","geometry":{"type":"Point","coordinates":[16.86458,47.62163]},"properties":{"kshId":"09885","name":"Fertőd","county":"Győr-Moson-Sopron","district":"Soproni","population":3409}},{"type":"Feature","geometry":{"type":"Point","coordinates":[16.90821,47.60516]},"properties":{"kshId":"09487","name":"Fertőendréd","county":"Győr-Moson-Sopron","district":"Soproni","population":617}},{"type":"Feature","geometry":{"type":"Point","coordinates":[16.76714,47.61976]},"properties":{"kshId":"10658","name":"Fertőhomok","county":"Győr-Moson-Sopron","district":"Soproni","population":906}},{"type":"Feature","geometry":{"type":"Point","coordinates":[16.65278,47.71615]},"properties":{"kshId":"12414","name":"Fertőrákos","county":"Győr-Moson-Sopron","district":"Soproni","population":2473}},{"type":"Feature","geometry":{"type":"Point","coordinates":[16.87718,47.58904]},"properties":{"kshId":"15343","name":"Fertőszentmiklós","county":"Győr-Moson-Sopron","district":"Soproni","population":3933}},{"type":"Feature","geometry":{"type":"Point","coordinates":[16.83427,47.61698]},"properties":{"kshId":"31440","name":"Fertőszéplak","county":"Győr-Moson-Sopron","district":"Soproni","population":1425}},{"type":"Feature","geometry":{"type":"Point","coordinates":[17.83812,46.63401]},"properties":{"kshId":"31644","name":"Fiad","county":"Somogy","district":"Tabi","population":104}},{"type":"Feature","geometry":{"type":"Point","coordinates":[21.489,48.49536]},"properties":{"kshId":"25238","name":"Filkeháza","county":"Borsod-Abaúj-Zemplén","district":"Sátoraljaújhelyi","population":77}},{"type":"Feature","geometry":{"type":"Point","coordinates":[16.90569,46.37483]},"properties":{"kshId":"19187","name":"Fityeház","county":"Zala","district":"Nagykanizsai","population":561}},{"type":"Feature","geometry":{"type":"Point","coordinates":[18.91929,46.52901]},"properties":{"kshId":"02149","name":"Foktő","county":"Bács-Kiskun","district":"Kalocsai","population":1354}},{"type":"Feature","geometry":{"type":"Point","coordinates":[21.13421,47.80861]},"properties":{"kshId":"34014","name":"Folyás","county":"Hajdú-Bihar","district":"Hajdúnánási","population":259}},{"type":"Feature","geometry":{"type":"Point","coordinates":[17.9537,46.39999]},"properties":{"kshId":"22026","name":"Fonó","county":"Somogy","district":"Kaposvári","population":298}},{"type":"Feature","geometry":{"type":"Point","coordinates":[21.28417,48.39104]},"properties":{"kshId":"17932","name":"Fony","county":"Borsod-Abaúj-Zemplén","district":"Gönci","population":318}},{"type":"Feature","geometry":{"type":"Point","coordinates":[17.54946,46.74675]},"properties":{"kshId":"14632","name":"Fonyód","county":"Somogy","district":"Fonyódi","population":5055}},{"type":"Feature","geometry":{"type":"Point","coordinates":[19.9093,46.36603]},"properties":{"kshId":"33020","name":"Forráskút","county":"Csongrád-Csanád","district":"Mórahalmi","population":2009}},{"type":"Feature","geometry":{"type":"Point","coordinates":[21.08665,48.32245]},"properties":{"kshId":"30483","name":"Forró","county":"Borsod-Abaúj-Zemplén","district":"Encsi","population":2669}},{"type":"Feature","geometry":{"type":"Point","coordinates":[19.19801,47.61259]},"properties":{"kshId":"32610","name":"Fót","county":"Pest","district":"Dunakeszi","population":20823}},{"type":"Feature","geometry":{"type":"Point","coordinates":[20.49324,46.31933]},"properties":{"kshId":"09210","name":"Földeák","county":"Csongrád-Csanád","district":"Makói","population":2869}},{"type":"Feature","geometry":{"type":"Point","coordinates":[21.36421,47.28816]},"properties":{"kshId":"03258","name":"Földes","county":"Hajdú-Bihar","district":"Püspökladányi","population":3602}},{"type":"Feature","geometry":{"type":"Point","coordinates":[17.25829,46.63107]},"properties":{"kshId":"22707","name":"Főnyed","county":"Somogy","district":"Marcali","population":72}},{"type":"Feature","geometry":{"type":"Point","coordinates":[21.10734,48.42972]},"properties":{"kshId":"22123","name":"Fulókércs","county":"Borsod-Abaúj-Zemplén","district":"Encsi","population":471}},{"type":"Feature","geometry":{"type":"Point","coordinates":[21.45768,47.12949]},"properties":{"kshId":"16993","name":"Furta","county":"Hajdú-Bihar","district":"Berettyóújfalui","population":1170}},{"type":"Feature","geometry":{"type":"Point","coordinates":[18.24589,47.05267]},"properties":{"kshId":"06114","name":"Füle","county":"Fejér","district":"Székesfehérvári","population":851}},{"type":"Feature","geometry":{"type":"Point","coordinates":[22.67555,48.02468]},"properties":{"kshId":"10791","name":"Fülesd","county":"Szabolcs-Szatmár-Bereg","district":"Fehérgyarmati","population":383}},{"type":"Feature","geometry":{"type":"Point","coordinates":[22.05626,47.59909]},"properties":{"kshId":"22150","name":"Fülöp","county":"Hajdú-Bihar","district":"Nyíradonyi","population":1573}},{"type":"Feature","geometry":{"type":"Point","coordinates":[19.44485,46.89229]},"properties":{"kshId":"31468","name":"Fülöpháza","county":"Bács-Kiskun","district":"Kecskeméti","population":857}},{"type":"Feature","geometry":{"type":"Point","coordinates":[19.72253,46.74199]},"properties":{"kshId":"33622","name":"Fülöpjakab","county":"Bács-Kiskun","district":"Kecskeméti","population":1173}},{"type":"Feature","geometry":{"type":"Point","coordinates":[19.23956,46.82014]},"properties":{"kshId":"14058","name":"Fülöpszállás","county":"Bács-Kiskun","district":"Kiskőrösi","population":2255}},{"type":"Feature","geometry":{"type":"Point","coordinates":[22.47769,47.94175]},"properties":{"kshId":"14377","name":"Fülpösdaróc","county":"Szabolcs-Szatmár-Bereg","district":"Mátészalkai","population":380}},{"type":"Feature","geometry":{"type":"Point","coordinates":[18.30966,46.7214]},"properties":{"kshId":"17950","name":"Fürged","county":"Tolna","district":"Tamási","population":622}},{"type":"Feature","geometry":{"type":"Point","coordinates":[21.45596,48.5381]},"properties":{"kshId":"17109","name":"Füzér","county":"Borsod-Abaúj-Zemplén","district":"Sátoraljaújhelyi","population":320}},{"type":"Feature","geometry":{"type":"Point","coordinates":[21.49905,48.51993]},"properties":{"kshId":"06460","name":"Füzérkajata","county":"Borsod-Abaúj-Zemplén","district":"Sátoraljaújhelyi","population":123}},{"type":"Feature","geometry":{"type":"Point","coordinates":[21.45286,48.51331]},"properties":{"kshId":"11378","name":"Füzérkomlós","county":"Borsod-Abaúj-Zemplén","district":"Sátoraljaújhelyi","population":290}},{"type":"Feature","geometry":{"type":"Point","coordinates":[21.52498,48.48474]},"properties":{"kshId":"10366","name":"Füzérradvány","county":"Borsod-Abaúj-Zemplén","district":"Sátoraljaújhelyi","population":265}},{"type":"Feature","geometry":{"type":"Point","coordinates":[20.41427,47.74854]},"properties":{"kshId":"03276","name":"Füzesabony","county":"Heves","district":"Füzesabonyi","population":7098}},{"type":"Feature","geometry":{"type":"Point","coordinates":[21.21185,47.10768]},"properties":{"kshId":"12256","name":"Füzesgyarmat","county":"Békés","district":"Szeghalmi","population":4871}},{"type":"Feature","geometry":{"type":"Point","coordinates":[16.93988,46.52237]},"properties":{"kshId":"16531","name":"Fűzvölgy","county":"Zala","district":"Nagykanizsai","population":134}},{"type":"Feature","geometry":{"type":"Point","coordinates":[21.6577,47.23986]},"properties":{"kshId":"18175","name":"Gáborján","county":"Hajdú-Bihar","district":"Berettyóújfalui","population":832}},{"type":"Feature","geometry":{"type":"Point","coordinates":[16.41978,46.63079]},"properties":{"kshId":"17516","name":"Gáborjánháza","county":"Zala","district":"Lenti","population":69}},{"type":"Feature","geometry":{"type":"Point","coordinates":[22.75679,47.93089]},"properties":{"kshId":"13727","name":"Gacsály","county":"Szabolcs-Szatmár-Bereg","district":"Fehérgyarmati","population":814}},{"type":"Feature","geometry":{"type":"Point","coordinates":[18.00612,46.53763]},"properties":{"kshId":"28264","name":"Gadács","county":"Somogy","district":"Kaposvári","population":74}},{"type":"Feature","geometry":{"type":"Point","coordinates":[17.39179,46.51705]},"properties":{"kshId":"26222","name":"Gadány","county":"Somogy","district":"Marcali","population":302}},{"type":"Feature","geometry":{"type":"Point","coordinates":[20.92781,48.40142]},"properties":{"kshId":"05494","name":"Gadna","county":"Borsod-Abaúj-Zemplén","district":"Szikszói","population":310}},{"type":"Feature","geometry":{"type":"Point","coordinates":[20.5996,46.67069]},"properties":{"kshId":"09511","name":"Gádoros","county":"Békés","district":"Orosházi","population":3254}},{"type":"Feature","geometry":{"type":"Point","coordinates":[21.00255,48.40874]},"properties":{"kshId":"28732","name":"Gagyapáti","county":"Borsod-Abaúj-Zemplén","district":"Encsi","population":33}},{"type":"Feature","geometry":{"type":"Point","coordinates":[20.94981,48.43424]},"properties":{"kshId":"28307","name":"Gagybátor","county":"Borsod-Abaúj-Zemplén","district":"Szikszói","population":214}},{"type":"Feature","geometry":{"type":"Point","coordinates":[20.97502,48.43003]},"properties":{"kshId":"03744","name":"Gagyvendégi","county":"Borsod-Abaúj-Zemplén","district":"Szikszói","population":202}},{"type":"Feature","geometry":{"type":"Point","coordinates":[17.12578,46.52226]},"properties":{"kshId":"12991","name":"Galambok","county":"Zala","district":"Nagykanizsai","population":1226}},{"type":"Feature","geometry":{"type":"Point","coordinates":[19.38912,47.84599]},"properties":{"kshId":"25663","name":"Galgaguta","county":"Nógrád","district":"Balassagyarmati","population":608}},{"type":"Feature","geometry":{"type":"Point","coordinates":[19.37526,47.74069]},"properties":{"kshId":"13295","name":"Galgagyörk","county":"Pest","district":"Váci","population":930}},{"type":"Feature","geometry":{"type":"Point","coordinates":[19.55584,47.62226]},"properties":{"kshId":"19503","name":"Galgahévíz","county":"Pest","district":"Aszódi","population":2542}},{"type":"Feature","geometry":{"type":"Point","coordinates":[19.38481,47.69375]},"properties":{"kshId":"27128","name":"Galgamácsa","county":"Pest","district":"Aszódi","population":1857}},{"type":"Feature","geometry":{"type":"Point","coordinates":[17.88553,46.2562]},"properties":{"kshId":"06585","name":"Gálosfa","county":"Somogy","district":"Kaposvári","population":224}},{"type":"Feature","geometry":{"type":"Point","coordinates":[20.77789,48.41944]},"properties":{"kshId":"19293","name":"Galvács","county":"Borsod-Abaúj-Zemplén","district":"Edelényi","population":82}},{"type":"Feature","geometry":{"type":"Point","coordinates":[17.76257,46.62024]},"properties":{"kshId":"06451","name":"Gamás","county":"Somogy","district":"Fonyódi","population":625}},{"type":"Feature","geometry":{"type":"Point","coordinates":[17.52535,47.23293]},"properties":{"kshId":"12742","name":"Ganna","county":"Veszprém","district":"Pápai","population":248}},{"type":"Feature","geometry":{"type":"Point","coordinates":[18.38778,47.39086]},"properties":{"kshId":"15750","name":"Gánt","county":"Fejér","district":"Bicskei","population":727}},{"type":"Feature","geometry":{"type":"Point","coordinates":[19.03869,46.03423]},"properties":{"kshId":"31848","name":"Gara","county":"Bács-Kiskun","district":"Bajai","population":2086}},{"type":"Feature","geometry":{"type":"Point","coordinates":[19.63845,47.97772]},"properties":{"kshId":"18494","name":"Garáb","county":"Nógrád","district":"Pásztói","population":40}},{"type":"Feature","geometry":{"type":"Point","coordinates":[17.11968,46.58624]},"properties":{"kshId":"12946","name":"Garabonc","county":"Zala","district":"Nagykanizsai","population":617}},{"type":"Feature","geometry":{"type":"Point","coordinates":[21.17499,48.41838]},"properties":{"kshId":"10904","name":"Garadna","county":"Borsod-Abaúj-Zemplén","district":"Encsi","population":358}},{"type":"Feature","geometry":{"type":"Point","coordinates":[22.86176,47.94463]},"properties":{"kshId":"04996","name":"Garbolc","county":"Szabolcs-Szatmár-Bereg","district":"Fehérgyarmati","population":124}},{"type":"Feature","geometry":{"type":"Point","coordinates":[18.6262,47.20281]},"properties":{"kshId":"10296","name":"Gárdony","county":"Fejér","district":"Gárdonyi","population":13811}},{"type":"Feature","geometry":{"type":"Point","coordinates":[18.19415,45.91875]},"properties":{"kshId":"07560","name":"Garé","county":"Baranya","district":"Siklósi","population":277}},{"type":"Feature","geometry":{"type":"Point","coordinates":[16.45331,46.96459]},"properties":{"kshId":"30906","name":"Gasztony","county":"Vas","district":"Szentgotthárdi","population":404}},{"type":"Feature","geometry":{"type":"Point","coordinates":[19.95773,46.68353]},"properties":{"kshId":"26383","name":"Gátér","county":"Bács-Kiskun","district":"Kiskunfélegyházi","population":844}},{"type":"Feature","geometry":{"type":"Point","coordinates":[21.59341,48.16101]},"properties":{"kshId":"05801","name":"Gávavencsellő","county":"Szabolcs-Szatmár-Bereg","district":"Ibrányi","population":3271}},{"type":"Feature","geometry":{"type":"Point","coordinates":[22.45601,47.932]},"properties":{"kshId":"03629","name":"Géberjén","county":"Szabolcs-Szatmár-Bereg","district":"Mátészalkai","population":426}},{"type":"Feature","geometry":{"type":"Point","coordinates":[17.52572,47.44397]},"properties":{"kshId":"09292","name":"Gecse","county":"Veszprém","district":"Pápai","population":394}},{"type":"Feature","geometry":{"type":"Point","coordinates":[18.91405,46.60852]},"properties":{"kshId":"03577","name":"Géderlak","county":"Bács-Kiskun","district":"Kalocsai","population":864}},{"type":"Feature","geometry":{"type":"Point","coordinates":[21.94896,48.14455]},"properties":{"kshId":"05670","name":"Gégény","county":"Szabolcs-Szatmár-Bereg","district":"Kemecsei","population":1748}},{"type":"Feature","geometry":{"type":"Point","coordinates":[20.77676,47.83208]},"properties":{"kshId":"23719","name":"Gelej","county":"Borsod-Abaúj-Zemplén","district":"Mezőcsáti","population":543}},{"type":"Feature","geometry":{"type":"Point","coordinates":[22.44742,48.19901]},"properties":{"kshId":"04613","name":"Gelénes","county":"Szabolcs-Szatmár-Bereg","district":"Vásárosnaményi","population":496}},{"type":"Feature","geometry":{"type":"Point","coordinates":[16.78368,46.76017]},"properties":{"kshId":"08068","name":"Gellénháza","county":"Zala","district":"Zalaegerszegi","population":1469}},{"type":"Feature","geometry":{"type":"Point","coordinates":[16.98945,46.60218]},"properties":{"kshId":"12089","name":"Gelse","county":"Zala","district":"Nagykanizsai","population":970}},{"type":"Feature","geometry":{"type":"Point","coordinates":[16.98832,46.5661]},"properties":{"kshId":"09089","name":"Gelsesziget","county":"Zala","district":"Nagykanizsai","population":259}},{"type":"Feature","geometry":{"type":"Point","coordinates":[22.19426,48.13953]},"properties":{"kshId":"13000","name":"Gemzse","county":"Szabolcs-Szatmár-Bereg","district":"Vásárosnaményi","population":799}},{"type":"Feature","geometry":{"type":"Point","coordinates":[16.59598,47.28455]},"properties":{"kshId":"24183","name":"Gencsapáti","county":"Vas","district":"Szombathelyi","population":2674}},{"type":"Feature","geometry":{"type":"Point","coordinates":[17.01693,47.21602]},"properties":{"kshId":"26152","name":"Gérce","county":"Vas","district":"Sárvári","population":1074}},{"type":"Feature","geometry":{"type":"Point","coordinates":[18.02552,45.99161]},"properties":{"kshId":"12751","name":"Gerde","county":"Baranya","district":"Szentlőrinci","population":470}},{"type":"Feature","geometry":{"type":"Point","coordinates":[20.85769,46.59748]},"properties":{"kshId":"07393","name":"Gerendás","county":"Békés","district":"Békéscsabai","population":1024}},{"type":"Feature","geometry":{"type":"Point","coordinates":[18.18492,46.30543]},"properties":{"kshId":"13347","name":"Gerényes","county":"Baranya","district":"Hegyháti","population":203}},{"type":"Feature","geometry":{"type":"Point","coordinates":[18.527,46.10831]},"properties":{"kshId":"02857","name":"Geresdlak","county":"Baranya","district":"Pécsváradi","population":735}},{"type":"Feature","geometry":{"type":"Point","coordinates":[18.90324,46.49361]},"properties":{"kshId":"05731","name":"Gerjen","county":"Tolna","district":"Paksi","population":1159}},{"type":"Feature","geometry":{"type":"Point","coordinates":[16.74347,46.9799]},"properties":{"kshId":"30942","name":"Gersekarát","county":"Vas","district":"Vasvári","population":619}},{"type":"Feature","geometry":{"type":"Point","coordinates":[21.58143,46.88218]},"properties":{"kshId":"17394","name":"Geszt","county":"Békés","district":"Sarkadi","population":642}},{"type":"Feature","geometry":{"type":"Point","coordinates":[20.9649,48.10274]},"properties":{"kshId":"15608","name":"Gesztely","county":"Borsod-Abaúj-Zemplén","district":"Miskolci","population":2628}},{"type":"Feature","geometry":{"type":"Point","coordinates":[21.77827,47.76451]},"properties":{"kshId":"28893","name":"Geszteréd","county":"Szabolcs-Szatmár-Bereg","district":"Nagykállói","population":1578}},{"type":"Feature","geometry":{"type":"Point","coordinates":[17.06964,46.76289]},"properties":{"kshId":"20039","name":"Gétye","county":"Zala","district":"Keszthelyi","population":98}},{"type":"Feature","geometry":{"type":"Point","coordinates":[21.16008,48.31594]},"properties":{"kshId":"20969","name":"Gibárt","county":"Borsod-Abaúj-Zemplén","district":"Gönci","population":340}},{"type":"Feature","geometry":{"type":"Point","coordinates":[17.75238,47.43288]},"properties":{"kshId":"16717","name":"Gic","county":"Veszprém","district":"Pápai","population":328}},{"type":"Feature","geometry":{"type":"Point","coordinates":[17.60855,46.30072]},"properties":{"kshId":"09177","name":"Gige","county":"Somogy","district":"Kaposvári","population":392}},{"type":"Feature","geometry":{"type":"Point","coordinates":[17.96093,45.91882]},"properties":{"kshId":"18333","name":"Gilvánfa","county":"Baranya","district":"Sellyei","population":324}},{"type":"Feature","geometry":{"type":"Point","coordinates":[20.98458,47.96984]},"properties":{"kshId":"21564","name":"Girincs","county":"Borsod-Abaúj-Zemplén","district":"Tiszaújvárosi","population":894}},{"type":"Feature","geometry":{"type":"Point","coordinates":[17.18638,47.02148]},"properties":{"kshId":"18193","name":"Gógánfa","county":"Veszprém","district":"Sümegi","population":690}},{"type":"Feature","geometry":{"type":"Point","coordinates":[21.18936,48.23891]},"properties":{"kshId":"13134","name":"Golop","county":"Borsod-Abaúj-Zemplén","district":"Szerencsi","population":568}},{"type":"Feature","geometry":{"type":"Point","coordinates":[19.53115,47.37037]},"properties":{"kshId":"09441","name":"Gomba","county":"Pest","district":"Monori","population":3192}},{"type":"Feature","geometry":{"type":"Point","coordinates":[16.71925,46.75568]},"properties":{"kshId":"17613","name":"Gombosszeg","county":"Zala","district":"Zalaegerszegi","population":66}},{"type":"Feature","geometry":{"type":"Point","coordinates":[16.80418,47.35985]},"properties":{"kshId":"11156","name":"Gór","county":"Vas","district":"Sárvári","population":340}},{"type":"Feature","geometry":{"type":"Point","coordinates":[18.23539,45.79796]},"properties":{"kshId":"33084","name":"Gordisa","county":"Baranya","district":"Siklósi","population":285}},{"type":"Feature","geometry":{"type":"Point","coordinates":[16.52801,46.58667]},"properties":{"kshId":"13569","name":"Gosztola","county":"Zala","district":"Lenti","population":67}},{"type":"Feature","geometry":{"type":"Point","coordinates":[19.13416,47.68343]},"properties":{"kshId":"23649","name":"Göd","county":"Pest","district":"Dunakeszi","population":21838}},{"type":"Feature","geometry":{"type":"Point","coordinates":[19.3477,47.60153]},"properties":{"kshId":"32559","name":"Gödöllő","county":"Pest","district":"Gödöllői","population":32410}},{"type":"Feature","geometry":{"type":"Point","coordinates":[17.97266,46.28636]},"properties":{"kshId":"33233","name":"Gödre","county":"Baranya","district":"Hegyháti","population":708}},{"type":"Feature","geometry":{"type":"Point","coordinates":[18.01221,46.43881]},"properties":{"kshId":"30571","name":"Gölle","county":"Somogy","district":"Kaposvári","population":715}},{"type":"Feature","geometry":{"type":"Point","coordinates":[20.42732,48.37381]},"properties":{"kshId":"09706","name":"Gömörszőlős","county":"Borsod-Abaúj-Zemplén","district":"Putnoki","population":69}},{"type":"Feature","geometry":{"type":"Point","coordinates":[21.27263,48.47249]},"properties":{"kshId":"15936","name":"Gönc","county":"Borsod-Abaúj-Zemplén","district":"Gönci","population":1928}},{"type":"Feature","geometry":{"type":"Point","coordinates":[21.24149,48.44923]},"properties":{"kshId":"18643","name":"Göncruszka","county":"Borsod-Abaúj-Zemplén","district":"Gönci","population":653}},{"type":"Feature","geometry":{"type":"Point","coordinates":[17.82792,47.73314]},"properties":{"kshId":"02060","name":"Gönyű","county":"Győr-Moson-Sopron","district":"Győri","population":3262}},{"type":"Feature","geometry":{"type":"Point","coordinates":[21.23796,47.81883]},"properties":{"kshId":"16568","name":"Görbeháza","county":"Hajdú-Bihar","district":"Hajdúnánási","population":2237}},{"type":"Feature","geometry":{"type":"Point","coordinates":[18.13543,45.96961]},"properties":{"kshId":"30438","name":"Görcsöny","county":"Baranya","district":"Pécsi","population":1588}},{"type":"Feature","geometry":{"type":"Point","coordinates":[18.62739,46.0708]},"properties":{"kshId":"09636","name":"Görcsönydoboka","county":"Baranya","district":"Mohácsi","population":324}},{"type":"Feature","geometry":{"type":"Point","coordinates":[17.43641,46.14658]},"properties":{"kshId":"14599","name":"Görgeteg","county":"Somogy","district":"Nagyatádi","population":1007}},{"type":"Feature","geometry":{"type":"Point","coordinates":[16.85727,46.95815]},"properties":{"kshId":"29771","name":"Gősfa","county":"Zala","district":"Zalaegerszegi","population":308}},{"type":"Feature","geometry":{"type":"Point","coordinates":[18.60694,46.28907]},"properties":{"kshId":"26727","name":"Grábóc","county":"Tolna","district":"Bonyhádi","population":153}},{"type":"Feature","geometry":{"type":"Point","coordinates":[22.46789,48.08828]},"properties":{"kshId":"29443","name":"Gulács","county":"Szabolcs-Szatmár-Bereg","district":"Vásárosnaményi","population":919}},{"type":"Feature","geometry":{"type":"Point","coordinates":[16.73647,46.6413]},"properties":{"kshId":"02097","name":"Gutorfölde","county":"Zala","district":"Zalaegerszegi","population":849}},{"type":"Feature","geometry":{"type":"Point","coordinates":[19.21731,47.38455]},"properties":{"kshId":"25627","name":"Gyál","county":"Pest","district":"Gyáli","population":24267}},{"type":"Feature","geometry":{"type":"Point","coordinates":[16.69614,47.44324]},"properties":{"kshId":"17969","name":"Gyalóka","county":"Győr-Moson-Sopron","district":"Soproni","population":89}},{"type":"Feature","geometry":{"type":"Point","coordinates":[16.76184,47.1244]},"properties":{"kshId":"27030","name":"Gyanógeregye","county":"Vas","district":"Szombathelyi","population":154}},{"type":"Feature","geometry":{"type":"Point","coordinates":[17.48878,47.46344]},"properties":{"kshId":"26860","name":"Gyarmat","county":"Győr-Moson-Sopron","district":"Téti","population":1358}},{"type":"Feature","geometry":{"type":"Point","coordinates":[17.01037,46.23349]},"properties":{"kshId":"30960","name":"Gyékényes","county":"Somogy","district":"Csurgói","population":973}},{"type":"Feature","geometry":{"type":"Point","coordinates":[17.286,46.77252]},"properties":{"kshId":"23302","name":"Gyenesdiás","county":"Zala","district":"Keszthelyi","population":3964}},{"type":"Feature","geometry":{"type":"Point","coordinates":[17.32656,47.04423]},"properties":{"kshId":"28671","name":"Gyepükaján","county":"Veszprém","district":"Sümegi","population":334}},{"type":"Feature","geometry":{"type":"Point","coordinates":[18.6439,47.59107]},"properties":{"kshId":"06521","name":"Gyermely","county":"Komárom-Esztergom","district":"Tatabányai","population":1545}},{"type":"Feature","geometry":{"type":"Point","coordinates":[18.17818,46.00169]},"properties":{"kshId":"18315","name":"Gyód","county":"Baranya","district":"Pécsi","population":788}},{"type":"Feature","geometry":{"type":"Point","coordinates":[20.82609,46.9358]},"properties":{"kshId":"33455","name":"Gyomaendrőd","county":"Békés","district":"Gyomaendrődi","population":11828}},{"type":"Feature","geometry":{"type":"Point","coordinates":[17.02136,47.49074]},"properties":{"kshId":"23843","name":"Gyóró","county":"Győr-Moson-Sopron","district":"Kapuvári","population":364}},{"type":"Feature","geometry":{"type":"Point","coordinates":[17.56474,47.50074]},"properties":{"kshId":"20400","name":"Gyömöre","county":"Győr-Moson-Sopron","district":"Téti","population":1244}},{"type":"Feature","geometry":{"type":"Point","coordinates":[19.3945,47.42234]},"properties":{"kshId":"29735","name":"Gyömrő","county":"Pest","district":"Monori","population":20355}},{"type":"Feature","geometry":{"type":"Point","coordinates":[17.95258,45.96083]},"properties":{"kshId":"28404","name":"Gyöngyfa","county":"Baranya","district":"Szentlőrinci","population":123}},{"type":"Feature","geometry":{"type":"Point","coordinates":[19.92912,47.77998]},"properties":{"kshId":"05236","name":"Gyöngyös","county":"Heves","district":"Gyöngyösi","population":27294}},{"type":"Feature","geometry":{"type":"Point","coordinates":[16.58686,47.31562]},"properties":{"kshId":"11943","name":"Gyöngyösfalu","county":"Vas","district":"Kőszegi","population":1080}},{"type":"Feature","geometry":{"type":"Point","coordinates":[19.92173,47.74177]},"properties":{"kshId":"17534","name":"Gyöngyöshalász","county":"Heves","district":"Gyöngyösi","population":2576}},{"type":"Feature","geometry":{"type":"Point","coordinates":[17.7021,45.98684]},"properties":{"kshId":"22664","name":"Gyöngyösmellék","county":"Baranya","district":"Szigetvári","population":269}},{"type":"Feature","geometry":{"type":"Point","coordinates":[19.89254,47.82904]},"properties":{"kshId":"13338","name":"Gyöngyösoroszi","county":"Heves","district":"Gyöngyösi","population":1417}},{"type":"Feature","geometry":{"type":"Point","coordinates":[19.79034,47.81468]},"properties":{"kshId":"08323","name":"Gyöngyöspata","county":"Heves","district":"Gyöngyösi","population":2204}},{"type":"Feature","geometry":{"type":"Point","coordinates":[19.93323,47.81694]},"properties":{"kshId":"19123","name":"Gyöngyössolymos","county":"Heves","district":"Gyöngyösi","population":2695}},{"type":"Feature","geometry":{"type":"Point","coordinates":[19.86683,47.81174]},"properties":{"kshId":"28088","name":"Gyöngyöstarján","county":"Heves","district":"Gyöngyösi","population":2160}},{"type":"Feature","geometry":{"type":"Point","coordinates":[18.47833,46.55535]},"properties":{"kshId":"30289","name":"Gyönk","county":"Tolna","district":"Tamási","population":1602}},{"type":"Feature","geometry":{"type":"Point","coordinates":[17.63428,47.6835]},"properties":{"kshId":"25584","name":"Győr","county":"Győr-Moson-Sopron","district":"Győri","population":129373}},{"type":"Feature","geometry":{"type":"Point","coordinates":[17.80583,47.49691]},"properties":{"kshId":"08721","name":"Győrasszonyfa","county":"Győr-Moson-Sopron","district":"Pannonhalmi","population":506}},{"type":"Feature","geometry":{"type":"Point","coordinates":[18.39878,46.29606]},"properties":{"kshId":"25539","name":"Györe","county":"Tolna","district":"Bonyhádi","population":562}},{"type":"Feature","geometry":{"type":"Point","coordinates":[21.63116,48.20635]},"properties":{"kshId":"05069","name":"Györgytarló","county":"Borsod-Abaúj-Zemplén","district":"Sárospataki","population":463}},{"type":"Feature","geometry":{"type":"Point","coordinates":[18.69457,46.63452]},"properties":{"kshId":"12326","name":"Györköny","county":"Tolna","district":"Paksi","population":989}},{"type":"Feature","geometry":{"type":"Point","coordinates":[17.56343,47.75352]},"properties":{"kshId":"13198","name":"Győrladamér","county":"Győr-Moson-Sopron","district":"Győri","population":1937}},{"type":"Feature","geometry":{"type":"Point","coordinates":[22.15155,48.38536]},"properties":{"kshId":"28945","name":"Győröcske","county":"Szabolcs-Szatmár-Bereg","district":"Záhonyi","population":114}},{"type":"Feature","geometry":{"type":"Point","coordinates":[17.75215,47.58025]},"properties":{"kshId":"31316","name":"Győrság","county":"Győr-Moson-Sopron","district":"Győri","population":1725}},{"type":"Feature","geometry":{"type":"Point","coordinates":[17.37378,47.69006]},"properties":{"kshId":"19309","name":"Győrsövényház","county":"Győr-Moson-Sopron","district":"Győri","population":783}},{"type":"Feature","geometry":{"type":"Point","coordinates":[17.56225,47.55283]},"properties":{"kshId":"15653","name":"Győrszemere","county":"Győr-Moson-Sopron","district":"Téti","population":3617}},{"type":"Feature","geometry":{"type":"Point","coordinates":[22.44069,47.92842]},"properties":{"kshId":"10126","name":"Győrtelek","county":"Szabolcs-Szatmár-Bereg","district":"Mátészalkai","population":1584}},{"type":"Feature","geometry":{"type":"Point","coordinates":[17.63657,47.61338]},"properties":{"kshId":"07481","name":"Győrújbarát","county":"Győr-Moson-Sopron","district":"Győri","population":8303}},{"type":"Feature","geometry":{"type":"Point","coordinates":[17.60818,47.72119]},"properties":{"kshId":"31787","name":"Győrújfalu","county":"Győr-Moson-Sopron","district":"Győri","population":2519}},{"type":"Feature","geometry":{"type":"Point","coordinates":[16.84109,46.9871]},"properties":{"kshId":"09724","name":"Győrvár","county":"Vas","district":"Vasvári","population":601}},{"type":"Feature","geometry":{"type":"Point","coordinates":[17.57884,47.74043]},"properties":{"kshId":"15228","name":"Győrzámoly","county":"Győr-Moson-Sopron","district":"Győri","population":3994}},{"type":"Feature","geometry":{"type":"Point","coordinates":[17.6821,46.69231]},"properties":{"kshId":"23904","name":"Gyugy","county":"Somogy","district":"Fonyódi","population":304}},{"type":"Feature","geometry":{"type":"Point","coordinates":[21.27476,46.64387]},"properties":{"kshId":"05032","name":"Gyula","county":"Békés","district":"Gyulai","population":27616}},{"type":"Feature","geometry":{"type":"Point","coordinates":[22.11173,48.13794]},"properties":{"kshId":"07676","name":"Gyulaháza","county":"Szabolcs-Szatmár-Bereg","district":"Kisvárdai","population":1708}},{"type":"Feature","geometry":{"type":"Point","coordinates":[18.29464,46.50536]},"properties":{"kshId":"30359","name":"Gyulaj","county":"Tolna","district":"Dombóvári","population":772}},{"type":"Feature","geometry":{"type":"Point","coordinates":[17.48082,46.86791]},"properties":{"kshId":"09520","name":"Gyulakeszi","county":"Veszprém","district":"Tapolcai","population":622}},{"type":"Feature","geometry":{"type":"Point","coordinates":[18.73956,47.37085]},"properties":{"kshId":"15918","name":"Gyúró","county":"Fejér","district":"Martonvásári","population":1334}},{"type":"Feature","geometry":{"type":"Point","coordinates":[22.56917,47.92238]},"properties":{"kshId":"19558","name":"Gyügye","county":"Szabolcs-Szatmár-Bereg","district":"Fehérgyarmati","population":273}},{"type":"Feature","geometry":{"type":"Point","coordinates":[22.26691,48.1759]},"properties":{"kshId":"33774","name":"Gyüre","county":"Szabolcs-Szatmár-Bereg","district":"Vásárosnaményi","population":1178}},{"type":"Feature","geometry":{"type":"Point","coordinates":[16.99223,46.88439]},"properties":{"kshId":"12539","name":"Gyűrűs","county":"Zala","district":"Zalaegerszegi","population":77}},{"type":"Feature","geometry":{"type":"Point","coordinates":[17.68743,46.64598]},"properties":{"kshId":"18634","name":"Hács","county":"Somogy","district":"Fonyódi","population":345}},{"type":"Feature","geometry":{"type":"Point","coordinates":[16.70455,46.91044]},"properties":{"kshId":"10931","name":"Hagyárosbörönd","county":"Zala","district":"Zalaegerszegi","population":274}},{"type":"Feature","geometry":{"type":"Point","coordinates":[16.9228,46.64888]},"properties":{"kshId":"10269","name":"Hahót","county":"Zala","district":"Nagykanizsai","population":904}},{"type":"Feature","geometry":{"type":"Point","coordinates":[21.66592,47.38976]},"properties":{"kshId":"26170","name":"Hajdúbagos","county":"Hajdú-Bihar","district":"Derecskei","population":1944}},{"type":"Feature","geometry":{"type":"Point","coordinates":[21.50789,47.67166]},"properties":{"kshId":"03045","name":"Hajdúböszörmény","county":"Hajdú-Bihar","district":"Hajdúböszörményi","population":29304}},{"type":"Feature","geometry":{"type":"Point","coordinates":[21.50068,47.81572]},"properties":{"kshId":"12803","name":"Hajdúdorog","county":"Hajdú-Bihar","district":"Hajdúböszörményi","population":8272}},{"type":"Feature","geometry":{"type":"Point","coordinates":[21.66922,47.6822]},"properties":{"kshId":"10393","name":"Hajdúhadház","county":"Hajdú-Bihar","district":"Hajdúhadházi","population":13104}},{"type":"Feature","geometry":{"type":"Point","coordinates":[21.4279,47.84522]},"properties":{"kshId":"22406","name":"Hajdúnánás","county":"Hajdú-Bihar","district":"Hajdúnánási","population":15986}},{"type":"Feature","geometry":{"type":"Point","coordinates":[21.75371,47.59895]},"properties":{"kshId":"31097","name":"Hajdúsámson","county":"Hajdú-Bihar","district":"Debreceni","population":14220}},{"type":"Feature","geometry":{"type":"Point","coordinates":[21.3903,47.44313]},"properties":{"kshId":"05175","name":"Hajdúszoboszló","county":"Hajdú-Bihar","district":"Hajdúszoboszlói","population":23871}},{"type":"Feature","geometry":{"type":"Point","coordinates":[21.47509,47.39041]},"properties":{"kshId":"17473","name":"Hajdúszovát","county":"Hajdú-Bihar","district":"Hajdúszoboszlói","population":2918}},{"type":"Feature","geometry":{"type":"Point","coordinates":[17.90545,46.27432]},"properties":{"kshId":"25830","name":"Hajmás","county":"Somogy","district":"Kaposvári","population":208}},{"type":"Feature","geometry":{"type":"Point","coordinates":[18.01427,47.14447]},"properties":{"kshId":"15361","name":"Hajmáskér","county":"Veszprém","district":"Veszprémi","population":2963}},{"type":"Feature","geometry":{"type":"Point","coordinates":[19.11722,46.3983]},"properties":{"kshId":"18759","name":"Hajós","county":"Bács-Kiskun","district":"Kalocsai","population":2684}},{"type":"Feature","geometry":{"type":"Point","coordinates":[16.6857,46.94817]},"properties":{"kshId":"29452","name":"Halastó","county":"Vas","district":"Körmendi","population":79}},{"type":"Feature","geometry":{"type":"Point","coordinates":[17.32933,47.89096]},"properties":{"kshId":"26790","name":"Halászi","county":"Győr-Moson-Sopron","district":"Mosonmagyaróvári","population":3279}},{"type":"Feature","geometry":{"type":"Point","coordinates":[18.98114,47.3631]},"properties":{"kshId":"09690","name":"Halásztelek","county":"Pest","district":"Szigetszentmiklósi","population":12084}},{"type":"Feature","geometry":{"type":"Point","coordinates":[17.53562,47.03326]},"properties":{"kshId":"07898","name":"Halimba","county":"Veszprém","district":"Ajkai","population":1143}},{"type":"Feature","geometry":{"type":"Point","coordinates":[21.00168,48.24625]},"properties":{"kshId":"27942","name":"Halmaj","county":"Borsod-Abaúj-Zemplén","district":"Szikszói","population":1712}},{"type":"Feature","geometry":{"type":"Point","coordinates":[20.05576,47.76198]},"properties":{"kshId":"11411","name":"Halmajugra","county":"Heves","district":"Gyöngyösi","population":1297}},{"type":"Feature","geometry":{"type":"Point","coordinates":[16.56137,46.97057]},"properties":{"kshId":"10676","name":"Halogy","county":"Vas","district":"Körmendi","population":255}},{"type":"Feature","geometry":{"type":"Point","coordinates":[20.83148,48.29312]},"properties":{"kshId":"11226","name":"Hangács","county":"Borsod-Abaúj-Zemplén","district":"Edelényi","population":591}},{"type":"Feature","geometry":{"type":"Point","coordinates":[20.20073,48.22605]},"properties":{"kshId":"25104","name":"Hangony","county":"Borsod-Abaúj-Zemplén","district":"Ózdi","population":1386}},{"type":"Feature","geometry":{"type":"Point","coordinates":[18.69912,46.99487]},"properties":{"kshId":"23427","name":"Hantos","county":"Fejér","district":"Sárbogárdi","population":831}},{"type":"Feature","geometry":{"type":"Point","coordinates":[16.55103,47.04964]},"properties":{"kshId":"05713","name":"Harasztifalu","county":"Vas","district":"Körmendi","population":180}},{"type":"Feature","geometry":{"type":"Point","coordinates":[18.61773,46.40299]},"properties":{"kshId":"14164","name":"Harc","county":"Tolna","district":"Szekszárdi","population":763}},{"type":"Feature","geometry":{"type":"Point","coordinates":[16.60231,47.63423]},"properties":{"kshId":"07649","name":"Harka","county":"Győr-Moson-Sopron","district":"Soproni","population":3159}},{"type":"Feature","geometry":{"type":"Point","coordinates":[19.6075,46.46343]},"properties":{"kshId":"08350","name":"Harkakötöny","county":"Bács-Kiskun","district":"Kiskunhalasi","population":689}},{"type":"Feature","geometry":{"type":"Point","coordinates":[18.236,45.84779]},"properties":{"kshId":"21528","name":"Harkány","county":"Baranya","district":"Siklósi","population":4765}},{"type":"Feature","geometry":{"type":"Point","coordinates":[17.32954,46.10463]},"properties":{"kshId":"08837","name":"Háromfa","county":"Somogy","district":"Nagyatádi","population":622}},{"type":"Feature","geometry":{"type":"Point","coordinates":[21.41091,48.37493]},"properties":{"kshId":"12706","name":"Háromhuta","county":"Borsod-Abaúj-Zemplén","district":"Sárospataki","population":114}},{"type":"Feature","geometry":{"type":"Point","coordinates":[20.74049,47.96844]},"properties":{"kshId":"05847","name":"Harsány","county":"Borsod-Abaúj-Zemplén","district":"Miskolci","population":1877}},{"type":"Feature","geometry":{"type":"Point","coordinates":[17.80843,47.18486]},"properties":{"kshId":"25566","name":"Hárskút","county":"Veszprém","district":"Veszprémi","population":662}},{"type":"Feature","geometry":{"type":"Point","coordinates":[19.02771,46.69472]},"properties":{"kshId":"18458","name":"Harta","county":"Bács-Kiskun","district":"Kalocsai","population":3310}},{"type":"Feature","geometry":{"type":"Point","coordinates":[18.38863,46.03464]},"properties":{"kshId":"27881","name":"Hásságy","county":"Baranya","district":"Bólyi","population":257}},{"type":"Feature","geometry":{"type":"Point","coordinates":[19.67439,47.6684]},"properties":{"kshId":"22309","name":"Hatvan","county":"Heves","district":"Hatvani","population":19505}},{"type":"Feature","geometry":{"type":"Point","coordinates":[17.45797,47.8317]},"properties":{"kshId":"12308","name":"Hédervár","county":"Győr-Moson-Sopron","district":"Mosonmagyaróvári","population":1356}},{"type":"Feature","geometry":{"type":"Point","coordinates":[17.65216,46.19615]},"properties":{"kshId":"16726","name":"Hedrehely","county":"Somogy","district":"Kaposvári","population":321}},{"type":"Feature","geometry":{"type":"Point","coordinates":[17.52111,46.91608]},"properties":{"kshId":"02422","name":"Hegyesd","county":"Veszprém","district":"Tapolcai","population":145}},{"type":"Feature","geometry":{"type":"Point","coordinates":[17.1558,47.91449]},"properties":{"kshId":"17905","name":"Hegyeshalom","county":"Győr-Moson-Sopron","district":"Mosonmagyaróvári","population":3663}},{"type":"Feature","geometry":{"type":"Point","coordinates":[16.88234,47.35401]},"properties":{"kshId":"32188","name":"Hegyfalu","county":"Vas","district":"Sárvári","population":726}},{"type":"Feature","geometry":{"type":"Point","coordinates":[16.6576,46.93405]},"properties":{"kshId":"14997","name":"Hegyháthodász","county":"Vas","district":"Körmendi","population":152}},{"type":"Feature","geometry":{"type":"Point","coordinates":[18.33639,46.31137]},"properties":{"kshId":"30951","name":"Hegyhátmaróc","county":"Baranya","district":"Komlói","population":118}},{"type":"Feature","geometry":{"type":"Point","coordinates":[16.64231,46.96006]},"properties":{"kshId":"30216","name":"Hegyhátsál","county":"Vas","district":"Körmendi","population":134}},{"type":"Feature","geometry":{"type":"Point","coordinates":[16.54725,46.86816]},"properties":{"kshId":"18032","name":"Hegyhátszentjakab","county":"Vas","district":"Körmendi","population":262}},{"type":"Feature","geometry":{"type":"Point","coordinates":[16.47999,46.93499]},"properties":{"kshId":"21838","name":"Hegyhátszentmárton","county":"Vas","district":"Körmendi","population":59}},{"type":"Feature","geometry":{"type":"Point","coordinates":[16.81367,46.98151]},"properties":{"kshId":"08226","name":"Hegyhátszentpéter","county":"Vas","district":"Vasvári","population":140}},{"type":"Feature","geometry":{"type":"Point","coordinates":[16.79407,47.6217]},"properties":{"kshId":"18403","name":"Hegykő","county":"Győr-Moson-Sopron","district":"Soproni","population":1686}},{"type":"Feature","geometry":{"type":"Point","coordinates":[17.43304,46.83335]},"properties":{"kshId":"25803","name":"Hegymagas","county":"Veszprém","district":"Tapolcai","population":294}},{"type":"Feature","geometry":{"type":"Point","coordinates":[20.86141,48.33101]},"properties":{"kshId":"02468","name":"Hegymeg","county":"Borsod-Abaúj-Zemplén","district":"Edelényi","population":100}},{"type":"Feature","geometry":{"type":"Point","coordinates":[18.0903,45.90372]},"properties":{"kshId":"21023","name":"Hegyszentmárton","county":"Baranya","district":"Sellyei","population":383}},{"type":"Feature","geometry":{"type":"Point","coordinates":[19.58579,47.77951]},"properties":{"kshId":"03993","name":"Héhalom","county":"Nógrád","district":"Pásztói","population":921}},{"type":"Feature","geometry":{"type":"Point","coordinates":[21.28069,48.42405]},"properties":{"kshId":"22187","name":"Hejce","county":"Borsod-Abaúj-Zemplén","district":"Gönci","population":219}},{"type":"Feature","geometry":{"type":"Point","coordinates":[20.94475,47.90507]},"properties":{"kshId":"06655","name":"Hejőbába","county":"Borsod-Abaúj-Zemplén","district":"Tiszaújvárosi","population":1899}},{"type":"Feature","geometry":{"type":"Point","coordinates":[20.88386,47.96174]},"properties":{"kshId":"04604","name":"Hejőkeresztúr","county":"Borsod-Abaúj-Zemplén","district":"Tiszaújvárosi","population":941}},{"type":"Feature","geometry":{"type":"Point","coordinates":[20.99294,47.85561]},"properties":{"kshId":"02282","name":"Hejőkürt","county":"Borsod-Abaúj-Zemplén","district":"Tiszaújvárosi","population":257}},{"type":"Feature","geometry":{"type":"Point","coordinates":[20.90713,47.89762]},"properties":{"kshId":"16780","name":"Hejőpapi","county":"Borsod-Abaúj-Zemplén","district":"Mezőcsáti","population":993}},{"type":"Feature","geometry":{"type":"Point","coordinates":[20.88251,47.94001]},"properties":{"kshId":"12159","name":"Hejőszalonta","county":"Borsod-Abaúj-Zemplén","district":"Tiszaújvárosi","population":767}},{"type":"Feature","geometry":{"type":"Point","coordinates":[17.97721,46.08831]},"properties":{"kshId":"17190","name":"Helesfa","county":"Baranya","district":"Szentlőrinci","population":428}},{"type":"Feature","geometry":{"type":"Point","coordinates":[19.62128,46.83739]},"properties":{"kshId":"04093","name":"Helvécia","county":"Bács-Kiskun","district":"Kecskeméti","population":5070}},{"type":"Feature","geometry":{"type":"Point","coordinates":[21.69554,47.25078]},"properties":{"kshId":"29391","name":"Hencida","county":"Hajdú-Bihar","district":"Berettyóújfalui","population":1108}},{"type":"Feature","geometry":{"type":"Point","coordinates":[17.62343,46.20034]},"properties":{"kshId":"09946","name":"Hencse","county":"Somogy","district":"Kaposvári","population":300}},{"type":"Feature","geometry":{"type":"Point","coordinates":[18.74489,47.49624]},"properties":{"kshId":"33552","name":"Herceghalom","county":"Pest","district":"Budakeszi","population":2807}},{"type":"Feature","geometry":{"type":"Point","coordinates":[21.5292,48.33691]},"properties":{"kshId":"30137","name":"Hercegkút","county":"Borsod-Abaúj-Zemplén","district":"Sárospataki","population":598}},{"type":"Feature","geometry":{"type":"Point","coordinates":[18.93584,45.9506]},"properties":{"kshId":"12937","name":"Hercegszántó","county":"Bács-Kiskun","district":"Bajai","population":1628}},{"type":"Feature","geometry":{"type":"Point","coordinates":[19.63359,47.7044]},"properties":{"kshId":"20242","name":"Heréd","county":"Heves","district":"Hatvani","population":1745}},{"type":"Feature","geometry":{"type":"Point","coordinates":[18.51166,47.64643]},"properties":{"kshId":"11891","name":"Héreg","county":"Komárom-Esztergom","district":"Tatabányai","population":1098}},{"type":"Feature","geometry":{"type":"Point","coordinates":[19.47258,47.97461]},"properties":{"kshId":"05324","name":"Herencsény","county":"Nógrád","district":"Balassagyarmati","population":549}},{"type":"Feature","geometry":{"type":"Point","coordinates":[17.75234,47.13285]},"properties":{"kshId":"23658","name":"Herend","county":"Veszprém","district":"Veszprémi","population":3438}},{"type":"Feature","geometry":{"type":"Point","coordinates":[17.27604,46.05554]},"properties":{"kshId":"24846","name":"Heresznye","county":"Somogy","district":"Barcsi","population":257}},{"type":"Feature","geometry":{"type":"Point","coordinates":[22.62446,47.90457]},"properties":{"kshId":"12061","name":"Hermánszeg","county":"Szabolcs-Szatmár-Bereg","district":"Fehérgyarmati","population":230}},{"type":"Feature","geometry":{"type":"Point","coordinates":[19.40708,47.16508]},"properties":{"kshId":"09849","name":"Hernád","county":"Pest","district":"Dabasi","population":4143}},{"type":"Feature","geometry":{"type":"Point","coordinates":[21.13558,48.29469]},"properties":{"kshId":"15839","name":"Hernádbűd","county":"Borsod-Abaúj-Zemplén","district":"Gönci","population":124}},{"type":"Feature","geometry":{"type":"Point","coordinates":[21.19749,48.35892]},"properties":{"kshId":"09399","name":"Hernádcéce","county":"Borsod-Abaúj-Zemplén","district":"Gönci","population":250}},{"type":"Feature","geometry":{"type":"Point","coordinates":[20.96418,48.09132]},"properties":{"kshId":"24165","name":"Hernádkak","county":"Borsod-Abaúj-Zemplén","district":"Miskolci","population":1514}},{"type":"Feature","geometry":{"type":"Point","coordinates":[21.0486,48.2419]},"properties":{"kshId":"21829","name":"Hernádkércs","county":"Borsod-Abaúj-Zemplén","district":"Szikszói","population":334}},{"type":"Feature","geometry":{"type":"Point","coordinates":[20.97705,48.07119]},"properties":{"kshId":"31200","name":"Hernádnémeti","county":"Borsod-Abaúj-Zemplén","district":"Miskolci","population":3464}},{"type":"Feature","geometry":{"type":"Point","coordinates":[21.16171,48.48041]},"properties":{"kshId":"24882","name":"Hernádpetri","county":"Borsod-Abaúj-Zemplén","district":"Encsi","population":198}},{"type":"Feature","geometry":{"type":"Point","coordinates":[21.09604,48.28878]},"properties":{"kshId":"17136","name":"Hernádszentandrás","county":"Borsod-Abaúj-Zemplén","district":"Encsi","population":494}},{"type":"Feature","geometry":{"type":"Point","coordinates":[21.20537,48.48055]},"properties":{"kshId":"24970","name":"Hernádszurdok","county":"Borsod-Abaúj-Zemplén","district":"Gönci","population":212}},{"type":"Feature","geometry":{"type":"Point","coordinates":[21.16868,48.44166]},"properties":{"kshId":"19840","name":"Hernádvécse","county":"Borsod-Abaúj-Zemplén","district":"Encsi","population":1064}},{"type":"Feature","geometry":{"type":"Point","coordinates":[16.642,46.64974]},"properties":{"kshId":"19895","name":"Hernyék","county":"Zala","district":"Lenti","population":86}},{"type":"Feature","geometry":{"type":"Point","coordinates":[20.38717,48.2826]},"properties":{"kshId":"08004","name":"Hét","county":"Borsod-Abaúj-Zemplén","district":"Putnoki","population":435}},{"type":"Feature","geometry":{"type":"Point","coordinates":[22.4684,48.12793]},"properties":{"kshId":"05616","name":"Hetefejércse","county":"Szabolcs-Szatmár-Bereg","district":"Vásárosnaményi","population":297}},{"type":"Feature","geometry":{"type":"Point","coordinates":[17.69508,46.42188]},"properties":{"kshId":"09928","name":"Hetes","county":"Somogy","district":"Kaposvári","population":1024}},{"type":"Feature","geometry":{"type":"Point","coordinates":[18.04415,46.13215]},"properties":{"kshId":"07126","name":"Hetvehely","county":"Baranya","district":"Szentlőrinci","population":437}},{"type":"Feature","geometry":{"type":"Point","coordinates":[17.16116,47.04468]},"properties":{"kshId":"15088","name":"Hetyefő","county":"Veszprém","district":"Sümegi","population":77}},{"type":"Feature","geometry":{"type":"Point","coordinates":[20.28977,47.59575]},"properties":{"kshId":"14526","name":"Heves","county":"Heves","district":"Hevesi","population":9870}},{"type":"Feature","geometry":{"type":"Point","coordinates":[20.23527,48.00841]},"properties":{"kshId":"10241","name":"Hevesaranyos","county":"Heves","district":"Egri","population":567}},{"type":"Feature","geometry":{"type":"Point","coordinates":[20.35785,47.55724]},"properties":{"kshId":"04084","name":"Hevesvezekény","county":"Heves","district":"Hevesi","population":593}},{"type":"Feature","geometry":{"type":"Point","coordinates":[17.18345,46.7906]},"properties":{"kshId":"03814","name":"Hévíz","county":"Zala","district":"Keszthelyi","population":4500}},{"type":"Feature","geometry":{"type":"Point","coordinates":[19.51905,47.6303]},"properties":{"kshId":"13949","name":"Hévízgyörk","county":"Pest","district":"Aszódi","population":3348}},{"type":"Feature","geometry":{"type":"Point","coordinates":[18.49775,46.25953]},"properties":{"kshId":"06798","name":"Hidas","county":"Baranya","district":"Pécsváradi","population":1777}},{"type":"Feature","geometry":{"type":"Point","coordinates":[21.22878,48.50027]},"properties":{"kshId":"11697","name":"Hidasnémeti","county":"Borsod-Abaúj-Zemplén","district":"Gönci","population":977}},{"type":"Feature","geometry":{"type":"Point","coordinates":[17.82848,47.00118]},"properties":{"kshId":"20756","name":"Hidegkút","county":"Veszprém","district":"Veszprémi","population":461}},{"type":"Feature","geometry":{"type":"Point","coordinates":[16.74138,47.6252]},"properties":{"kshId":"23375","name":"Hidegség","county":"Győr-Moson-Sopron","district":"Soproni","population":457}},{"type":"Feature","geometry":{"type":"Point","coordinates":[20.83451,48.56077]},"properties":{"kshId":"25672","name":"Hidvégardó","county":"Borsod-Abaúj-Zemplén","district":"Edelényi","population":496}},{"type":"Feature","geometry":{"type":"Point","coordinates":[18.56983,46.08594]},"properties":{"kshId":"27933","name":"Himesháza","county":"Baranya","district":"Mohácsi","population":919}},{"type":"Feature","geometry":{"type":"Point","coordinates":[17.00402,47.51888]},"properties":{"kshId":"04020","name":"Himod","county":"Győr-Moson-Sopron","district":"Kapuvári","population":623}},{"type":"Feature","geometry":{"type":"Point","coordinates":[17.99361,45.82614]},"properties":{"kshId":"03285","name":"Hirics","county":"Baranya","district":"Sellyei","population":232}},{"type":"Feature","geometry":{"type":"Point","coordinates":[17.77743,46.02432]},"properties":{"kshId":"33932","name":"Hobol","county":"Baranya","district":"Szigetvári","population":870}},{"type":"Feature","geometry":{"type":"Point","coordinates":[22.20464,47.91683]},"properties":{"kshId":"13019","name":"Hodász","county":"Szabolcs-Szatmár-Bereg","district":"Mátészalkai","population":3193}},{"type":"Feature","geometry":{"type":"Point","coordinates":[20.31961,46.41713]},"properties":{"kshId":"08314","name":"Hódmezővásárhely","county":"Csongrád-Csanád","district":"Hódmezővásárhelyi","population":41669}},{"type":"Feature","geometry":{"type":"Point","coordinates":[17.30841,46.63982]},"properties":{"kshId":"06211","name":"Hollád","county":"Somogy","district":"Marcali","population":236}},{"type":"Feature","geometry":{"type":"Point","coordinates":[21.41262,48.54166]},"properties":{"kshId":"31167","name":"Hollóháza","county":"Borsod-Abaúj-Zemplén","district":"Sátoraljaújhelyi","population":735}},{"type":"Feature","geometry":{"type":"Point","coordinates":[19.59157,47.99747]},"properties":{"kshId":"33242","name":"Hollókő","county":"Nógrád","district":"Szécsényi","population":308}},{"type":"Feature","geometry":{"type":"Point","coordinates":[17.58986,47.30306]},"properties":{"kshId":"27818","name":"Homokbödöge","county":"Veszprém","district":"Pápai","population":594}},{"type":"Feature","geometry":{"type":"Point","coordinates":[16.91566,46.50551]},"properties":{"kshId":"24873","name":"Homokkomárom","county":"Zala","district":"Nagykanizsai","population":266}},{"type":"Feature","geometry":{"type":"Point","coordinates":[19.07374,46.48799]},"properties":{"kshId":"27845","name":"Homokmégy","county":"Bács-Kiskun","district":"Kalocsai","population":1174}},{"type":"Feature","geometry":{"type":"Point","coordinates":[17.56897,46.116]},"properties":{"kshId":"19150","name":"Homokszentgyörgy","county":"Somogy","district":"Barcsi","population":927}},{"type":"Feature","geometry":{"type":"Point","coordinates":[18.78798,45.98483]},"properties":{"kshId":"29966","name":"Homorúd","county":"Baranya","district":"Mohácsi","population":522}},{"type":"Feature","geometry":{"type":"Point","coordinates":[20.91328,48.28191]},"properties":{"kshId":"21236","name":"Homrogd","county":"Borsod-Abaúj-Zemplén","district":"Szikszói","population":899}},{"type":"Feature","geometry":{"type":"Point","coordinates":[18.99127,48.05008]},"properties":{"kshId":"13204","name":"Hont","county":"Nógrád","district":"Balassagyarmati","population":511}},{"type":"Feature","geometry":{"type":"Point","coordinates":[19.13124,47.99673]},"properties":{"kshId":"13718","name":"Horpács","county":"Nógrád","district":"Rétsági","population":152}},{"type":"Feature","geometry":{"type":"Point","coordinates":[19.78261,47.68957]},"properties":{"kshId":"04145","name":"Hort","county":"Heves","district":"Hatvani","population":3575}},{"type":"Feature","geometry":{"type":"Point","coordinates":[21.15254,47.58261]},"properties":{"kshId":"04118","name":"Hortobágy","county":"Hajdú-Bihar","district":"Balmazújvárosi","population":1229}},{"type":"Feature","geometry":{"type":"Point","coordinates":[17.92752,46.17687]},"properties":{"kshId":"23074","name":"Horváthertelend","county":"Baranya","district":"Szigetvári","population":51}},{"type":"Feature","geometry":{"type":"Point","coordinates":[16.46128,47.17946]},"properties":{"kshId":"12733","name":"Horvátlövő","county":"Vas","district":"Szombathelyi","population":185}},{"type":"Feature","geometry":{"type":"Point","coordinates":[16.62519,47.41088]},"properties":{"kshId":"16887","name":"Horvátzsidány","county":"Vas","district":"Kőszegi","population":799}},{"type":"Feature","geometry":{"type":"Point","coordinates":[18.35277,46.1613]},"properties":{"kshId":"30836","name":"Hosszúhetény","county":"Baranya","district":"Pécsi","population":3341}},{"type":"Feature","geometry":{"type":"Point","coordinates":[21.73352,47.39177]},"properties":{"kshId":"06266","name":"Hosszúpályi","county":"Hajdú-Bihar","district":"Derecskei","population":5473}},{"type":"Feature","geometry":{"type":"Point","coordinates":[17.02318,47.0955]},"properties":{"kshId":"20880","name":"Hosszúpereszteg","county":"Vas","district":"Sárvári","population":610}},{"type":"Feature","geometry":{"type":"Point","coordinates":[17.4434,46.51708]},"properties":{"kshId":"30775","name":"Hosszúvíz","county":"Somogy","district":"Marcali","population":55}},{"type":"Feature","geometry":{"type":"Point","coordinates":[16.93039,46.51243]},"properties":{"kshId":"11208","name":"Hosszúvölgy","county":"Zala","district":"Nagykanizsai","population":181}},{"type":"Feature","geometry":{"type":"Point","coordinates":[17.24012,47.08675]},"properties":{"kshId":"07250","name":"Hosztót","county":"Veszprém","district":"Sümegi","population":70}},{"type":"Feature","geometry":{"type":"Point","coordinates":[16.75353,46.84678]},"properties":{"kshId":"28325","name":"Hottó","county":"Zala","district":"Zalaegerszegi","population":332}},{"type":"Feature","geometry":{"type":"Point","coordinates":[18.41874,46.49575]},"properties":{"kshId":"26055","name":"Hőgyész","county":"Tolna","district":"Tamási","population":2501}},{"type":"Feature","geometry":{"type":"Point","coordinates":[17.02042,47.54946]},"properties":{"kshId":"10029","name":"Hövej","county":"Győr-Moson-Sopron","district":"Kapuvári","population":335}},{"type":"Feature","geometry":{"type":"Point","coordinates":[19.43374,48.08725]},"properties":{"kshId":"16878","name":"Hugyag","county":"Nógrád","district":"Balassagyarmati","population":888}},{"type":"Feature","geometry":{"type":"Point","coordinates":[20.8443,46.81195]},"properties":{"kshId":"33297","name":"Hunya","county":"Békés","district":"Gyomaendrődi","population":551}},{"type":"Feature","geometry":{"type":"Point","coordinates":[20.37088,47.31205]},"properties":{"kshId":"34050","name":"Hunyadfalva","county":"Jász-Nagykun-Szolnok","district":"Szolnoki","population":163}},{"type":"Feature","geometry":{"type":"Point","coordinates":[18.0927,46.17199]},"properties":{"kshId":"31431","name":"Husztót","county":"Baranya","district":"Pécsi","population":53}},{"type":"Feature","geometry":{"type":"Point","coordinates":[17.91718,46.15494]},"properties":{"kshId":"33066","name":"Ibafa","county":"Baranya","district":"Szigetvári","population":179}},{"type":"Feature","geometry":{"type":"Point","coordinates":[16.74963,46.73829]},"properties":{"kshId":"03188","name":"Iborfia","county":"Zala","district":"Zalaegerszegi","population":13}},{"type":"Feature","geometry":{"type":"Point","coordinates":[21.71022,48.12259]},"properties":{"kshId":"25636","name":"Ibrány","county":"Szabolcs-Szatmár-Bereg","district":"Ibrányi","population":6256}},{"type":"Feature","geometry":{"type":"Point","coordinates":[17.93867,46.53455]},"properties":{"kshId":"11192","name":"Igal","county":"Somogy","district":"Kaposvári","population":1346}},{"type":"Feature","geometry":{"type":"Point","coordinates":[18.51454,46.77598]},"properties":{"kshId":"17738","name":"Igar","county":"Fejér","district":"Sárbogárdi","population":737}},{"type":"Feature","geometry":{"type":"Point","coordinates":[20.88265,47.86608]},"properties":{"kshId":"25399","name":"Igrici","county":"Borsod-Abaúj-Zemplén","district":"Mezőcsáti","population":1071}},{"type":"Feature","geometry":{"type":"Point","coordinates":[17.09247,46.33864]},"properties":{"kshId":"19619","name":"Iharos","county":"Somogy","district":"Csurgói","population":431}},{"type":"Feature","geometry":{"type":"Point","coordinates":[17.11141,46.3635]},"properties":{"kshId":"27784","name":"Iharosberény","county":"Somogy","district":"Csurgói","population":1147}},{"type":"Feature","geometry":{"type":"Point","coordinates":[16.89539,47.20821]},"properties":{"kshId":"11387","name":"Ikervár","county":"Vas","district":"Sárvári","population":1621}},{"type":"Feature","geometry":{"type":"Point","coordinates":[19.44339,47.65939]},"properties":{"kshId":"03300","name":"Iklad","county":"Pest","district":"Aszódi","population":1978}},{"type":"Feature","geometry":{"type":"Point","coordinates":[16.80342,47.42471]},"properties":{"kshId":"29504","name":"Iklanberény","county":"Vas","district":"Kőszegi","population":50}},{"type":"Feature","geometry":{"type":"Point","coordinates":[16.6117,46.60518]},"properties":{"kshId":"13921","name":"Iklódbördőce","county":"Zala","district":"Lenti","population":257}},{"type":"Feature","geometry":{"type":"Point","coordinates":[17.52925,47.65403]},"properties":{"kshId":"20604","name":"Ikrény","county":"Győr-Moson-Sopron","district":"Győri","population":1839}},{"type":"Feature","geometry":{"type":"Point","coordinates":[19.42734,48.03239]},"properties":{"kshId":"26833","name":"Iliny","county":"Nógrád","district":"Balassagyarmati","population":132}},{"type":"Feature","geometry":{"type":"Point","coordinates":[22.23162,48.11969]},"properties":{"kshId":"09654","name":"Ilk","county":"Szabolcs-Szatmár-Bereg","district":"Vásárosnaményi","population":1109}},{"type":"Feature","geometry":{"type":"Point","coordinates":[18.52227,45.80077]},"properties":{"kshId":"31936","name":"Illocska","county":"Baranya","district":"Siklósi","population":232}},{"type":"Feature","geometry":{"type":"Point","coordinates":[20.55112,48.42007]},"properties":{"kshId":"16577","name":"Imola","county":"Borsod-Abaúj-Zemplén","district":"Putnoki","population":77}},{"type":"Feature","geometry":{"type":"Point","coordinates":[19.3037,46.48453]},"properties":{"kshId":"08095","name":"Imrehegy","county":"Bács-Kiskun","district":"Kiskőrösi","population":586}},{"type":"Feature","geometry":{"type":"Point","coordinates":[21.06764,48.28392]},"properties":{"kshId":"08086","name":"Ináncs","county":"Borsod-Abaúj-Zemplén","district":"Encsi","population":1143}},{"type":"Feature","geometry":{"type":"Point","coordinates":[19.32914,47.26094]},"properties":{"kshId":"32106","name":"Inárcs","county":"Pest","district":"Dabasi","population":4885}},{"type":"Feature","geometry":{"type":"Point","coordinates":[17.19948,46.39473]},"properties":{"kshId":"26301","name":"Inke","county":"Somogy","district":"Csurgói","population":1077}},{"type":"Feature","geometry":{"type":"Point","coordinates":[18.20461,45.83431]},"properties":{"kshId":"29948","name":"Ipacsfa","county":"Baranya","district":"Siklósi","population":185}},{"type":"Feature","geometry":{"type":"Point","coordinates":[18.82933,47.84162]},"properties":{"kshId":"28097","name":"Ipolydamásd","county":"Pest","district":"Szobi","population":397}},{"type":"Feature","geometry":{"type":"Point","coordinates":[19.23185,48.05461]},"properties":{"kshId":"01508","name":"Ipolyszög","county":"Nógrád","district":"Balassagyarmati","population":553}},{"type":"Feature","geometry":{"type":"Point","coordinates":[19.627,48.23756]},"properties":{"kshId":"03328","name":"Ipolytarnóc","county":"Nógrád","district":"Salgótarjáni","population":398}},{"type":"Feature","geometry":{"type":"Point","coordinates":[18.7744,47.9229]},"properties":{"kshId":"04978","name":"Ipolytölgyes","county":"Pest","district":"Szobi","population":373}},{"type":"Feature","geometry":{"type":"Point","coordinates":[19.10255,48.06196]},"properties":{"kshId":"29319","name":"Ipolyvece","county":"Nógrád","district":"Balassagyarmati","population":707}},{"type":"Feature","geometry":{"type":"Point","coordinates":[18.1836,46.69301]},"properties":{"kshId":"04701","name":"Iregszemcse","county":"Tolna","district":"Tamási","population":2382}},{"type":"Feature","geometry":{"type":"Point","coordinates":[20.87588,48.39823]},"properties":{"kshId":"05005","name":"Irota","county":"Borsod-Abaúj-Zemplén","district":"Edelényi","population":76}},{"type":"Feature","geometry":{"type":"Point","coordinates":[19.4017,47.53033]},"properties":{"kshId":"07807","name":"Isaszeg","county":"Pest","district":"Gödöllői","population":11556}},{"type":"Feature","geometry":{"type":"Point","coordinates":[16.44199,46.86326]},"properties":{"kshId":"07977","name":"Ispánk","county":"Vas","district":"Körmendi","population":91}},{"type":"Feature","geometry":{"type":"Point","coordinates":[20.05181,48.08297]},"properties":{"kshId":"10074","name":"Istenmezeje","county":"Heves","district":"Pétervásárai","population":1232}},{"type":"Feature","geometry":{"type":"Point","coordinates":[17.62204,46.01999]},"properties":{"kshId":"21333","name":"Istvándi","county":"Somogy","district":"Barcsi","population":492}},{"type":"Feature","geometry":{"type":"Point","coordinates":[18.29502,47.2382]},"properties":{"kshId":"32018","name":"Iszkaszentgyörgy","county":"Fejér","district":"Székesfehérvári","population":2277}},{"type":"Feature","geometry":{"type":"Point","coordinates":[17.29797,47.1641]},"properties":{"kshId":"28015","name":"Iszkáz","county":"Veszprém","district":"Devecseri","population":330}},{"type":"Feature","geometry":{"type":"Point","coordinates":[18.19605,47.27838]},"properties":{"kshId":"02200","name":"Isztimér","county":"Fejér","district":"Móri","population":897}},{"type":"Feature","geometry":{"type":"Point","coordinates":[20.06082,48.02072]},"properties":{"kshId":"13879","name":"Ivád","county":"Heves","district":"Pétervásárai","population":327}},{"type":"Feature","geometry":{"type":"Point","coordinates":[16.90603,47.4433]},"properties":{"kshId":"31635","name":"Iván","county":"Győr-Moson-Sopron","district":"Soproni","population":1169}},{"type":"Feature","geometry":{"type":"Point","coordinates":[18.41797,45.90757]},"properties":{"kshId":"03337","name":"Ivánbattyán","county":"Baranya","district":"Siklósi","population":97}},{"type":"Feature","geometry":{"type":"Point","coordinates":[16.49838,46.93937]},"properties":{"kshId":"31680","name":"Ivánc","county":"Vas","district":"Körmendi","population":596}},{"type":"Feature","geometry":{"type":"Point","coordinates":[18.83115,47.14733]},"properties":{"kshId":"13462","name":"Iváncsa","county":"Fejér","district":"Dunaújvárosi","population":2790}},{"type":"Feature","geometry":{"type":"Point","coordinates":[18.59043,45.83291]},"properties":{"kshId":"03346","name":"Ivándárda","county":"Baranya","district":"Mohácsi","population":181}},{"type":"Feature","geometry":{"type":"Point","coordinates":[18.41451,46.31338]},"properties":{"kshId":"27711","name":"Izmény","county":"Tolna","district":"Bonyhádi","population":440}},{"type":"Feature","geometry":{"type":"Point","coordinates":[19.35954,46.80092]},"properties":{"kshId":"21999","name":"Izsák","county":"Bács-Kiskun","district":"Kiskőrösi","population":5511}},{"type":"Feature","geometry":{"type":"Point","coordinates":[20.65726,48.30945]},"properties":{"kshId":"05591","name":"Izsófalva","county":"Borsod-Abaúj-Zemplén","district":"Kazincbarcikai","population":1682}},{"type":"Feature","geometry":{"type":"Point","coordinates":[18.09154,46.31535]},"properties":{"kshId":"09326","name":"Jágónak","county":"Tolna","district":"Dombóvári","population":218}},{"type":"Feature","geometry":{"type":"Point","coordinates":[16.58072,47.14105]},"properties":{"kshId":"13958","name":"Ják","county":"Vas","district":"Szombathelyi","population":2548}},{"type":"Feature","geometry":{"type":"Point","coordinates":[19.60078,46.76149]},"properties":{"kshId":"17923","name":"Jakabszállás","county":"Bács-Kiskun","district":"Kecskeméti","population":2666}},{"type":"Feature","geometry":{"type":"Point","coordinates":[16.95495,47.33842]},"properties":{"kshId":"06406","name":"Jákfa","county":"Vas","district":"Sárvári","population":457}},{"type":"Feature","geometry":{"type":"Point","coordinates":[20.57014,48.33279]},"properties":{"kshId":"20233","name":"Jákfalva","county":"Borsod-Abaúj-Zemplén","district":"Putnoki","population":487}},{"type":"Feature","geometry":{"type":"Point","coordinates":[17.55263,46.33633]},"properties":{"kshId":"15927","name":"Jákó","county":"Somogy","district":"Kaposvári","population":578}},{"type":"Feature","geometry":{"type":"Point","coordinates":[22.3727,48.11435]},"properties":{"kshId":"17075","name":"Jánd","county":"Szabolcs-Szatmár-Bereg","district":"Vásárosnaményi","population":715}},{"type":"Feature","geometry":{"type":"Point","coordinates":[22.64917,47.94005]},"properties":{"kshId":"07843","name":"Jánkmajtis","county":"Szabolcs-Szatmár-Bereg","district":"Fehérgyarmati","population":1647}},{"type":"Feature","geometry":{"type":"Point","coordinates":[19.32359,46.29723]},"properties":{"kshId":"09469","name":"Jánoshalma","county":"Bács-Kiskun","district":"Jánoshalmai","population":7973}},{"type":"Feature","geometry":{"type":"Point","coordinates":[17.16427,47.11988]},"properties":{"kshId":"11679","name":"Jánosháza","county":"Vas","district":"Celldömölki","population":2187}},{"type":"Feature","geometry":{"type":"Point","coordinates":[20.05657,47.38392]},"properties":{"kshId":"22859","name":"Jánoshida","county":"Jász-Nagykun-Szolnok","district":"Jászapáti","population":2392}},{"type":"Feature","geometry":{"type":"Point","coordinates":[17.13642,47.78592]},"properties":{"kshId":"29221","name":"Jánossomorja","county":"Győr-Moson-Sopron","district":"Mosonmagyaróvári","population":5863}},{"type":"Feature","geometry":{"type":"Point","coordinates":[20.25104,48.1577]},"properties":{"kshId":"26657","name":"Járdánháza","county":"Borsod-Abaúj-Zemplén","district":"Ózdi","population":1660}},{"type":"Feature","geometry":{"type":"Point","coordinates":[22.25194,47.97138]},"properties":{"kshId":"17589","name":"Jármi","county":"Szabolcs-Szatmár-Bereg","district":"Mátészalkai","population":1166}},{"type":"Feature","geometry":{"type":"Point","coordinates":[18.02616,47.28295]},"properties":{"kshId":"17437","name":"Jásd","county":"Veszprém","district":"Várpalotai","population":631}},{"type":"Feature","geometry":{"type":"Point","coordinates":[19.85449,47.59233]},"properties":{"kshId":"22929","name":"Jászágó","county":"Jász-Nagykun-Szolnok","district":"Jászberényi","population":677}},{"type":"Feature","geometry":{"type":"Point","coordinates":[20.09115,47.37185]},"properties":{"kshId":"30711","name":"Jászalsószentgyörgy","county":"Jász-Nagykun-Szolnok","district":"Jászapáti","population":3127}},{"type":"Feature","geometry":{"type":"Point","coordinates":[20.14042,47.51372]},"properties":{"kshId":"22202","name":"Jászapáti","county":"Jász-Nagykun-Szolnok","district":"Jászapáti","population":8107}},{"type":"Feature","geometry":{"type":"Point","coordinates":[19.97865,47.64454]},"properties":{"kshId":"22105","name":"Jászárokszállás","county":"Jász-Nagykun-Szolnok","district":"Jászberényi","population":7429}},{"type":"Feature","geometry":{"type":"Point","coordinates":[19.91179,47.50305]},"properties":{"kshId":"18209","name":"Jászberény","county":"Jász-Nagykun-Szolnok","district":"Jászberényi","population":25323}},{"type":"Feature","geometry":{"type":"Point","coordinates":[19.9958,47.36867]},"properties":{"kshId":"15811","name":"Jászboldogháza","county":"Jász-Nagykun-Szolnok","district":"Jászberényi","population":1601}},{"type":"Feature","geometry":{"type":"Point","coordinates":[20.01408,47.56509]},"properties":{"kshId":"17978","name":"Jászdózsa","county":"Jász-Nagykun-Szolnok","district":"Jászapáti","population":2020}},{"type":"Feature","geometry":{"type":"Point","coordinates":[19.79269,47.50862]},"properties":{"kshId":"23579","name":"Jászfelsőszentgyörgy","county":"Jász-Nagykun-Szolnok","district":"Jászberényi","population":1894}},{"type":"Feature","geometry":{"type":"Point","coordinates":[19.71681,47.56923]},"properties":{"kshId":"23339","name":"Jászfényszaru","county":"Jász-Nagykun-Szolnok","district":"Jászberényi","population":5876}},{"type":"Feature","geometry":{"type":"Point","coordinates":[20.24647,47.52224]},"properties":{"kshId":"24086","name":"Jászivány","county":"Jász-Nagykun-Szolnok","district":"Jászapáti","population":370}},{"type":"Feature","geometry":{"type":"Point","coordinates":[19.98911,47.52194]},"properties":{"kshId":"25186","name":"Jászjákóhalma","county":"Jász-Nagykun-Szolnok","district":"Jászberényi","population":2733}},{"type":"Feature","geometry":{"type":"Point","coordinates":[20.06833,47.05378]},"properties":{"kshId":"11004","name":"Jászkarajenő","county":"Pest","district":"Ceglédi","population":2473}},{"type":"Feature","geometry":{"type":"Point","coordinates":[20.21578,47.45944]},"properties":{"kshId":"22798","name":"Jászkisér","county":"Jász-Nagykun-Szolnok","district":"Jászapáti","population":4753}},{"type":"Feature","geometry":{"type":"Point","coordinates":[20.16536,47.36495]},"properties":{"kshId":"21111","name":"Jászladány","county":"Jász-Nagykun-Szolnok","district":"Jászapáti","population":5492}},{"type":"Feature","geometry":{"type":"Point","coordinates":[20.17352,47.58399]},"properties":{"kshId":"13514","name":"Jászszentandrás","county":"Jász-Nagykun-Szolnok","district":"Jászapáti","population":2560}},{"type":"Feature","geometry":{"type":"Point","coordinates":[19.76032,46.56794]},"properties":{"kshId":"08378","name":"Jászszentlászló","county":"Bács-Kiskun","district":"Kiskunmajsai","population":2365}},{"type":"Feature","geometry":{"type":"Point","coordinates":[20.00231,47.48137]},"properties":{"kshId":"23135","name":"Jásztelek","county":"Jász-Nagykun-Szolnok","district":"Jászberényi","population":1554}},{"type":"Feature","geometry":{"type":"Point","coordinates":[22.15151,48.2388]},"properties":{"kshId":"13143","name":"Jéke","county":"Szabolcs-Szatmár-Bereg","district":"Kisvárdai","population":690}},{"type":"Feature","geometry":{"type":"Point","coordinates":[18.24995,47.10579]},"properties":{"kshId":"15972","name":"Jenő","county":"Fejér","district":"Székesfehérvári","population":1224}},{"type":"Feature","geometry":{"type":"Point","coordinates":[17.1865,47.58175]},"properties":{"kshId":"06646","name":"Jobaháza","county":"Győr-Moson-Sopron","district":"Csornai","population":484}},{"type":"Feature","geometry":{"type":"Point","coordinates":[19.67678,47.83035]},"properties":{"kshId":"08712","name":"Jobbágyi","county":"Nógrád","district":"Pásztói","population":1819}},{"type":"Feature","geometry":{"type":"Point","coordinates":[20.55253,48.48238]},"properties":{"kshId":"15680","name":"Jósvafő","county":"Borsod-Abaúj-Zemplén","district":"Putnoki","population":249}},{"type":"Feature","geometry":{"type":"Point","coordinates":[17.73422,46.40608]},"properties":{"kshId":"17279","name":"Juta","county":"Somogy","district":"Kaposvári","population":1097}},{"type":"Feature","geometry":{"type":"Point","coordinates":[21.27426,47.35762]},"properties":{"kshId":"02307","name":"Kaba","county":"Hajdú-Bihar","district":"Püspökladányi","population":5144}},{"type":"Feature","geometry":{"type":"Point","coordinates":[16.9541,46.57384]},"properties":{"kshId":"22965","name":"Kacorlak","county":"Zala","district":"Nagykanizsai","population":183}},{"type":"Feature","geometry":{"type":"Point","coordinates":[20.60858,47.95861]},"properties":{"kshId":"32993","name":"Kács","county":"Borsod-Abaúj-Zemplén","district":"Mezőkövesdi","population":432}},{"type":"Feature","geometry":{"type":"Point","coordinates":[17.95706,46.03767]},"properties":{"kshId":"04297","name":"Kacsóta","county":"Baranya","district":"Szentlőrinci","population":289}},{"type":"Feature","geometry":{"type":"Point","coordinates":[17.61787,46.22856]},"properties":{"kshId":"26453","name":"Kadarkút","county":"Somogy","district":"Kaposvári","population":2305}},{"type":"Feature","geometry":{"type":"Point","coordinates":[17.62726,47.49519]},"properties":{"kshId":"12113","name":"Kajárpéc","county":"Győr-Moson-Sopron","district":"Győri","population":1343}},{"type":"Feature","geometry":{"type":"Point","coordinates":[18.72176,47.32648]},"properties":{"kshId":"21342","name":"Kajászó","county":"Fejér","district":"Martonvásári","population":1239}},{"type":"Feature","geometry":{"type":"Point","coordinates":[18.61857,46.56408]},"properties":{"kshId":"14100","name":"Kajdacs","county":"Tolna","district":"Paksi","population":1015}},{"type":"Feature","geometry":{"type":"Point","coordinates":[18.5927,46.34627]},"properties":{"kshId":"02033","name":"Kakasd","county":"Tolna","district":"Bonyhádi","population":1489}},{"type":"Feature","geometry":{"type":"Point","coordinates":[17.85747,45.90309]},"properties":{"kshId":"06415","name":"Kákics","county":"Baranya","district":"Sellyei","population":193}},{"type":"Feature","geometry":{"type":"Point","coordinates":[19.36674,47.24162]},"properties":{"kshId":"32230","name":"Kakucs","county":"Pest","district":"Dabasi","population":3170}},{"type":"Feature","geometry":{"type":"Point","coordinates":[20.25924,47.73388]},"properties":{"kshId":"32179","name":"Kál","county":"Heves","district":"Füzesabonyi","population":3446}},{"type":"Feature","geometry":{"type":"Point","coordinates":[18.47452,46.50154]},"properties":{"kshId":"23791","name":"Kalaznó","county":"Tolna","district":"Tamási","population":118}},{"type":"Feature","geometry":{"type":"Point","coordinates":[17.04488,47.16406]},"properties":{"kshId":"29957","name":"Káld","county":"Vas","district":"Sárvári","population":963}},{"type":"Feature","geometry":{"type":"Point","coordinates":[19.49199,47.74897]},"properties":{"kshId":"08642","name":"Kálló","county":"Nógrád","district":"Pásztói","population":1636}},{"type":"Feature","geometry":{"type":"Point","coordinates":[17.06232,46.87164]},"properties":{"kshId":"05537","name":"Kallósd","county":"Zala","district":"Zalaszentgróti","population":97}},{"type":"Feature","geometry":{"type":"Point","coordinates":[21.92486,47.86034]},"properties":{"kshId":"31404","name":"Kállósemjén","county":"Szabolcs-Szatmár-Bereg","district":"Nagykállói","population":3390}},{"type":"Feature","geometry":{"type":"Point","coordinates":[17.6184,46.06721]},"properties":{"kshId":"06105","name":"Kálmáncsa","county":"Somogy","district":"Barcsi","population":539}},{"type":"Feature","geometry":{"type":"Point","coordinates":[21.57722,47.87343]},"properties":{"kshId":"27225","name":"Kálmánháza","county":"Szabolcs-Szatmár-Bereg","district":"Nyíregyházi","population":1735}},{"type":"Feature","geometry":{"type":"Point","coordinates":[16.56096,46.75637]},"properties":{"kshId":"21500","name":"Kálócfa","county":"Zala","district":"Lenti","population":124}},{"type":"Feature","geometry":{"type":"Point","coordinates":[18.9825,46.52303]},"properties":{"kshId":"06442","name":"Kalocsa","county":"Bács-Kiskun","district":"Kalocsai","population":14257}},{"type":"Feature","geometry":{"type":"Point","coordinates":[18.48236,46.95522]},"properties":{"kshId":"16683","name":"Káloz","county":"Fejér","district":"Székesfehérvári","population":2230}},{"type":"Feature","geometry":{"type":"Point","coordinates":[16.8812,47.10395]},"properties":{"kshId":"04640","name":"Kám","county":"Vas","district":"Vasvári","population":405}},{"type":"Feature","geometry":{"type":"Point","coordinates":[17.20344,47.14832]},"properties":{"kshId":"19141","name":"Kamond","county":"Veszprém","district":"Devecseri","population":434}},{"type":"Feature","geometry":{"type":"Point","coordinates":[20.98328,46.76031]},"properties":{"kshId":"04279","name":"Kamut","county":"Békés","district":"Békési","population":892}},{"type":"Feature","geometry":{"type":"Point","coordinates":[20.59586,48.42607]},"properties":{"kshId":"07764","name":"Kánó","county":"Borsod-Abaúj-Zemplén","district":"Putnoki","population":136}},{"type":"Feature","geometry":{"type":"Point","coordinates":[22.14895,47.9357]},"properties":{"kshId":"02671","name":"Kántorjánosi","county":"Szabolcs-Szatmár-Bereg","district":"Mátészalkai","population":1885}},{"type":"Feature","geometry":{"type":"Point","coordinates":[21.0136,48.51496]},"properties":{"kshId":"25742","name":"Kány","county":"Borsod-Abaúj-Zemplén","district":"Encsi","population":62}},{"type":"Feature","geometry":{"type":"Point","coordinates":[18.06792,46.69994]},"properties":{"kshId":"05272","name":"Kánya","county":"Somogy","district":"Tabi","population":409}},{"type":"Feature","geometry":{"type":"Point","coordinates":[16.68058,46.57284]},"properties":{"kshId":"04473","name":"Kányavár","county":"Zala","district":"Lenti","population":131}},{"type":"Feature","geometry":{"type":"Point","coordinates":[17.60893,46.9559]},"properties":{"kshId":"14553","name":"Kapolcs","county":"Veszprém","district":"Tapolcai","population":484}},{"type":"Feature","geometry":{"type":"Point","coordinates":[20.24697,47.76046]},"properties":{"kshId":"15307","name":"Kápolna","county":"Heves","district":"Füzesabonyi","population":1375}},{"type":"Feature","geometry":{"type":"Point","coordinates":[18.67228,47.2375]},"properties":{"kshId":"21926","name":"Kápolnásnyék","county":"Fejér","district":"Gárdonyi","population":4087}},{"type":"Feature","geometry":{"type":"Point","coordinates":[17.97073,46.73092]},"properties":{"kshId":"33394","name":"Kapoly","county":"Somogy","district":"Tabi","population":595}},{"type":"Feature","geometry":{"type":"Point","coordinates":[17.6528,46.359]},"properties":{"kshId":"09098","name":"Kaposfő","county":"Somogy","district":"Kaposvári","population":1448}},{"type":"Feature","geometry":{"type":"Point","coordinates":[17.88321,46.27993]},"properties":{"kshId":"28811","name":"Kaposgyarmat","county":"Somogy","district":"Kaposvári","population":76}},{"type":"Feature","geometry":{"type":"Point","coordinates":[17.92092,46.36205]},"properties":{"kshId":"25867","name":"Kaposhomok","county":"Somogy","district":"Kaposvári","population":457}},{"type":"Feature","geometry":{"type":"Point","coordinates":[17.96521,46.33206]},"properties":{"kshId":"12663","name":"Kaposkeresztúr","county":"Somogy","district":"Kaposvári","population":317}},{"type":"Feature","geometry":{"type":"Point","coordinates":[17.70553,46.36126]},"properties":{"kshId":"18227","name":"Kaposmérő","county":"Somogy","district":"Kaposvári","population":2316}},{"type":"Feature","geometry":{"type":"Point","coordinates":[18.09735,46.37572]},"properties":{"kshId":"23296","name":"Kapospula","county":"Tolna","district":"Dombóvári","population":829}},{"type":"Feature","geometry":{"type":"Point","coordinates":[17.72591,46.36679]},"properties":{"kshId":"15732","name":"Kaposújlak","county":"Somogy","district":"Kaposvári","population":723}},{"type":"Feature","geometry":{"type":"Point","coordinates":[17.78869,46.35647]},"properties":{"kshId":"20473","name":"Kaposvár","county":"Somogy","district":"Kaposvári","population":58459}},{"type":"Feature","geometry":{"type":"Point","coordinates":[18.12995,46.32969]},"properties":{"kshId":"18962","name":"Kaposszekcső","county":"Tolna","district":"Dombóvári","population":1514}},{"type":"Feature","geometry":{"type":"Point","coordinates":[17.75575,46.32258]},"properties":{"kshId":"06424","name":"Kaposszerdahely","county":"Somogy","district":"Kaposvári","population":954}},{"type":"Feature","geometry":{"type":"Point","coordinates":[17.34413,47.06589]},"properties":{"kshId":"14270","name":"Káptalanfa","county":"Veszprém","district":"Sümegi","population":729}},{"type":"Feature","geometry":{"type":"Point","coordinates":[17.51365,46.84981]},"properties":{"kshId":"05634","name":"Káptalantóti","county":"Veszprém","district":"Tapolcai","population":483}},{"type":"Feature","geometry":{"type":"Point","coordinates":[17.02747,47.59369]},"properties":{"kshId":"28334","name":"Kapuvár","county":"Győr-Moson-Sopron","district":"Kapuvári","population":9974}},{"type":"Feature","geometry":{"type":"Point","coordinates":[18.01065,46.61734]},"properties":{"kshId":"05351","name":"Kára","county":"Somogy","district":"Tabi","population":54}},{"type":"Feature","geometry":{"type":"Point","coordinates":[20.02735,47.72809]},"properties":{"kshId":"05935","name":"Karácsond","county":"Heves","district":"Gyöngyösi","population":2785}},{"type":"Feature","geometry":{"type":"Point","coordinates":[17.83855,46.69345]},"properties":{"kshId":"05263","name":"Karád","county":"Somogy","district":"Fonyódi","population":1407}},{"type":"Feature","geometry":{"type":"Point","coordinates":[17.20066,47.11587]},"properties":{"kshId":"10913","name":"Karakó","county":"Vas","district":"Celldömölki","population":197}},{"type":"Feature","geometry":{"type":"Point","coordinates":[17.28647,47.13211]},"properties":{"kshId":"08749","name":"Karakószörcsök","county":"Veszprém","district":"Devecseri","population":288}},{"type":"Feature","geometry":{"type":"Point","coordinates":[19.75188,48.13366]},"properties":{"kshId":"18625","name":"Karancsalja","county":"Nógrád","district":"Salgótarjáni","population":1392}},{"type":"Feature","geometry":{"type":"Point","coordinates":[19.74523,48.18373]},"properties":{"kshId":"25548","name":"Karancsberény","county":"Nógrád","district":"Salgótarjáni","population":686}},{"type":"Feature","geometry":{"type":"Point","coordinates":[19.69894,48.16351]},"properties":{"kshId":"08855","name":"Karancskeszi","county":"Nógrád","district":"Salgótarjáni","population":1620}},{"type":"Feature","geometry":{"type":"Point","coordinates":[19.73608,48.15269]},"properties":{"kshId":"21041","name":"Karancslapujtő","county":"Nógrád","district":"Salgótarjáni","population":2453}},{"type":"Feature","geometry":{"type":"Point","coordinates":[19.65906,48.11512]},"properties":{"kshId":"26897","name":"Karancsság","county":"Nógrád","district":"Salgótarjáni","population":1166}},{"type":"Feature","geometry":{"type":"Point","coordinates":[18.31764,46.26637]},"properties":{"kshId":"05999","name":"Kárász","county":"Baranya","district":"Komlói","population":305}},{"type":"Feature","geometry":{"type":"Point","coordinates":[20.92409,47.31465]},"properties":{"kshId":"04923","name":"Karcag","county":"Jász-Nagykun-Szolnok","district":"Karcagi","population":18022}},{"type":"Feature","geometry":{"type":"Point","coordinates":[21.79299,48.31141]},"properties":{"kshId":"21218","name":"Karcsa","county":"Borsod-Abaúj-Zemplén","district":"Cigándi","population":1560}},{"type":"Feature","geometry":{"type":"Point","coordinates":[20.71953,46.79689]},"properties":{"kshId":"24794","name":"Kardos","county":"Békés","district":"Szarvasi","population":503}},{"type":"Feature","geometry":{"type":"Point","coordinates":[20.70151,46.49661]},"properties":{"kshId":"12177","name":"Kardoskút","county":"Békés","district":"Orosházi","population":728}},{"type":"Feature","geometry":{"type":"Point","coordinates":[17.17405,46.83653]},"properties":{"kshId":"18041","name":"Karmacs","county":"Zala","district":"Keszthelyi","population":736}},{"type":"Feature","geometry":{"type":"Point","coordinates":[17.34479,47.80362]},"properties":{"kshId":"34351","name":"Károlyháza","county":"Győr-Moson-Sopron","district":"Mosonmagyaróvári","population":420}},{"type":"Feature","geometry":{"type":"Point","coordinates":[21.74296,48.33212]},"properties":{"kshId":"30508","name":"Karos","county":"Borsod-Abaúj-Zemplén","district":"Cigándi","population":510}},{"type":"Feature","geometry":{"type":"Point","coordinates":[19.5311,47.66792]},"properties":{"kshId":"30696","name":"Kartal","county":"Pest","district":"Aszódi","population":5985}},{"type":"Feature","geometry":{"type":"Point","coordinates":[18.40061,45.77845]},"properties":{"kshId":"17464","name":"Kásád","county":"Baranya","district":"Siklósi","population":261}},{"type":"Feature","geometry":{"type":"Point","coordinates":[19.38698,46.67146]},"properties":{"kshId":"30605","name":"Kaskantyú","county":"Bács-Kiskun","district":"Kiskőrösi","population":943}},{"type":"Feature","geometry":{"type":"Point","coordinates":[17.61755,45.95389]},"properties":{"kshId":"08411","name":"Kastélyosdombó","county":"Somogy","district":"Barcsi","population":275}},{"type":"Feature","geometry":{"type":"Point","coordinates":[20.82321,46.4578]},"properties":{"kshId":"22752","name":"Kaszaper","county":"Békés","district":"Mezőkovácsházai","population":1598}},{"type":"Feature","geometry":{"type":"Point","coordinates":[17.22398,46.32002]},"properties":{"kshId":"34193","name":"Kaszó","county":"Somogy","district":"Nagyatádi","population":83}},{"type":"Feature","geometry":{"type":"Point","coordinates":[17.86958,45.99821]},"properties":{"kshId":"06965","name":"Katádfa","county":"Baranya","district":"Szigetvári","population":128}},{"type":"Feature","geometry":{"type":"Point","coordinates":[16.62944,46.97568]},"properties":{"kshId":"26620","name":"Katafa","county":"Vas","district":"Körmendi","population":313}},{"type":"Feature","geometry":{"type":"Point","coordinates":[18.45099,46.06113]},"properties":{"kshId":"19132","name":"Kátoly","county":"Baranya","district":"Pécsváradi","population":282}},{"type":"Feature","geometry":{"type":"Point","coordinates":[19.20987,46.03453]},"properties":{"kshId":"11280","name":"Katymár","county":"Bács-Kiskun","district":"Bácsalmási","population":1478}},{"type":"Feature","geometry":{"type":"Point","coordinates":[19.58793,47.35568]},"properties":{"kshId":"27827","name":"Káva","county":"Pest","district":"Monori","population":621}},{"type":"Feature","geometry":{"type":"Point","coordinates":[16.70867,46.86198]},"properties":{"kshId":"32063","name":"Kávás","county":"Zala","district":"Zalaegerszegi","population":263}},{"type":"Feature","geometry":{"type":"Point","coordinates":[19.8545,48.05034]},"properties":{"kshId":"28389","name":"Kazár","county":"Nógrád","district":"Salgótarjáni","population":1576}},{"type":"Feature","geometry":{"type":"Point","coordinates":[20.62233,48.25444]},"properties":{"kshId":"06691","name":"Kazincbarcika","county":"Borsod-Abaúj-Zemplén","district":"Kazincbarcikai","population":23608}},{"type":"Feature","geometry":{"type":"Point","coordinates":[20.97403,48.27548]},"properties":{"kshId":"13374","name":"Kázsmárk","county":"Borsod-Abaúj-Zemplén","district":"Szikszói","population":947}},{"type":"Feature","geometry":{"type":"Point","coordinates":[17.96151,46.47801]},"properties":{"kshId":"26888","name":"Kazsok","county":"Somogy","district":"Kaposvári","population":306}},{"type":"Feature","geometry":{"type":"Point","coordinates":[19.25334,46.52377]},"properties":{"kshId":"19789","name":"Kecel","county":"Bács-Kiskun","district":"Kiskőrösi","population":7826}},{"type":"Feature","geometry":{"type":"Point","coordinates":[18.3076,47.52402]},"properties":{"kshId":"04525","name":"Kecskéd","county":"Komárom-Esztergom","district":"Oroszlányi","population":2072}},{"type":"Feature","geometry":{"type":"Point","coordinates":[19.69223,46.90754]},"properties":{"kshId":"26684","name":"Kecskemét","county":"Bács-Kiskun","district":"Kecskeméti","population":108651}},{"type":"Feature","geometry":{"type":"Point","coordinates":[17.0943,46.843]},"properties":{"kshId":"32902","name":"Kehidakustány","county":"Zala","district":"Zalaszentgróti","population":1220}},{"type":"Feature","geometry":{"type":"Point","coordinates":[21.87781,48.11492]},"properties":{"kshId":"28431","name":"Kék","county":"Szabolcs-Szatmár-Bereg","district":"Kemecsei","population":1858}},{"type":"Feature","geometry":{"type":"Point","coordinates":[22.00949,48.25173]},"properties":{"kshId":"14359","name":"Kékcse","county":"Szabolcs-Szatmár-Bereg","district":"Kisvárdai","population":1387}},{"type":"Feature","geometry":{"type":"Point","coordinates":[21.34854,48.54625]},"properties":{"kshId":"15264","name":"Kéked","county":"Borsod-Abaúj-Zemplén","district":"Gönci","population":253}},{"type":"Feature","geometry":{"type":"Point","coordinates":[18.47271,46.10098]},"properties":{"kshId":"16805","name":"Kékesd","county":"Baranya","district":"Pécsváradi","population":163}},{"type":"Feature","geometry":{"type":"Point","coordinates":[17.55992,46.85067]},"properties":{"kshId":"26037","name":"Kékkút","county":"Veszprém","district":"Tapolcai","population":52}},{"type":"Feature","geometry":{"type":"Point","coordinates":[19.60717,46.19711]},"properties":{"kshId":"27571","name":"Kelebia","county":"Bács-Kiskun","district":"Kiskunhalasi","population":2310}},{"type":"Feature","geometry":{"type":"Point","coordinates":[17.11691,47.07588]},"properties":{"kshId":"32036","name":"Keléd","county":"Vas","district":"Celldömölki","population":95}},{"type":"Feature","geometry":{"type":"Point","coordinates":[20.42795,48.35504]},"properties":{"kshId":"12034","name":"Kelemér","county":"Borsod-Abaúj-Zemplén","district":"Putnoki","population":410}},{"type":"Feature","geometry":{"type":"Point","coordinates":[19.2794,46.36632]},"properties":{"kshId":"18166","name":"Kéleshalom","county":"Bács-Kiskun","district":"Jánoshalmai","population":394}},{"type":"Feature","geometry":{"type":"Point","coordinates":[17.42158,46.5204]},"properties":{"kshId":"17446","name":"Kelevíz","county":"Somogy","district":"Marcali","population":333}},{"type":"Feature","geometry":{"type":"Point","coordinates":[21.79869,48.06783]},"properties":{"kshId":"19992","name":"Kemecse","county":"Szabolcs-Szatmár-Bereg","district":"Kemecsei","population":4611}},{"type":"Feature","geometry":{"type":"Point","coordinates":[18.89155,48.01713]},"properties":{"kshId":"22345","name":"Kemence","county":"Pest","district":"Szobi","population":880}},{"type":"Feature","geometry":{"type":"Point","coordinates":[16.94942,46.90299]},"properties":{"kshId":"25353","name":"Kemendollár","county":"Zala","district":"Zalaegerszegi","population":452}},{"type":"Feature","geometry":{"type":"Point","coordinates":[17.29818,47.35496]},"properties":{"kshId":"19734","name":"Kemeneshőgyész","county":"Veszprém","district":"Pápai","population":486}},{"type":"Feature","geometry":{"type":"Point","coordinates":[17.10604,47.20795]},"properties":{"kshId":"16911","name":"Kemeneskápolna","county":"Vas","district":"Celldömölki","population":98}},{"type":"Feature","geometry":{"type":"Point","coordinates":[17.21114,47.33179]},"properties":{"kshId":"12247","name":"Kemenesmagasi","county":"Vas","district":"Celldömölki","population":811}},{"type":"Feature","geometry":{"type":"Point","coordinates":[17.1136,47.2854]},"properties":{"kshId":"13426","name":"Kemenesmihályfa","county":"Vas","district":"Celldömölki","population":460}},{"type":"Feature","geometry":{"type":"Point","coordinates":[17.17376,47.13679]},"properties":{"kshId":"20996","name":"Kemenespálfa","county":"Vas","district":"Celldömölki","population":354}},{"type":"Feature","geometry":{"type":"Point","coordinates":[17.13379,47.2945]},"properties":{"kshId":"24484","name":"Kemenessömjén","county":"Vas","district":"Celldömölki","population":482}},{"type":"Feature","geometry":{"type":"Point","coordinates":[17.1634,47.29355]},"properties":{"kshId":"20084","name":"Kemenesszentmárton","county":"Vas","district":"Celldömölki","population":202}},{"type":"Feature","geometry":{"type":"Point","coordinates":[17.22932,47.42727]},"properties":{"kshId":"12478","name":"Kemenesszentpéter","county":"Veszprém","district":"Pápai","population":640}},{"type":"Feature","geometry":{"type":"Point","coordinates":[16.63894,46.84003]},"properties":{"kshId":"06071","name":"Keménfa","county":"Zala","district":"Zalaegerszegi","population":76}},{"type":"Feature","geometry":{"type":"Point","coordinates":[18.10073,45.826]},"properties":{"kshId":"10542","name":"Kémes","county":"Baranya","district":"Siklósi","population":433}},{"type":"Feature","geometry":{"type":"Point","coordinates":[16.51775,46.99645]},"properties":{"kshId":"22716","name":"Kemestaródfa","county":"Vas","district":"Körmendi","population":225}},{"type":"Feature","geometry":{"type":"Point","coordinates":[17.9125,45.82325]},"properties":{"kshId":"06789","name":"Kemse","county":"Baranya","district":"Sellyei","population":52}},{"type":"Feature","geometry":{"type":"Point","coordinates":[20.67203,47.24775]},"properties":{"kshId":"17145","name":"Kenderes","county":"Jász-Nagykun-Szolnok","district":"Karcagi","population":3977}},{"type":"Feature","geometry":{"type":"Point","coordinates":[16.7884,47.20247]},"properties":{"kshId":"02574","name":"Kenéz","county":"Vas","district":"Sárvári","population":247}},{"type":"Feature","geometry":{"type":"Point","coordinates":[21.53113,48.20014]},"properties":{"kshId":"05458","name":"Kenézlő","county":"Borsod-Abaúj-Zemplén","district":"Sárospataki","population":952}},{"type":"Feature","geometry":{"type":"Point","coordinates":[20.34237,47.09463]},"properties":{"kshId":"07418","name":"Kengyel","county":"Jász-Nagykun-Szolnok","district":"Törökszentmiklósi","population":3186}},{"type":"Feature","geometry":{"type":"Point","coordinates":[17.0926,47.38607]},"properties":{"kshId":"09937","name":"Kenyeri","county":"Vas","district":"Celldömölki","population":773}},{"type":"Feature","geometry":{"type":"Point","coordinates":[16.35088,46.78895]},"properties":{"kshId":"26596","name":"Kercaszomor","county":"Vas","district":"Körmendi","population":181}},{"type":"Feature","geometry":{"type":"Point","coordinates":[18.06489,46.32609]},"properties":{"kshId":"14386","name":"Kercseliget","county":"Somogy","district":"Kaposvári","population":324}},{"type":"Feature","geometry":{"type":"Point","coordinates":[20.3461,47.79405]},"properties":{"kshId":"28079","name":"Kerecsend","county":"Heves","district":"Egri","population":2198}},{"type":"Feature","geometry":{"type":"Point","coordinates":[17.04541,46.62542]},"properties":{"kshId":"31529","name":"Kerecseny","county":"Zala","district":"Nagykanizsai","population":241}},{"type":"Feature","geometry":{"type":"Point","coordinates":[19.48251,46.93588]},"properties":{"kshId":"22530","name":"Kerekegyháza","county":"Bács-Kiskun","district":"Kecskeméti","population":6396}},{"type":"Feature","geometry":{"type":"Point","coordinates":[19.62566,47.66286]},"properties":{"kshId":"34379","name":"Kerekharaszt","county":"Heves","district":"Hatvani","population":896}},{"type":"Feature","geometry":{"type":"Point","coordinates":[17.91188,46.79596]},"properties":{"kshId":"04598","name":"Kereki","county":"Somogy","district":"Siófoki","population":525}},{"type":"Feature","geometry":{"type":"Point","coordinates":[17.93874,47.51474]},"properties":{"kshId":"10995","name":"Kerékteleki","county":"Komárom-Esztergom","district":"Kisbéri","population":627}},{"type":"Feature","geometry":{"type":"Point","coordinates":[19.28691,47.56161]},"properties":{"kshId":"34166","name":"Kerepes","county":"Pest","district":"Gödöllői","population":11175}},{"type":"Feature","geometry":{"type":"Point","coordinates":[20.95038,48.49974]},"properties":{"kshId":"17066","name":"Keresztéte","county":"Borsod-Abaúj-Zemplén","district":"Encsi","population":21}},{"type":"Feature","geometry":{"type":"Point","coordinates":[16.55763,46.67903]},"properties":{"kshId":"29489","name":"Kerkabarabás","county":"Zala","district":"Lenti","population":270}},{"type":"Feature","geometry":{"type":"Point","coordinates":[16.48504,46.77319]},"properties":{"kshId":"15112","name":"Kerkafalva","county":"Zala","district":"Lenti","population":122}},{"type":"Feature","geometry":{"type":"Point","coordinates":[16.50556,46.75941]},"properties":{"kshId":"22080","name":"Kerkakutas","county":"Zala","district":"Lenti","population":124}},{"type":"Feature","geometry":{"type":"Point","coordinates":[16.4272,46.78482]},"properties":{"kshId":"19761","name":"Kerkáskápolna","county":"Vas","district":"Körmendi","population":85}},{"type":"Feature","geometry":{"type":"Point","coordinates":[16.57949,46.50068]},"properties":{"kshId":"09575","name":"Kerkaszentkirály","county":"Zala","district":"Letenyei","population":181}},{"type":"Feature","geometry":{"type":"Point","coordinates":[16.57096,46.57383]},"properties":{"kshId":"32647","name":"Kerkateskánd","county":"Zala","district":"Lenti","population":182}},{"type":"Feature","geometry":{"type":"Point","coordinates":[22.41654,48.02321]},"properties":{"kshId":"32869","name":"Kérsemjén","county":"Szabolcs-Szatmár-Bereg","district":"Fehérgyarmati","population":296}},{"type":"Feature","geometry":{"type":"Point","coordinates":[17.27449,47.16225]},"properties":{"kshId":"25654","name":"Kerta","county":"Veszprém","district":"Devecseri","population":496}},{"type":"Feature","geometry":{"type":"Point","coordinates":[21.0627,47.15466]},"properties":{"kshId":"12618","name":"Kertészsziget","county":"Békés","district":"Szeghalmi","population":293}},{"type":"Feature","geometry":{"type":"Point","coordinates":[19.23781,47.83644]},"properties":{"kshId":"31413","name":"Keszeg","county":"Nógrád","district":"Rétsági","population":717}},{"type":"Feature","geometry":{"type":"Point","coordinates":[21.04203,47.96923]},"properties":{"kshId":"29249","name":"Kesznyéten","county":"Borsod-Abaúj-Zemplén","district":"Tiszaújvárosi","population":1855}},{"type":"Feature","geometry":{"type":"Point","coordinates":[18.42275,46.61228]},"properties":{"kshId":"17640","name":"Keszőhidegkút","county":"Tolna","district":"Tamási","population":168}},{"type":"Feature","geometry":{"type":"Point","coordinates":[17.24628,46.76751]},"properties":{"kshId":"18421","name":"Keszthely","county":"Zala","district":"Keszthelyi","population":17455}},{"type":"Feature","geometry":{"type":"Point","coordinates":[18.79709,47.71314]},"properties":{"kshId":"29577","name":"Kesztölc","county":"Komárom-Esztergom","district":"Esztergomi","population":2634}},{"type":"Feature","geometry":{"type":"Point","coordinates":[18.19181,46.01696]},"properties":{"kshId":"03832","name":"Keszü","county":"Baranya","district":"Pécsi","population":1385}},{"type":"Feature","geometry":{"type":"Point","coordinates":[19.28494,47.93544]},"properties":{"kshId":"11846","name":"Kétbodony","county":"Nógrád","district":"Rétsági","population":434}},{"type":"Feature","geometry":{"type":"Point","coordinates":[21.18563,46.54554]},"properties":{"kshId":"03461","name":"Kétegyháza","county":"Békés","district":"Gyulai","population":3262}},{"type":"Feature","geometry":{"type":"Point","coordinates":[17.39333,46.64694]},"properties":{"kshId":"11174","name":"Kéthely","county":"Somogy","district":"Marcali","population":2180}},{"type":"Feature","geometry":{"type":"Point","coordinates":[20.48212,47.0743]},"properties":{"kshId":"19813","name":"Kétpó","county":"Jász-Nagykun-Szolnok","district":"Mezőtúri","population":566}},{"type":"Feature","geometry":{"type":"Point","coordinates":[20.88398,46.71918]},"properties":{"kshId":"03106","name":"Kétsoprony","county":"Békés","district":"Békéscsabai","population":1204}},{"type":"Feature","geometry":{"type":"Point","coordinates":[17.71205,45.96345]},"properties":{"kshId":"08572","name":"Kétújfalu","county":"Baranya","district":"Szigetvári","population":635}},{"type":"Feature","geometry":{"type":"Point","coordinates":[16.22358,46.88375]},"properties":{"kshId":"19345","name":"Kétvölgy","county":"Vas","district":"Szentgotthárdi","population":90}},{"type":"Feature","geometry":{"type":"Point","coordinates":[18.51774,46.4404]},"properties":{"kshId":"21731","name":"Kéty","county":"Tolna","district":"Bonyhádi","population":629}},{"type":"Feature","geometry":{"type":"Point","coordinates":[21.18431,46.41721]},"properties":{"kshId":"31574","name":"Kevermes","county":"Békés","district":"Mezőkovácsházai","population":1571}},{"type":"Feature","geometry":{"type":"Point","coordinates":[16.99495,46.63775]},"properties":{"kshId":"32267","name":"Kilimán","county":"Zala","district":"Nagykanizsai","population":213}},{"type":"Feature","geometry":{"type":"Point","coordinates":[17.37096,47.82683]},"properties":{"kshId":"14748","name":"Kimle","county":"Győr-Moson-Sopron","district":"Mosonmagyaróvári","population":2291}},{"type":"Feature","geometry":{"type":"Point","coordinates":[18.27391,47.26446]},"properties":{"kshId":"02343","name":"Kincsesbánya","county":"Fejér","district":"Móri","population":1451}},{"type":"Feature","geometry":{"type":"Point","coordinates":[20.38953,48.24909]},"properties":{"kshId":"32090","name":"Királd","county":"Borsod-Abaúj-Zemplén","district":"Putnoki","population":606}},{"type":"Feature","geometry":{"type":"Point","coordinates":[17.96865,45.99688]},"properties":{"kshId":"20552","name":"Királyegyháza","county":"Baranya","district":"Szentlőrinci","population":809}},{"type":"Feature","geometry":{"type":"Point","coordinates":[20.612,46.27032]},"properties":{"kshId":"13666","name":"Királyhegyes","county":"Csongrád-Csanád","district":"Makói","population":592}},{"type":"Feature","geometry":{"type":"Point","coordinates":[18.04365,47.10927]},"properties":{"kshId":"05421","name":"Királyszentistván","county":"Veszprém","district":"Balatonalmádi","population":449}},{"type":"Feature","geometry":{"type":"Point","coordinates":[17.46719,46.84262]},"properties":{"kshId":"07931","name":"Kisapáti","county":"Veszprém","district":"Tapolcai","population":356}},{"type":"Feature","geometry":{"type":"Point","coordinates":[18.9322,46.89415]},"properties":{"kshId":"12636","name":"Kisapostag","county":"Fejér","district":"Dunaújvárosi","population":1407}},{"type":"Feature","geometry":{"type":"Point","coordinates":[22.51838,48.0575]},"properties":{"kshId":"19424","name":"Kisar","county":"Szabolcs-Szatmár-Bereg","district":"Fehérgyarmati","population":926}},{"type":"Feature","geometry":{"type":"Point","coordinates":[17.64143,46.33101]},"properties":{"kshId":"19053","name":"Kisasszond","county":"Somogy","district":"Kaposvári","population":144}},{"type":"Feature","geometry":{"type":"Point","coordinates":[18.0075,45.94665]},"properties":{"kshId":"18908","name":"Kisasszonyfa","county":"Baranya","district":"Sellyei","population":181}},{"type":"Feature","geometry":{"type":"Point","coordinates":[17.41729,47.55588]},"properties":{"kshId":"02413","name":"Kisbabot","county":"Győr-Moson-Sopron","district":"Téti","population":232}},{"type":"Feature","geometry":{"type":"Point","coordinates":[19.58498,47.82344]},"properties":{"kshId":"27243","name":"Kisbágyon","county":"Nógrád","district":"Pásztói","population":390}},{"type":"Feature","geometry":{"type":"Point","coordinates":[17.68123,47.7453]},"properties":{"kshId":"22886","name":"Kisbajcs","county":"Győr-Moson-Sopron","district":"Győri","population":921}},{"type":"Feature","geometry":{"type":"Point","coordinates":[17.48659,46.30534]},"properties":{"kshId":"24387","name":"Kisbajom","county":"Somogy","district":"Nagyatádi","population":300}},{"type":"Feature","geometry":{"type":"Point","coordinates":[17.8661,46.60298]},"properties":{"kshId":"24493","name":"Kisbárapáti","county":"Somogy","district":"Tabi","population":314}},{"type":"Feature","geometry":{"type":"Point","coordinates":[19.68539,48.01632]},"properties":{"kshId":"26295","name":"Kisbárkány","county":"Nógrád","district":"Salgótarjáni","population":133}},{"type":"Feature","geometry":{"type":"Point","coordinates":[18.03002,47.49926]},"properties":{"kshId":"17330","name":"Kisbér","county":"Komárom-Esztergom","district":"Kisbéri","population":5397}},{"type":"Feature","geometry":{"type":"Point","coordinates":[17.65868,46.63774]},"properties":{"kshId":"30827","name":"Kisberény","county":"Somogy","district":"Fonyódi","population":188}},{"type":"Feature","geometry":{"type":"Point","coordinates":[17.26598,47.10575]},"properties":{"kshId":"29072","name":"Kisberzseny","county":"Veszprém","district":"Devecseri","population":98}},{"type":"Feature","geometry":{"type":"Point","coordinates":[18.03443,46.20578]},"properties":{"kshId":"05722","name":"Kisbeszterce","county":"Baranya","district":"Hegyháti","population":76}},{"type":"Feature","geometry":{"type":"Point","coordinates":[17.41995,47.89651]},"properties":{"kshId":"07816","name":"Kisbodak","county":"Győr-Moson-Sopron","district":"Mosonmagyaróvári","population":368}},{"type":"Feature","geometry":{"type":"Point","coordinates":[16.94164,46.817]},"properties":{"kshId":"21379","name":"Kisbucsa","county":"Zala","district":"Zalaegerszegi","population":416}},{"type":"Feature","geometry":{"type":"Point","coordinates":[18.4469,45.91315]},"properties":{"kshId":"22868","name":"Kisbudmér","county":"Baranya","district":"Bólyi","population":91}},{"type":"Feature","geometry":{"type":"Point","coordinates":[21.01068,47.96577]},"properties":{"kshId":"17349","name":"Kiscsécs","county":"Borsod-Abaúj-Zemplén","district":"Tiszaújvárosi","population":186}},{"type":"Feature","geometry":{"type":"Point","coordinates":[16.67361,46.52118]},"properties":{"kshId":"16249","name":"Kiscsehi","county":"Zala","district":"Letenyei","population":171}},{"type":"Feature","geometry":{"type":"Point","coordinates":[17.27984,47.19589]},"properties":{"kshId":"23700","name":"Kiscsősz","county":"Veszprém","district":"Devecseri","population":115}},{"type":"Feature","geometry":{"type":"Point","coordinates":[18.12805,45.93984]},"properties":{"kshId":"11183","name":"Kisdér","county":"Baranya","district":"Siklósi","population":114}},{"type":"Feature","geometry":{"type":"Point","coordinates":[17.65452,46.0319]},"properties":{"kshId":"33905","name":"Kisdobsza","county":"Baranya","district":"Szigetvári","population":238}},{"type":"Feature","geometry":{"type":"Point","coordinates":[21.09871,46.37038]},"properties":{"kshId":"18838","name":"Kisdombegyház","county":"Békés","district":"Mezőkovácsházai","population":351}},{"type":"Feature","geometry":{"type":"Point","coordinates":[18.49432,46.39074]},"properties":{"kshId":"17710","name":"Kisdorog","county":"Tolna","district":"Bonyhádi","population":642}},{"type":"Feature","geometry":{"type":"Point","coordinates":[19.30863,47.93706]},"properties":{"kshId":"33206","name":"Kisecset","county":"Nógrád","district":"Rétsági","population":211}},{"type":"Feature","geometry":{"type":"Point","coordinates":[17.08837,47.52943]},"properties":{"kshId":"33695","name":"Kisfalud","county":"Győr-Moson-Sopron","district":"Kapuvári","population":669}},{"type":"Feature","geometry":{"type":"Point","coordinates":[20.12755,47.98826]},"properties":{"kshId":"22460","name":"Kisfüzes","county":"Heves","district":"Pétervásárai","population":112}},{"type":"Feature","geometry":{"type":"Point","coordinates":[17.15669,46.9373]},"properties":{"kshId":"09812","name":"Kisgörbő","county":"Zala","district":"Zalaszentgróti","population":172}},{"type":"Feature","geometry":{"type":"Point","coordinates":[17.97675,46.42356]},"properties":{"kshId":"04826","name":"Kisgyalán","county":"Somogy","district":"Kaposvári","population":180}},{"type":"Feature","geometry":{"type":"Point","coordinates":[20.68871,48.01032]},"properties":{"kshId":"22840","name":"Kisgyőr","county":"Borsod-Abaúj-Zemplén","district":"Miskolci","population":1570}},{"type":"Feature","geometry":{"type":"Point","coordinates":[18.08228,46.20063]},"properties":{"kshId":"06831","name":"Kishajmás","county":"Baranya","district":"Hegyháti","population":171}},{"type":"Feature","geometry":{"type":"Point","coordinates":[18.36401,45.85978]},"properties":{"kshId":"27021","name":"Kisharsány","county":"Baranya","district":"Siklósi","population":444}},{"type":"Feature","geometry":{"type":"Point","coordinates":[19.70415,48.08408]},"properties":{"kshId":"33400","name":"Kishartyán","county":"Nógrád","district":"Salgótarjáni","population":496}},{"type":"Feature","geometry":{"type":"Point","coordinates":[18.3319,45.96332]},"properties":{"kshId":"16975","name":"Kisherend","county":"Baranya","district":"Pécsi","population":181}},{"type":"Feature","geometry":{"type":"Point","coordinates":[22.8357,47.97105]},"properties":{"kshId":"08509","name":"Kishódos","county":"Szabolcs-Szatmár-Bereg","district":"Fehérgyarmati","population":48}},{"type":"Feature","geometry":{"type":"Point","coordinates":[21.47967,48.4496]},"properties":{"kshId":"28875","name":"Kishuta","county":"Borsod-Abaúj-Zemplén","district":"Sátoraljaújhelyi","population":259}},{"type":"Feature","geometry":{"type":"Point","coordinates":[18.09975,47.65365]},"properties":{"kshId":"20923","name":"Kisigmánd","county":"Komárom-Esztergom","district":"Komáromi","population":461}},{"type":"Feature","geometry":{"type":"Point","coordinates":[18.43563,45.89531]},"properties":{"kshId":"12849","name":"Kisjakabfalva","county":"Baranya","district":"Siklósi","population":88}},{"type":"Feature","geometry":{"type":"Point","coordinates":[18.39745,45.95322]},"properties":{"kshId":"19910","name":"Kiskassa","county":"Baranya","district":"Siklósi","population":210}},{"type":"Feature","geometry":{"type":"Point","coordinates":[21.03555,48.25119]},"properties":{"kshId":"03762","name":"Kiskinizs","county":"Borsod-Abaúj-Zemplén","district":"Szikszói","population":349}},{"type":"Feature","geometry":{"type":"Point","coordinates":[17.61064,46.36403]},"properties":{"kshId":"13781","name":"Kiskorpád","county":"Somogy","district":"Kaposvári","population":844}},{"type":"Feature","geometry":{"type":"Point","coordinates":[20.4925,47.49946]},"properties":{"kshId":"18281","name":"Kisköre","county":"Heves","district":"Hevesi","population":2602}},{"type":"Feature","geometry":{"type":"Point","coordinates":[19.28436,46.62057]},"properties":{"kshId":"09344","name":"Kiskőrös","county":"Bács-Kiskun","district":"Kiskőrösi","population":13106}},{"type":"Feature","geometry":{"type":"Point","coordinates":[19.85016,46.71144]},"properties":{"kshId":"20297","name":"Kiskunfélegyháza","county":"Bács-Kiskun","district":"Kiskunfélegyházi","population":28382}},{"type":"Feature","geometry":{"type":"Point","coordinates":[19.48126,46.43045]},"properties":{"kshId":"32434","name":"Kiskunhalas","county":"Bács-Kiskun","district":"Kiskunhalasi","population":25717}},{"type":"Feature","geometry":{"type":"Point","coordinates":[19.00569,47.19034]},"properties":{"kshId":"10816","name":"Kiskunlacháza","county":"Pest","district":"Ráckevei","population":9441}},{"type":"Feature","geometry":{"type":"Point","coordinates":[19.73931,46.49062]},"properties":{"kshId":"24396","name":"Kiskunmajsa","county":"Bács-Kiskun","district":"Kiskunmajsai","population":10853}},{"type":"Feature","geometry":{"type":"Point","coordinates":[16.79644,46.91261]},"properties":{"kshId":"20312","name":"Kiskutas","county":"Zala","district":"Zalaegerszegi","population":190}},{"type":"Feature","geometry":{"type":"Point","coordinates":[18.38517,46.96025]},"properties":{"kshId":"28990","name":"Kisláng","county":"Fejér","district":"Enyingi","population":2394}},{"type":"Feature","geometry":{"type":"Point","coordinates":[22.00348,47.8341]},"properties":{"kshId":"28477","name":"Kisléta","county":"Szabolcs-Szatmár-Bereg","district":"Nyírbátori","population":1570}},{"type":"Feature","geometry":{"type":"Point","coordinates":[18.5349,45.82934]},"properties":{"kshId":"21616","name":"Kislippó","county":"Baranya","district":"Siklósi","population":258}},{"type":"Feature","geometry":{"type":"Point","coordinates":[17.62173,47.14467]},"properties":{"kshId":"30173","name":"Kislőd","county":"Veszprém","district":"Ajkai","population":1118}},{"type":"Feature","geometry":{"type":"Point","coordinates":[18.47483,46.27358]},"properties":{"kshId":"06512","name":"Kismányok","county":"Tolna","district":"Bonyhádi","population":302}},{"type":"Feature","geometry":{"type":"Point","coordinates":[21.8221,47.24813]},"properties":{"kshId":"15477","name":"Kismarja","county":"Hajdú-Bihar","district":"Derecskei","population":1088}},{"type":"Feature","geometry":{"type":"Point","coordinates":[19.01291,47.82664]},"properties":{"kshId":"33738","name":"Kismaros","county":"Pest","district":"Szobi","population":2617}},{"type":"Feature","geometry":{"type":"Point","coordinates":[22.69388,47.95535]},"properties":{"kshId":"16036","name":"Kisnamény","county":"Szabolcs-Szatmár-Bereg","district":"Fehérgyarmati","population":269}},{"type":"Feature","geometry":{"type":"Point","coordinates":[20.14614,47.85305]},"properties":{"kshId":"12502","name":"Kisnána","county":"Heves","district":"Gyöngyösi","population":957}},{"type":"Feature","geometry":{"type":"Point","coordinates":[19.29013,47.73774]},"properties":{"kshId":"05227","name":"Kisnémedi","county":"Pest","district":"Váci","population":664}},{"type":"Feature","geometry":{"type":"Point","coordinates":[18.5648,46.03649]},"properties":{"kshId":"33215","name":"Kisnyárád","county":"Baranya","district":"Mohácsi","population":154}},{"type":"Feature","geometry":{"type":"Point","coordinates":[19.00717,47.80776]},"properties":{"kshId":"29850","name":"Kisoroszi","county":"Pest","district":"Szentendrei","population":913}},{"type":"Feature","geometry":{"type":"Point","coordinates":[22.83679,48.02164]},"properties":{"kshId":"29300","name":"Kispalád","county":"Szabolcs-Szatmár-Bereg","district":"Fehérgyarmati","population":591}},{"type":"Feature","geometry":{"type":"Point","coordinates":[16.82826,46.90904]},"properties":{"kshId":"16081","name":"Kispáli","county":"Zala","district":"Zalaegerszegi","population":267}},{"type":"Feature","geometry":{"type":"Point","coordinates":[17.24012,47.1972]},"properties":{"kshId":"04288","name":"Kispirit","county":"Veszprém","district":"Devecseri","population":65}},{"type":"Feature","geometry":{"type":"Point","coordinates":[16.50112,46.85765]},"properties":{"kshId":"11147","name":"Kisrákos","county":"Vas","district":"Körmendi","population":159}},{"type":"Feature","geometry":{"type":"Point","coordinates":[17.06143,46.50021]},"properties":{"kshId":"32726","name":"Kisrécse","county":"Zala","district":"Nagykanizsai","population":171}},{"type":"Feature","geometry":{"type":"Point","coordinates":[21.93876,48.3468]},"properties":{"kshId":"11448","name":"Kisrozvágy","county":"Borsod-Abaúj-Zemplén","district":"Cigándi","population":193}},{"type":"Feature","geometry":{"type":"Point","coordinates":[20.13164,48.19366]},"properties":{"kshId":"14702","name":"Kissikátor","county":"Borsod-Abaúj-Zemplén","district":"Ózdi","population":280}},{"type":"Feature","geometry":{"type":"Point","coordinates":[17.10251,47.14405]},"properties":{"kshId":"05953","name":"Kissomlyó","county":"Vas","district":"Celldömölki","population":228}},{"type":"Feature","geometry":{"type":"Point","coordinates":[17.72158,46.01094]},"properties":{"kshId":"12353","name":"Kistamási","county":"Baranya","district":"Szigetvári","population":111}},{"type":"Feature","geometry":{"type":"Point","coordinates":[18.38408,45.82215]},"properties":{"kshId":"03151","name":"Kistapolca","county":"Baranya","district":"Siklósi","population":206}},{"type":"Feature","geometry":{"type":"Point","coordinates":[19.26364,47.54473]},"properties":{"kshId":"34157","name":"Kistarcsa","county":"Pest","district":"Gödöllői","population":13554}},{"type":"Feature","geometry":{"type":"Point","coordinates":[19.9812,46.47046]},"properties":{"kshId":"31024","name":"Kistelek","county":"Csongrád-Csanád","district":"Kisteleki","population":7037}},{"type":"Feature","geometry":{"type":"Point","coordinates":[20.84037,48.03998]},"properties":{"kshId":"12399","name":"Kistokaj","county":"Borsod-Abaúj-Zemplén","district":"Miskolci","population":2464}},{"type":"Feature","geometry":{"type":"Point","coordinates":[16.75276,46.48532]},"properties":{"kshId":"20941","name":"Kistolmács","county":"Zala","district":"Letenyei","population":149}},{"type":"Feature","geometry":{"type":"Point","coordinates":[18.5658,46.50002]},"properties":{"kshId":"03869","name":"Kistormás","county":"Tolna","district":"Szekszárdi","population":250}},{"type":"Feature","geometry":{"type":"Point","coordinates":[18.31142,45.90854]},"properties":{"kshId":"10746","name":"Kistótfalu","county":"Baranya","district":"Siklósi","population":297}},{"type":"Feature","geometry":{"type":"Point","coordinates":[20.75467,47.21621]},"properties":{"kshId":"25919","name":"Kisújszállás","county":"Jász-Nagykun-Szolnok","district":"Karcagi","population":9635}},{"type":"Feature","geometry":{"type":"Point","coordinates":[16.64147,47.14706]},"properties":{"kshId":"02501","name":"Kisunyom","county":"Vas","district":"Szombathelyi","population":446}},{"type":"Feature","geometry":{"type":"Point","coordinates":[22.07842,48.22576]},"properties":{"kshId":"09265","name":"Kisvárda","county":"Szabolcs-Szatmár-Bereg","district":"Kisvárdai","population":14616}},{"type":"Feature","geometry":{"type":"Point","coordinates":[22.29803,48.14495]},"properties":{"kshId":"12672","name":"Kisvarsány","county":"Szabolcs-Szatmár-Bereg","district":"Vásárosnaményi","population":973}},{"type":"Feature","geometry":{"type":"Point","coordinates":[17.19868,46.99496]},"properties":{"kshId":"16364","name":"Kisvásárhely","county":"Zala","district":"Zalaszentgróti","population":55}},{"type":"Feature","geometry":{"type":"Point","coordinates":[18.21206,46.27547]},"properties":{"kshId":"09548","name":"Kisvaszar","county":"Baranya","district":"Hegyháti","population":291}},{"type":"Feature","geometry":{"type":"Point","coordinates":[18.41403,46.3811]},"properties":{"kshId":"31185","name":"Kisvejke","county":"Tolna","district":"Bonyhádi","population":357}},{"type":"Feature","geometry":{"type":"Point","coordinates":[20.42706,46.18897]},"properties":{"kshId":"26666","name":"Kiszombor","county":"Csongrád-Csanád","district":"Makói","population":3609}},{"type":"Feature","geometry":{"type":"Point","coordinates":[16.63886,47.41108]},"properties":{"kshId":"15486","name":"Kiszsidány","county":"Vas","district":"Kőszegi","population":83}},{"type":"Feature","geometry":{"type":"Point","coordinates":[19.49126,46.28066]},"properties":{"kshId":"28158","name":"Kisszállás","county":"Bács-Kiskun","district":"Kiskunhalasi","population":2141}},{"type":"Feature","geometry":{"type":"Point","coordinates":[18.539,46.67942]},"properties":{"kshId":"27766","name":"Kisszékely","county":"Tolna","district":"Tamási","population":283}},{"type":"Feature","geometry":{"type":"Point","coordinates":[22.63662,47.97344]},"properties":{"kshId":"09751","name":"Kisszekeres","county":"Szabolcs-Szatmár-Bereg","district":"Fehérgyarmati","population":507}},{"type":"Feature","geometry":{"type":"Point","coordinates":[18.02369,45.82392]},"properties":{"kshId":"08651","name":"Kisszentmárton","county":"Baranya","district":"Sellyei","population":201}},{"type":"Feature","geometry":{"type":"Point","coordinates":[16.66567,46.62259]},"properties":{"kshId":"13055","name":"Kissziget","county":"Zala","district":"Lenti","population":149}},{"type":"Feature","geometry":{"type":"Point","coordinates":[17.33073,47.19781]},"properties":{"kshId":"23001","name":"Kisszőlős","county":"Veszprém","district":"Devecseri","population":130}},{"type":"Feature","geometry":{"type":"Point","coordinates":[20.32504,46.22089]},"properties":{"kshId":"08253","name":"Klárafalva","county":"Csongrád-Csanád","district":"Szegedi","population":425}},{"type":"Feature","geometry":{"type":"Point","coordinates":[18.2132,47.6055]},"properties":{"kshId":"02510","name":"Kocs","county":"Komárom-Esztergom","district":"Tatai","population":2654}},{"type":"Feature","geometry":{"type":"Point","coordinates":[19.92255,47.00201]},"properties":{"kshId":"32771","name":"Kocsér","county":"Pest","district":"Nagykőrösi","population":1822}},{"type":"Feature","geometry":{"type":"Point","coordinates":[18.17714,46.52796]},"properties":{"kshId":"22433","name":"Kocsola","county":"Tolna","district":"Dombóvári","population":1131}},{"type":"Feature","geometry":{"type":"Point","coordinates":[22.38699,47.93909]},"properties":{"kshId":"07445","name":"Kocsord","county":"Szabolcs-Szatmár-Bereg","district":"Mátészalkai","population":2659}},{"type":"Feature","geometry":{"type":"Point","coordinates":[19.58061,47.48916]},"properties":{"kshId":"31361","name":"Kóka","county":"Pest","district":"Nagykátai","population":4454}},{"type":"Feature","geometry":{"type":"Point","coordinates":[21.93247,47.40729]},"properties":{"kshId":"17455","name":"Kokad","county":"Hajdú-Bihar","district":"Derecskei","population":513}},{"type":"Feature","geometry":{"type":"Point","coordinates":[17.47378,47.08708]},"properties":{"kshId":"30182","name":"Kolontár","county":"Veszprém","district":"Devecseri","population":673}},{"type":"Feature","geometry":{"type":"Point","coordinates":[21.4883,47.00152]},"properties":{"kshId":"02167","name":"Komádi","county":"Hajdú-Bihar","district":"Berettyóújfalui","population":4819}},{"type":"Feature","geometry":{"type":"Point","coordinates":[18.12183,47.74173]},"properties":{"kshId":"05449","name":"Komárom","county":"Komárom-Esztergom","district":"Komáromi","population":19862}},{"type":"Feature","geometry":{"type":"Point","coordinates":[20.76077,48.5457]},"properties":{"kshId":"10612","name":"Komjáti","county":"Borsod-Abaúj-Zemplén","district":"Edelényi","population":195}},{"type":"Feature","geometry":{"type":"Point","coordinates":[18.26138,46.19117]},"properties":{"kshId":"26408","name":"Komló","county":"Baranya","district":"Komlói","population":21567}},{"type":"Feature","geometry":{"type":"Point","coordinates":[22.703,47.84388]},"properties":{"kshId":"22336","name":"Komlódtótfalu","county":"Szabolcs-Szatmár-Bereg","district":"Csengeri","population":109}},{"type":"Feature","geometry":{"type":"Point","coordinates":[17.38626,46.01724]},"properties":{"kshId":"09858","name":"Komlósd","county":"Somogy","district":"Barcsi","population":169}},{"type":"Feature","geometry":{"type":"Point","coordinates":[21.4629,48.34082]},"properties":{"kshId":"16559","name":"Komlóska","county":"Borsod-Abaúj-Zemplén","district":"Sárospataki","population":217}},{"type":"Feature","geometry":{"type":"Point","coordinates":[22.59153,48.02902]},"properties":{"kshId":"27146","name":"Komoró","county":"Szabolcs-Szatmár-Bereg","district":"Záhonyi","population":1102}},{"type":"Feature","geometry":{"type":"Point","coordinates":[20.25337,47.74239]},"properties":{"kshId":"23995","name":"Kompolt","county":"Heves","district":"Füzesabonyi","population":1813}},{"type":"Feature","geometry":{"type":"Point","coordinates":[20.64311,48.1873]},"properties":{"kshId":"32498","name":"Kondó","county":"Borsod-Abaúj-Zemplén","district":"Miskolci","population":471}},{"type":"Feature","geometry":{"type":"Point","coordinates":[16.39293,46.89665]},"properties":{"kshId":"13028","name":"Kondorfa","county":"Vas","district":"Szentgotthárdi","population":464}},{"type":"Feature","geometry":{"type":"Point","coordinates":[20.79506,46.75997]},"properties":{"kshId":"10287","name":"Kondoros","county":"Békés","district":"Szarvasi","population":4454}},{"type":"Feature","geometry":{"type":"Point","coordinates":[17.36016,47.6316]},"properties":{"kshId":"11262","name":"Kóny","county":"Győr-Moson-Sopron","district":"Csornai","population":2713}},{"type":"Feature","geometry":{"type":"Point","coordinates":[21.67383,47.32097]},"properties":{"kshId":"25964","name":"Konyár","county":"Hajdú-Bihar","district":"Derecskei","population":2064}},{"type":"Feature","geometry":{"type":"Point","coordinates":[16.64316,47.63841]},"properties":{"kshId":"06895","name":"Kópháza","county":"Győr-Moson-Sopron","district":"Soproni","population":2022}},{"type":"Feature","geometry":{"type":"Point","coordinates":[18.11177,46.59291]},"properties":{"kshId":"21184","name":"Koppányszántó","county":"Tolna","district":"Tamási","population":293}},{"type":"Feature","geometry":{"type":"Point","coordinates":[21.24564,48.37858]},"properties":{"kshId":"22956","name":"Korlát","county":"Borsod-Abaúj-Zemplén","district":"Gönci","population":320}},{"type":"Feature","geometry":{"type":"Point","coordinates":[17.52982,47.59738]},"properties":{"kshId":"24633","name":"Koroncó","county":"Győr-Moson-Sopron","district":"Győri","population":2615}},{"type":"Feature","geometry":{"type":"Point","coordinates":[18.08188,45.86684]},"properties":{"kshId":"08110","name":"Kórós","county":"Baranya","district":"Sellyei","population":171}},{"type":"Feature","geometry":{"type":"Point","coordinates":[19.17584,47.80682]},"properties":{"kshId":"27687","name":"Kosd","county":"Pest","district":"Váci","population":2493}},{"type":"Feature","geometry":{"type":"Point","coordinates":[18.93604,47.87409]},"properties":{"kshId":"24679","name":"Kóspallag","county":"Pest","district":"Szobi","population":722}},{"type":"Feature","geometry":{"type":"Point","coordinates":[21.70988,48.04789]},"properties":{"kshId":"23728","name":"Kótaj","county":"Szabolcs-Szatmár-Bereg","district":"Nyíregyházi","population":4473}},{"type":"Feature","geometry":{"type":"Point","coordinates":[18.18105,45.83373]},"properties":{"kshId":"24226","name":"Kovácshida","county":"Baranya","district":"Siklósi","population":202}},{"type":"Feature","geometry":{"type":"Point","coordinates":[18.10928,46.1721]},"properties":{"kshId":"14517","name":"Kovácsszénája","county":"Baranya","district":"Pécsi","population":65}},{"type":"Feature","geometry":{"type":"Point","coordinates":[21.53042,48.45486]},"properties":{"kshId":"28547","name":"Kovácsvágás","county":"Borsod-Abaúj-Zemplén","district":"Sátoraljaújhelyi","population":589}},{"type":"Feature","geometry":{"type":"Point","coordinates":[19.61821,47.91402]},"properties":{"kshId":"13842","name":"Kozárd","county":"Nógrád","district":"Pásztói","population":161}},{"type":"Feature","geometry":{"type":"Point","coordinates":[18.2857,46.04782]},"properties":{"kshId":"06336","name":"Kozármisleny","county":"Baranya","district":"Pécsi","population":6817}},{"type":"Feature","geometry":{"type":"Point","coordinates":[16.55075,46.76676]},"properties":{"kshId":"13082","name":"Kozmadombja","county":"Zala","district":"Lenti","population":33}},{"type":"Feature","geometry":{"type":"Point","coordinates":[18.30247,46.29529]},"properties":{"kshId":"25247","name":"Köblény","county":"Baranya","district":"Komlói","population":190}},{"type":"Feature","geometry":{"type":"Point","coordinates":[17.10316,47.19085]},"properties":{"kshId":"04190","name":"Köcsk","county":"Vas","district":"Celldömölki","population":238}},{"type":"Feature","geometry":{"type":"Point","coordinates":[18.20429,46.00104]},"properties":{"kshId":"03540","name":"Kökény","county":"Baranya","district":"Pécsi","population":635}},{"type":"Feature","geometry":{"type":"Point","coordinates":[17.57456,46.19288]},"properties":{"kshId":"13745","name":"Kőkút","county":"Somogy","district":"Kaposvári","population":522}},{"type":"Feature","geometry":{"type":"Point","coordinates":[22.71552,48.05364]},"properties":{"kshId":"16665","name":"Kölcse","county":"Szabolcs-Szatmár-Bereg","district":"Fehérgyarmati","population":1167}},{"type":"Feature","geometry":{"type":"Point","coordinates":[18.58713,46.50841]},"properties":{"kshId":"10463","name":"Kölesd","county":"Tolna","district":"Szekszárdi","population":1311}},{"type":"Feature","geometry":{"type":"Point","coordinates":[18.70313,45.94824]},"properties":{"kshId":"17899","name":"Kölked","county":"Baranya","district":"Mohácsi","population":946}},{"type":"Feature","geometry":{"type":"Point","coordinates":[18.26138,46.19117]},"properties":{"kshId":"14535","name":"Kömlő","county":"Heves","district":"Hevesi","population":1891}},{"type":"Feature","geometry":{"type":"Point","coordinates":[18.26063,47.54709]},"properties":{"kshId":"07630","name":"Kömlőd","county":"Komárom-Esztergom","district":"Oroszlányi","population":1105}},{"type":"Feature","geometry":{"type":"Point","coordinates":[22.59153,48.02902]},"properties":{"kshId":"23612","name":"Kömörő","county":"Szabolcs-Szatmár-Bereg","district":"Fehérgyarmati","population":483}},{"type":"Feature","geometry":{"type":"Point","coordinates":[19.86693,46.46388]},"properties":{"kshId":"13806","name":"Kömpöc","county":"Bács-Kiskun","district":"Kiskunmajsai","population":673}},{"type":"Feature","geometry":{"type":"Point","coordinates":[16.60487,47.00871]},"properties":{"kshId":"13532","name":"Körmend","county":"Vas","district":"Körmendi","population":10062}},{"type":"Feature","geometry":{"type":"Point","coordinates":[18.33185,47.54758]},"properties":{"kshId":"30553","name":"Környe","county":"Komárom-Esztergom","district":"Tatabányai","population":4801}},{"type":"Feature","geometry":{"type":"Point","coordinates":[20.95307,47.98293]},"properties":{"kshId":"26602","name":"Köröm","county":"Borsod-Abaúj-Zemplén","district":"Miskolci","population":1327}},{"type":"Feature","geometry":{"type":"Point","coordinates":[17.90055,46.83127]},"properties":{"kshId":"15510","name":"Kőröshegy","county":"Somogy","district":"Siófoki","population":1404}},{"type":"Feature","geometry":{"type":"Point","coordinates":[21.0774,46.96182]},"properties":{"kshId":"11615","name":"Körösladány","county":"Békés","district":"Szeghalmi","population":3970}},{"type":"Feature","geometry":{"type":"Point","coordinates":[21.64328,47.00689]},"properties":{"kshId":"10764","name":"Körösnagyharsány","county":"Békés","district":"Sarkadi","population":404}},{"type":"Feature","geometry":{"type":"Point","coordinates":[21.02726,46.88466]},"properties":{"kshId":"12900","name":"Köröstarcsa","county":"Békés","district":"Békési","population":2144}},{"type":"Feature","geometry":{"type":"Point","coordinates":[20.0219,47.09869]},"properties":{"kshId":"32975","name":"Kőröstetétlen","county":"Pest","district":"Ceglédi","population":728}},{"type":"Feature","geometry":{"type":"Point","coordinates":[21.39991,46.96097]},"properties":{"kshId":"30164","name":"Körösújfalu","county":"Békés","district":"Szeghalmi","population":292}},{"type":"Feature","geometry":{"type":"Point","coordinates":[21.59247,47.01944]},"properties":{"kshId":"31130","name":"Körösszakál","county":"Hajdú-Bihar","district":"Berettyóújfalui","population":651}},{"type":"Feature","geometry":{"type":"Point","coordinates":[21.63468,47.04128]},"properties":{"kshId":"08943","name":"Körösszegapáti","county":"Hajdú-Bihar","district":"Berettyóújfalui","population":769}},{"type":"Feature","geometry":{"type":"Point","coordinates":[18.34219,47.09204]},"properties":{"kshId":"30650","name":"Kőszárhegy","county":"Fejér","district":"Székesfehérvári","population":1547}},{"type":"Feature","geometry":{"type":"Point","coordinates":[16.54068,47.38949]},"properties":{"kshId":"16832","name":"Kőszeg","county":"Vas","district":"Kőszegi","population":11654}},{"type":"Feature","geometry":{"type":"Point","coordinates":[16.54226,47.34542]},"properties":{"kshId":"05740","name":"Kőszegdoroszló","county":"Vas","district":"Kőszegi","population":313}},{"type":"Feature","geometry":{"type":"Point","coordinates":[16.64867,47.32693]},"properties":{"kshId":"26046","name":"Kőszegpaty","county":"Vas","district":"Kőszegi","population":214}},{"type":"Feature","geometry":{"type":"Point","coordinates":[16.51572,47.34063]},"properties":{"kshId":"20109","name":"Kőszegszerdahely","county":"Vas","district":"Kőszegi","population":542}},{"type":"Feature","geometry":{"type":"Point","coordinates":[17.86017,46.75187]},"properties":{"kshId":"18148","name":"Kötcse","county":"Somogy","district":"Siófoki","population":489}},{"type":"Feature","geometry":{"type":"Point","coordinates":[21.47905,46.7347]},"properties":{"kshId":"06804","name":"Kötegyán","county":"Békés","district":"Sarkadi","population":1149}},{"type":"Feature","geometry":{"type":"Point","coordinates":[20.44299,47.33208]},"properties":{"kshId":"11235","name":"Kőtelek","county":"Jász-Nagykun-Szolnok","district":"Szolnoki","population":1510}},{"type":"Feature","geometry":{"type":"Point","coordinates":[17.60161,46.84904]},"properties":{"kshId":"23454","name":"Kővágóörs","county":"Veszprém","district":"Tapolcai","population":648}},{"type":"Feature","geometry":{"type":"Point","coordinates":[18.12507,46.08297]},"properties":{"kshId":"15538","name":"Kővágószőlős","county":"Baranya","district":"Pécsi","population":1360}},{"type":"Feature","geometry":{"type":"Point","coordinates":[18.10031,46.08426]},"properties":{"kshId":"06992","name":"Kővágótöttös","county":"Baranya","district":"Pécsi","population":311}},{"type":"Feature","geometry":{"type":"Point","coordinates":[20.68452,46.22335]},"properties":{"kshId":"09955","name":"Kövegy","county":"Csongrád-Csanád","district":"Makói","population":300}},{"type":"Feature","geometry":{"type":"Point","coordinates":[17.60567,46.8814]},"properties":{"kshId":"25858","name":"Köveskál","county":"Veszprém","district":"Tapolcai","population":309}},{"type":"Feature","geometry":{"type":"Point","coordinates":[20.97038,48.47329]},"properties":{"kshId":"19576","name":"Krasznokvajda","county":"Borsod-Abaúj-Zemplén","district":"Encsi","population":442}},{"type":"Feature","geometry":{"type":"Point","coordinates":[18.91632,47.05294]},"properties":{"kshId":"34209","name":"Kulcs","county":"Fejér","district":"Dunaújvárosi","population":3613}},{"type":"Feature","geometry":{"type":"Point","coordinates":[19.29455,46.9562]},"properties":{"kshId":"05856","name":"Kunadacs","county":"Bács-Kiskun","district":"Kunszentmiklósi","population":1367}},{"type":"Feature","geometry":{"type":"Point","coordinates":[21.04898,46.42339]},"properties":{"kshId":"16045","name":"Kunágota","county":"Békés","district":"Mezőkovácsházai","population":2267}},{"type":"Feature","geometry":{"type":"Point","coordinates":[19.42408,46.0883]},"properties":{"kshId":"06044","name":"Kunbaja","county":"Bács-Kiskun","district":"Bácsalmási","population":1308}},{"type":"Feature","geometry":{"type":"Point","coordinates":[19.40052,46.98932]},"properties":{"kshId":"07728","name":"Kunbaracs","county":"Bács-Kiskun","district":"Kecskeméti","population":670}},{"type":"Feature","geometry":{"type":"Point","coordinates":[20.55528,47.12851]},"properties":{"kshId":"05254","name":"Kuncsorba","county":"Jász-Nagykun-Szolnok","district":"Törökszentmiklósi","population":530}},{"type":"Feature","geometry":{"type":"Point","coordinates":[19.41328,46.3624]},"properties":{"kshId":"29027","name":"Kunfehértó","county":"Bács-Kiskun","district":"Kiskunhalasi","population":2035}},{"type":"Feature","geometry":{"type":"Point","coordinates":[20.63183,47.36991]},"properties":{"kshId":"22567","name":"Kunhegyes","county":"Jász-Nagykun-Szolnok","district":"Kunhegyesi","population":6823}},{"type":"Feature","geometry":{"type":"Point","coordinates":[20.7953,47.42847]},"properties":{"kshId":"23171","name":"Kunmadaras","county":"Jász-Nagykun-Szolnok","district":"Karcagi","population":4851}},{"type":"Feature","geometry":{"type":"Point","coordinates":[19.281,47.06307]},"properties":{"kshId":"31918","name":"Kunpeszér","county":"Bács-Kiskun","district":"Kunszentmiklósi","population":796}},{"type":"Feature","geometry":{"type":"Point","coordinates":[19.7524,46.76059]},"properties":{"kshId":"31893","name":"Kunszállás","county":"Bács-Kiskun","district":"Kecskeméti","population":1732}},{"type":"Feature","geometry":{"type":"Point","coordinates":[20.29088,46.83991]},"properties":{"kshId":"32504","name":"Kunszentmárton","county":"Jász-Nagykun-Szolnok","district":"Kunszentmártoni","population":7052}},{"type":"Feature","geometry":{"type":"Point","coordinates":[19.12349,47.02571]},"properties":{"kshId":"28130","name":"Kunszentmiklós","county":"Bács-Kiskun","district":"Kunszentmiklósi","population":7987}},{"type":"Feature","geometry":{"type":"Point","coordinates":[17.51521,47.7394]},"properties":{"kshId":"31626","name":"Kunsziget","county":"Győr-Moson-Sopron","district":"Győri","population":1482}},{"type":"Feature","geometry":{"type":"Point","coordinates":[17.46456,47.24837]},"properties":{"kshId":"26541","name":"Kup","county":"Veszprém","district":"Pápai","population":406}},{"type":"Feature","geometry":{"type":"Point","coordinates":[20.91388,48.33138]},"properties":{"kshId":"18722","name":"Kupa","county":"Borsod-Abaúj-Zemplén","district":"Szikszói","population":159}},{"type":"Feature","geometry":{"type":"Point","coordinates":[18.31613,46.44895]},"properties":{"kshId":"20507","name":"Kurd","county":"Tolna","district":"Dombóvári","population":965}},{"type":"Feature","geometry":{"type":"Point","coordinates":[20.62584,48.3102]},"properties":{"kshId":"11819","name":"Kurityán","county":"Borsod-Abaúj-Zemplén","district":"Kazincbarcikai","population":1433}},{"type":"Feature","geometry":{"type":"Point","coordinates":[16.67989,46.78533]},"properties":{"kshId":"19479","name":"Kustánszeg","county":"Zala","district":"Zalaegerszegi","population":454}},{"type":"Feature","geometry":{"type":"Point","coordinates":[17.45303,46.33207]},"properties":{"kshId":"28857","name":"Kutas","county":"Somogy","district":"Nagyatádi","population":1213}},{"type":"Feature","geometry":{"type":"Point","coordinates":[19.54144,47.94762]},"properties":{"kshId":"19451","name":"Kutasó","county":"Nógrád","district":"Pásztói","population":86}},{"type":"Feature","geometry":{"type":"Point","coordinates":[20.27638,46.14954]},"properties":{"kshId":"14410","name":"Kübekháza","county":"Csongrád-Csanád","district":"Szegedi","population":1432}},{"type":"Feature","geometry":{"type":"Point","coordinates":[16.48632,46.62747]},"properties":{"kshId":"32221","name":"Külsősárd","county":"Zala","district":"Lenti","population":63}},{"type":"Feature","geometry":{"type":"Point","coordinates":[17.22566,47.29632]},"properties":{"kshId":"16142","name":"Külsővat","county":"Veszprém","district":"Pápai","population":750}},{"type":"Feature","geometry":{"type":"Point","coordinates":[18.17343,47.06601]},"properties":{"kshId":"04066","name":"Küngös","county":"Veszprém","district":"Balatonalmádi","population":502}},{"type":"Feature","geometry":{"type":"Point","coordinates":[18.50157,47.74509]},"properties":{"kshId":"15255","name":"Lábatlan","county":"Komárom-Esztergom","district":"Esztergomi","population":4851}},{"type":"Feature","geometry":{"type":"Point","coordinates":[17.45408,46.20775]},"properties":{"kshId":"28291","name":"Lábod","county":"Somogy","district":"Nagyatádi","population":1706}},{"type":"Feature","geometry":{"type":"Point","coordinates":[21.99317,48.36855]},"properties":{"kshId":"20844","name":"Lácacséke","county":"Borsod-Abaúj-Zemplén","district":"Cigándi","population":262}},{"type":"Feature","geometry":{"type":"Point","coordinates":[17.64594,46.13967]},"properties":{"kshId":"16258","name":"Lad","county":"Somogy","district":"Barcsi","population":525}},{"type":"Feature","geometry":{"type":"Point","coordinates":[19.45571,47.03502]},"properties":{"kshId":"05786","name":"Ladánybene","county":"Bács-Kiskun","district":"Kecskeméti","population":1712}},{"type":"Feature","geometry":{"type":"Point","coordinates":[20.78612,48.34343]},"properties":{"kshId":"26231","name":"Ládbesenyő","county":"Borsod-Abaúj-Zemplén","district":"Edelényi","population":263}},{"type":"Feature","geometry":{"type":"Point","coordinates":[18.33721,46.84178]},"properties":{"kshId":"07506","name":"Lajoskomárom","county":"Fejér","district":"Enyingi","population":1879}},{"type":"Feature","geometry":{"type":"Point","coordinates":[19.55826,47.02647]},"properties":{"kshId":"17677","name":"Lajosmizse","county":"Bács-Kiskun","district":"Kecskeméti","population":11662}},{"type":"Feature","geometry":{"type":"Point","coordinates":[20.86688,48.34858]},"properties":{"kshId":"15857","name":"Lak","county":"Borsod-Abaúj-Zemplén","district":"Edelényi","population":641}},{"type":"Feature","geometry":{"type":"Point","coordinates":[16.83226,46.95218]},"properties":{"kshId":"33792","name":"Lakhegy","county":"Zala","district":"Zalaegerszegi","population":427}},{"type":"Feature","geometry":{"type":"Point","coordinates":[20.00037,46.87363]},"properties":{"kshId":"06202","name":"Lakitelek","county":"Bács-Kiskun","district":"Tiszakécskei","population":4886}},{"type":"Feature","geometry":{"type":"Point","coordinates":[17.69294,45.89641]},"properties":{"kshId":"11040","name":"Lakócsa","county":"Somogy","district":"Barcsi","population":487}},{"type":"Feature","geometry":{"type":"Point","coordinates":[18.62361,46.00482]},"properties":{"kshId":"33330","name":"Lánycsók","county":"Baranya","district":"Mohácsi","population":2181}},{"type":"Feature","geometry":{"type":"Point","coordinates":[18.05958,46.51407]},"properties":{"kshId":"14605","name":"Lápafő","county":"Tolna","district":"Dombóvári","population":145}},{"type":"Feature","geometry":{"type":"Point","coordinates":[18.49651,45.81915]},"properties":{"kshId":"06479","name":"Lapáncsa","county":"Baranya","district":"Siklósi","population":158}},{"type":"Feature","geometry":{"type":"Point","coordinates":[22.04171,48.05453]},"properties":{"kshId":"21290","name":"Laskod","county":"Szabolcs-Szatmár-Bereg","district":"Baktalórántházai","population":774}},{"type":"Feature","geometry":{"type":"Point","coordinates":[16.7163,46.55613]},"properties":{"kshId":"03434","name":"Lasztonya","county":"Zala","district":"Letenyei","population":47}},{"type":"Feature","geometry":{"type":"Point","coordinates":[17.74458,46.74849]},"properties":{"kshId":"14863","name":"Látrány","county":"Somogy","district":"Fonyódi","population":1295}},{"type":"Feature","geometry":{"type":"Point","coordinates":[17.83846,47.46524]},"properties":{"kshId":"04376","name":"Lázi","county":"Győr-Moson-Sopron","district":"Pannonhalmi","population":515}},{"type":"Feature","geometry":{"type":"Point","coordinates":[19.08884,47.71889]},"properties":{"kshId":"30809","name":"Leányfalu","county":"Pest","district":"Szentendrei","population":4053}},{"type":"Feature","geometry":{"type":"Point","coordinates":[18.77103,47.68169]},"properties":{"kshId":"25487","name":"Leányvár","county":"Komárom-Esztergom","district":"Esztergomi","population":1761}},{"type":"Feature","geometry":{"type":"Point","coordinates":[17.39063,47.73549]},"properties":{"kshId":"33668","name":"Lébény","county":"Győr-Moson-Sopron","district":"Mosonmagyaróvári","population":3283}},{"type":"Feature","geometry":{"type":"Point","coordinates":[19.31104,47.87799]},"properties":{"kshId":"30395","name":"Legénd","county":"Nógrád","district":"Rétsági","population":429}},{"type":"Feature","geometry":{"type":"Point","coordinates":[21.1496,48.16022]},"properties":{"kshId":"11660","name":"Legyesbénye","county":"Borsod-Abaúj-Zemplén","district":"Szerencsi","population":1366}},{"type":"Feature","geometry":{"type":"Point","coordinates":[20.98049,48.29229]},"properties":{"kshId":"03531","name":"Léh","county":"Borsod-Abaúj-Zemplén","district":"Szikszói","population":444}},{"type":"Feature","geometry":{"type":"Point","coordinates":[20.37197,48.14858]},"properties":{"kshId":"07038","name":"Lénárddaróc","county":"Borsod-Abaúj-Zemplén","district":"Ózdi","population":237}},{"type":"Feature","geometry":{"type":"Point","coordinates":[16.50867,46.58042]},"properties":{"kshId":"27483","name":"Lendvadedes","county":"Zala","district":"Lenti","population":30}},{"type":"Feature","geometry":{"type":"Point","coordinates":[16.44279,46.67601]},"properties":{"kshId":"11475","name":"Lendvajakabfa","county":"Zala","district":"Lenti","population":43}},{"type":"Feature","geometry":{"type":"Point","coordinates":[18.36864,46.37502]},"properties":{"kshId":"24411","name":"Lengyel","county":"Tolna","district":"Bonyhádi","population":456}},{"type":"Feature","geometry":{"type":"Point","coordinates":[17.6411,46.66711]},"properties":{"kshId":"26675","name":"Lengyeltóti","county":"Somogy","district":"Fonyódi","population":2837}},{"type":"Feature","geometry":{"type":"Point","coordinates":[16.54259,46.62401]},"properties":{"kshId":"12575","name":"Lenti","county":"Zala","district":"Lenti","population":6820}},{"type":"Feature","geometry":{"type":"Point","coordinates":[18.24436,46.99467]},"properties":{"kshId":"07269","name":"Lepsény","county":"Fejér","district":"Enyingi","population":3016}},{"type":"Feature","geometry":{"type":"Point","coordinates":[17.34576,46.84484]},"properties":{"kshId":"17570","name":"Lesencefalu","county":"Veszprém","district":"Tapolcai","population":298}},{"type":"Feature","geometry":{"type":"Point","coordinates":[17.36101,46.87027]},"properties":{"kshId":"21962","name":"Lesenceistvánd","county":"Veszprém","district":"Tapolcai","population":945}},{"type":"Feature","geometry":{"type":"Point","coordinates":[17.36116,46.85658]},"properties":{"kshId":"17871","name":"Lesencetomaj","county":"Veszprém","district":"Tapolcai","population":1034}},{"type":"Feature","geometry":{"type":"Point","coordinates":[21.87641,47.38531]},"properties":{"kshId":"05768","name":"Létavértes","county":"Hajdú-Bihar","district":"Derecskei","population":6748}},{"type":"Feature","geometry":{"type":"Point","coordinates":[16.72308,46.4332]},"properties":{"kshId":"12122","name":"Letenye","county":"Zala","district":"Letenyei","population":3677}},{"type":"Feature","geometry":{"type":"Point","coordinates":[18.77691,47.88531]},"properties":{"kshId":"22682","name":"Letkés","county":"Pest","district":"Szobi","population":1034}},{"type":"Feature","geometry":{"type":"Point","coordinates":[17.1999,47.89309]},"properties":{"kshId":"19239","name":"Levél","county":"Győr-Moson-Sopron","district":"Mosonmagyaróvári","population":2563}},{"type":"Feature","geometry":{"type":"Point","coordinates":[21.98681,47.96544]},"properties":{"kshId":"30979","name":"Levelek","county":"Szabolcs-Szatmár-Bereg","district":"Baktalórántházai","population":2662}},{"type":"Feature","geometry":{"type":"Point","coordinates":[17.53338,46.52258]},"properties":{"kshId":"32355","name":"Libickozma","county":"Somogy","district":"Marcali","population":28}},{"type":"Feature","geometry":{"type":"Point","coordinates":[16.77045,46.74464]},"properties":{"kshId":"03054","name":"Lickóvadamos","county":"Zala","district":"Zalaegerszegi","population":200}},{"type":"Feature","geometry":{"type":"Point","coordinates":[18.19132,46.23612]},"properties":{"kshId":"17604","name":"Liget","county":"Baranya","district":"Komlói","population":356}},{"type":"Feature","geometry":{"type":"Point","coordinates":[17.06047,46.82329]},"properties":{"kshId":"28200","name":"Ligetfalva","county":"Zala","district":"Keszthelyi","population":66}},{"type":"Feature","geometry":{"type":"Point","coordinates":[17.46162,47.86134]},"properties":{"kshId":"16221","name":"Lipót","county":"Győr-Moson-Sopron","district":"Mosonmagyaróvári","population":840}},{"type":"Feature","geometry":{"type":"Point","coordinates":[18.57091,45.86458]},"properties":{"kshId":"22974","name":"Lippó","county":"Baranya","district":"Mohácsi","population":469}},{"type":"Feature","geometry":{"type":"Point","coordinates":[18.51566,46.04619]},"properties":{"kshId":"10038","name":"Liptód","county":"Baranya","district":"Bólyi","population":175}},{"type":"Feature","geometry":{"type":"Point","coordinates":[16.69568,46.54208]},"properties":{"kshId":"10889","name":"Lispeszentadorján","county":"Zala","district":"Letenyei","population":234}},{"type":"Feature","geometry":{"type":"Point","coordinates":[17.0067,46.36627]},"properties":{"kshId":"25025","name":"Liszó","county":"Zala","district":"Nagykanizsai","population":341}},{"type":"Feature","geometry":{"type":"Point","coordinates":[18.0076,47.09992]},"properties":{"kshId":"04552","name":"Litér","county":"Veszprém","district":"Balatonalmádi","population":2192}},{"type":"Feature","geometry":{"type":"Point","coordinates":[21.05859,48.45531]},"properties":{"kshId":"28219","name":"Litka","county":"Borsod-Abaúj-Zemplén","district":"Encsi","population":31}},{"type":"Feature","geometry":{"type":"Point","coordinates":[19.59883,48.21203]},"properties":{"kshId":"04871","name":"Litke","county":"Nógrád","district":"Salgótarjáni","population":746}},{"type":"Feature","geometry":{"type":"Point","coordinates":[16.81567,47.40328]},"properties":{"kshId":"29081","name":"Lócs","county":"Vas","district":"Kőszegi","population":152}},{"type":"Feature","geometry":{"type":"Point","coordinates":[17.86899,47.2058]},"properties":{"kshId":"18856","name":"Lókút","county":"Veszprém","district":"Zirci","population":479}},{"type":"Feature","geometry":{"type":"Point","coordinates":[22.27043,48.31819]},"properties":{"kshId":"26091","name":"Lónya","county":"Szabolcs-Szatmár-Bereg","district":"Vásárosnaményi","population":654}},{"type":"Feature","geometry":{"type":"Point","coordinates":[18.8966,47.11574]},"properties":{"kshId":"09140","name":"Lórév","county":"Pest","district":"Ráckevei","population":294}},{"type":"Feature","geometry":{"type":"Point","coordinates":[18.35313,46.00098]},"properties":{"kshId":"31389","name":"Lothárd","county":"Baranya","district":"Pécsi","population":234}},{"type":"Feature","geometry":{"type":"Point","coordinates":[17.95881,46.99337]},"properties":{"kshId":"05564","name":"Lovas","county":"Veszprém","district":"Balatonfüredi","population":544}},{"type":"Feature","geometry":{"type":"Point","coordinates":[18.55267,47.30995]},"properties":{"kshId":"19114","name":"Lovasberény","county":"Fejér","district":"Székesfehérvári","population":2768}},{"type":"Feature","geometry":{"type":"Point","coordinates":[18.47531,46.15761]},"properties":{"kshId":"24624","name":"Lovászhetény","county":"Baranya","district":"Pécsváradi","population":261}},{"type":"Feature","geometry":{"type":"Point","coordinates":[16.55642,46.55551]},"properties":{"kshId":"28167","name":"Lovászi","county":"Zala","district":"Lenti","population":1095}},{"type":"Feature","geometry":{"type":"Point","coordinates":[17.63348,47.43916]},"properties":{"kshId":"05087","name":"Lovászpatona","county":"Veszprém","district":"Pápai","population":1116}},{"type":"Feature","geometry":{"type":"Point","coordinates":[21.23072,46.42976]},"properties":{"kshId":"21209","name":"Lőkösháza","county":"Békés","district":"Gyulai","population":1406}},{"type":"Feature","geometry":{"type":"Point","coordinates":[19.67731,47.74005]},"properties":{"kshId":"30401","name":"Lőrinci","county":"Heves","district":"Hatvani","population":5365}},{"type":"Feature","geometry":{"type":"Point","coordinates":[16.78272,47.50346]},"properties":{"kshId":"31194","name":"Lövő","county":"Győr-Moson-Sopron","district":"Soproni","population":1364}},{"type":"Feature","geometry":{"type":"Point","coordinates":[22.19827,48.18097]},"properties":{"kshId":"07995","name":"Lövőpetri","county":"Szabolcs-Szatmár-Bereg","district":"Kisvárdai","population":423}},{"type":"Feature","geometry":{"type":"Point","coordinates":[19.69058,48.03079]},"properties":{"kshId":"20190","name":"Lucfalva","county":"Nógrád","district":"Salgótarjáni","population":556}},{"type":"Feature","geometry":{"type":"Point","coordinates":[19.52429,48.13468]},"properties":{"kshId":"02778","name":"Ludányhalászi","county":"Nógrád","district":"Szécsényi","population":1410}},{"type":"Feature","geometry":{"type":"Point","coordinates":[20.09279,47.73341]},"properties":{"kshId":"15796","name":"Ludas","county":"Heves","district":"Gyöngyösi","population":704}},{"type":"Feature","geometry":{"type":"Point","coordinates":[16.58454,47.32699]},"properties":{"kshId":"14021","name":"Lukácsháza","county":"Vas","district":"Kőszegi","population":1067}},{"type":"Feature","geometry":{"type":"Point","coordinates":[18.02379,46.78928]},"properties":{"kshId":"10010","name":"Lulla","county":"Somogy","district":"Tabi","population":206}},{"type":"Feature","geometry":{"type":"Point","coordinates":[17.94353,45.83782]},"properties":{"kshId":"18865","name":"Lúzsok","county":"Baranya","district":"Sellyei","population":198}},{"type":"Feature","geometry":{"type":"Point","coordinates":[21.27422,48.19185]},"properties":{"kshId":"03902","name":"Mád","county":"Borsod-Abaúj-Zemplén","district":"Szerencsi","population":1774}},{"type":"Feature","geometry":{"type":"Point","coordinates":[19.25987,46.05713]},"properties":{"kshId":"23357","name":"Madaras","county":"Bács-Kiskun","district":"Bácsalmási","population":2509}},{"type":"Feature","geometry":{"type":"Point","coordinates":[18.9567,46.68807]},"properties":{"kshId":"29337","name":"Madocsa","county":"Tolna","district":"Paksi","population":1762}},{"type":"Feature","geometry":{"type":"Point","coordinates":[17.27532,47.66332]},"properties":{"kshId":"26444","name":"Maglóca","county":"Győr-Moson-Sopron","district":"Csornai","population":133}},{"type":"Feature","geometry":{"type":"Point","coordinates":[19.35931,47.44496]},"properties":{"kshId":"10922","name":"Maglód","county":"Pest","district":"Vecsési","population":12303}},{"type":"Feature","geometry":{"type":"Point","coordinates":[18.22859,46.34983]},"properties":{"kshId":"06813","name":"Mágocs","county":"Baranya","district":"Hegyháti","population":2135}},{"type":"Feature","geometry":{"type":"Point","coordinates":[22.86276,48.05468]},"properties":{"kshId":"29984","name":"Magosliget","county":"Szabolcs-Szatmár-Bereg","district":"Fehérgyarmati","population":281}},{"type":"Feature","geometry":{"type":"Point","coordinates":[21.98229,47.94041]},"properties":{"kshId":"16629","name":"Magy","county":"Szabolcs-Szatmár-Bereg","district":"Baktalórántházai","population":837}},{"type":"Feature","geometry":{"type":"Point","coordinates":[18.32418,47.2957]},"properties":{"kshId":"27678","name":"Magyaralmás","county":"Fejér","district":"Móri","population":1666}},{"type":"Feature","geometry":{"type":"Point","coordinates":[17.90058,46.46737]},"properties":{"kshId":"10427","name":"Magyaratád","county":"Somogy","district":"Kaposvári","population":735}},{"type":"Feature","geometry":{"type":"Point","coordinates":[20.96429,46.45526]},"properties":{"kshId":"27906","name":"Magyarbánhegyes","county":"Békés","district":"Mezőkovácsházai","population":1757}},{"type":"Feature","geometry":{"type":"Point","coordinates":[18.49175,45.84039]},"properties":{"kshId":"25177","name":"Magyarbóly","county":"Baranya","district":"Siklósi","population":895}},{"type":"Feature","geometry":{"type":"Point","coordinates":[20.60993,46.16967]},"properties":{"kshId":"05962","name":"Magyarcsanád","county":"Csongrád-Csanád","district":"Makói","population":1229}},{"type":"Feature","geometry":{"type":"Point","coordinates":[21.07222,46.37979]},"properties":{"kshId":"11536","name":"Magyardombegyház","county":"Békés","district":"Mezőkovácsházai","population":161}},{"type":"Feature","geometry":{"type":"Point","coordinates":[18.30827,46.25101]},"properties":{"kshId":"29753","name":"Magyaregregy","county":"Baranya","district":"Komlói","population":656}},{"type":"Feature","geometry":{"type":"Point","coordinates":[17.76963,46.46018]},"properties":{"kshId":"25371","name":"Magyaregres","county":"Somogy","district":"Kaposvári","population":544}},{"type":"Feature","geometry":{"type":"Point","coordinates":[16.41645,46.77645]},"properties":{"kshId":"08916","name":"Magyarföld","county":"Zala","district":"Lenti","population":38}},{"type":"Feature","geometry":{"type":"Point","coordinates":[19.60099,48.08371]},"properties":{"kshId":"26967","name":"Magyargéc","county":"Nógrád","district":"Szécsényi","population":788}},{"type":"Feature","geometry":{"type":"Point","coordinates":[17.28692,47.3754]},"properties":{"kshId":"26374","name":"Magyargencs","county":"Veszprém","district":"Pápai","population":464}},{"type":"Feature","geometry":{"type":"Point","coordinates":[18.15154,46.18924]},"properties":{"kshId":"05430","name":"Magyarhertelend","county":"Baranya","district":"Komlói","population":531}},{"type":"Feature","geometry":{"type":"Point","coordinates":[21.5429,47.02145]},"properties":{"kshId":"03683","name":"Magyarhomorog","county":"Hajdú-Bihar","district":"Berettyóújfalui","population":717}},{"type":"Feature","geometry":{"type":"Point","coordinates":[17.16546,47.52142]},"properties":{"kshId":"13912","name":"Magyarkeresztúr","county":"Győr-Moson-Sopron","district":"Csornai","population":393}},{"type":"Feature","geometry":{"type":"Point","coordinates":[18.22537,46.7487]},"properties":{"kshId":"06017","name":"Magyarkeszi","county":"Tolna","district":"Tamási","population":1022}},{"type":"Feature","geometry":{"type":"Point","coordinates":[16.34867,46.95189]},"properties":{"kshId":"03221","name":"Magyarlak","county":"Vas","district":"Szentgotthárdi","population":739}},{"type":"Feature","geometry":{"type":"Point","coordinates":[17.75695,46.16765]},"properties":{"kshId":"23542","name":"Magyarlukafa","county":"Baranya","district":"Szigetvári","population":82}},{"type":"Feature","geometry":{"type":"Point","coordinates":[17.96422,45.9449]},"properties":{"kshId":"05412","name":"Magyarmecske","county":"Baranya","district":"Sellyei","population":304}},{"type":"Feature","geometry":{"type":"Point","coordinates":[16.53259,47.00958]},"properties":{"kshId":"27289","name":"Magyarnádalja","county":"Vas","district":"Körmendi","population":265}},{"type":"Feature","geometry":{"type":"Point","coordinates":[19.34877,47.96757]},"properties":{"kshId":"32407","name":"Magyarnándor","county":"Nógrád","district":"Balassagyarmati","population":1077}},{"type":"Feature","geometry":{"type":"Point","coordinates":[17.55014,47.16853]},"properties":{"kshId":"20437","name":"Magyarpolány","county":"Veszprém","district":"Ajkai","population":1240}},{"type":"Feature","geometry":{"type":"Point","coordinates":[18.35161,46.04148]},"properties":{"kshId":"27067","name":"Magyarsarlós","county":"Baranya","district":"Pécsi","population":271}},{"type":"Feature","geometry":{"type":"Point","coordinates":[16.64992,47.03639]},"properties":{"kshId":"17288","name":"Magyarszecsőd","county":"Vas","district":"Körmendi","population":405}},{"type":"Feature","geometry":{"type":"Point","coordinates":[18.19639,46.19566]},"properties":{"kshId":"22600","name":"Magyarszék","county":"Baranya","district":"Komlói","population":946}},{"type":"Feature","geometry":{"type":"Point","coordinates":[16.93563,46.53782]},"properties":{"kshId":"02909","name":"Magyarszentmiklós","county":"Zala","district":"Nagykanizsai","population":247}},{"type":"Feature","geometry":{"type":"Point","coordinates":[16.93582,46.55493]},"properties":{"kshId":"13064","name":"Magyarszerdahely","county":"Zala","district":"Nagykanizsai","population":410}},{"type":"Feature","geometry":{"type":"Point","coordinates":[16.34036,46.76095]},"properties":{"kshId":"25423","name":"Magyarszombatfa","county":"Vas","district":"Körmendi","population":241}},{"type":"Feature","geometry":{"type":"Point","coordinates":[17.98335,45.94484]},"properties":{"kshId":"04385","name":"Magyartelek","county":"Baranya","district":"Sellyei","population":198}},{"type":"Feature","geometry":{"type":"Point","coordinates":[18.99585,47.26448]},"properties":{"kshId":"10755","name":"Majosháza","county":"Pest","district":"Szigetszentmiklósi","population":1697}},{"type":"Feature","geometry":{"type":"Point","coordinates":[18.6003,45.90873]},"properties":{"kshId":"27863","name":"Majs","county":"Baranya","district":"Mohácsi","population":828}},{"type":"Feature","geometry":{"type":"Point","coordinates":[18.92633,47.08844]},"properties":{"kshId":"04394","name":"Makád","county":"Pest","district":"Ráckevei","population":1206}},{"type":"Feature","geometry":{"type":"Point","coordinates":[21.51864,48.35644]},"properties":{"kshId":"19600","name":"Makkoshotyka","county":"Borsod-Abaúj-Zemplén","district":"Sárospataki","population":733}},{"type":"Feature","geometry":{"type":"Point","coordinates":[20.41312,47.80432]},"properties":{"kshId":"27696","name":"Maklár","county":"Heves","district":"Egri","population":2368}},{"type":"Feature","geometry":{"type":"Point","coordinates":[20.4751,46.21504]},"properties":{"kshId":"07357","name":"Makó","county":"Csongrád-Csanád","district":"Makói","population":21703}},{"type":"Feature","geometry":{"type":"Point","coordinates":[17.39605,47.45255]},"properties":{"kshId":"03610","name":"Malomsok","county":"Veszprém","district":"Pápai","population":476}},{"type":"Feature","geometry":{"type":"Point","coordinates":[20.82761,48.01451]},"properties":{"kshId":"27395","name":"Mályi","county":"Borsod-Abaúj-Zemplén","district":"Miskolci","population":4371}},{"type":"Feature","geometry":{"type":"Point","coordinates":[20.4952,48.15389]},"properties":{"kshId":"14915","name":"Mályinka","county":"Borsod-Abaúj-Zemplén","district":"Kazincbarcikai","population":451}},{"type":"Feature","geometry":{"type":"Point","coordinates":[22.60817,47.99838]},"properties":{"kshId":"02088","name":"Mánd","county":"Szabolcs-Szatmár-Bereg","district":"Fehérgyarmati","population":272}},{"type":"Feature","geometry":{"type":"Point","coordinates":[22.18936,48.32172]},"properties":{"kshId":"17826","name":"Mándok","county":"Szabolcs-Szatmár-Bereg","district":"Záhonyi","population":3648}},{"type":"Feature","geometry":{"type":"Point","coordinates":[18.24095,46.16145]},"properties":{"kshId":"33923","name":"Mánfa","county":"Baranya","district":"Komlói","population":736}},{"type":"Feature","geometry":{"type":"Point","coordinates":[18.65635,47.52994]},"properties":{"kshId":"23490","name":"Mány","county":"Fejér","district":"Bicskei","population":2392}},{"type":"Feature","geometry":{"type":"Point","coordinates":[18.51359,46.07506]},"properties":{"kshId":"29920","name":"Maráza","county":"Baranya","district":"Mohácsi","population":168}},{"type":"Feature","geometry":{"type":"Point","coordinates":[17.26995,47.31203]},"properties":{"kshId":"29294","name":"Marcalgergelyi","county":"Veszprém","district":"Pápai","population":356}},{"type":"Feature","geometry":{"type":"Point","coordinates":[17.41357,46.57935]},"properties":{"kshId":"18500","name":"Marcali","county":"Somogy","district":"Marcali","population":10373}},{"type":"Feature","geometry":{"type":"Point","coordinates":[17.3665,47.43463]},"properties":{"kshId":"22220","name":"Marcaltő","county":"Veszprém","district":"Pápai","population":730}},{"type":"Feature","geometry":{"type":"Point","coordinates":[18.18562,45.85888]},"properties":{"kshId":"09450","name":"Márfa","county":"Baranya","district":"Siklósi","population":184}},{"type":"Feature","geometry":{"type":"Point","coordinates":[18.70902,47.62777]},"properties":{"kshId":"22637","name":"Máriahalom","county":"Komárom-Esztergom","district":"Esztergomi","population":653}},{"type":"Feature","geometry":{"type":"Point","coordinates":[17.32433,47.86188]},"properties":{"kshId":"12283","name":"Máriakálnok","county":"Győr-Moson-Sopron","district":"Mosonmagyaróvári","population":2074}},{"type":"Feature","geometry":{"type":"Point","coordinates":[18.46231,46.02899]},"properties":{"kshId":"14483","name":"Máriakéménd","county":"Baranya","district":"Bólyi","population":542}},{"type":"Feature","geometry":{"type":"Point","coordinates":[18.87197,47.8648]},"properties":{"kshId":"04570","name":"Márianosztra","county":"Pest","district":"Szobi","population":925}},{"type":"Feature","geometry":{"type":"Point","coordinates":[22.0232,47.87851]},"properties":{"kshId":"19655","name":"Máriapócs","county":"Szabolcs-Szatmár-Bereg","district":"Nyírbátori","population":1826}},{"type":"Feature","geometry":{"type":"Point","coordinates":[20.05476,47.82667]},"properties":{"kshId":"16540","name":"Markaz","county":"Heves","district":"Gyöngyösi","population":1736}},{"type":"Feature","geometry":{"type":"Point","coordinates":[19.71659,48.0135]},"properties":{"kshId":"14641","name":"Márkháza","county":"Nógrád","district":"Salgótarjáni","population":219}},{"type":"Feature","geometry":{"type":"Point","coordinates":[17.81441,47.12113]},"properties":{"kshId":"32212","name":"Márkó","county":"Veszprém","district":"Veszprémi","population":1790}},{"type":"Feature","geometry":{"type":"Point","coordinates":[17.76267,45.86313]},"properties":{"kshId":"16443","name":"Markóc","county":"Baranya","district":"Sellyei","population":62}},{"type":"Feature","geometry":{"type":"Point","coordinates":[17.31044,47.68174]},"properties":{"kshId":"06770","name":"Markotabödöge","county":"Győr-Moson-Sopron","district":"Csornai","population":503}},{"type":"Feature","geometry":{"type":"Point","coordinates":[16.66517,46.54839]},"properties":{"kshId":"02103","name":"Maróc","county":"Zala","district":"Letenyei","population":54}},{"type":"Feature","geometry":{"type":"Point","coordinates":[17.81482,45.91472]},"properties":{"kshId":"15219","name":"Marócsa","county":"Baranya","district":"Sellyei","population":73}},{"type":"Feature","geometry":{"type":"Point","coordinates":[18.5045,45.87809]},"properties":{"kshId":"20659","name":"Márok","county":"Baranya","district":"Siklósi","population":372}},{"type":"Feature","geometry":{"type":"Point","coordinates":[16.44049,46.71623]},"properties":{"kshId":"31981","name":"Márokföld","county":"Zala","district":"Lenti","population":66}},{"type":"Feature","geometry":{"type":"Point","coordinates":[22.5084,48.14867]},"properties":{"kshId":"33224","name":"Márokpapi","county":"Szabolcs-Szatmár-Bereg","district":"Vásárosnaményi","population":496}},{"type":"Feature","geometry":{"type":"Point","coordinates":[20.34186,46.27067]},"properties":{"kshId":"10515","name":"Maroslele","county":"Csongrád-Csanád","district":"Makói","population":2079}},{"type":"Feature","geometry":{"type":"Point","coordinates":[20.23838,46.46877]},"properties":{"kshId":"25733","name":"Mártély","county":"Csongrád-Csanád","district":"Hódmezővásárhelyi","population":1281}},{"type":"Feature","geometry":{"type":"Point","coordinates":[20.28139,47.01862]},"properties":{"kshId":"02626","name":"Martfű","county":"Jász-Nagykun-Szolnok","district":"Szolnoki","population":5498}},{"type":"Feature","geometry":{"type":"Point","coordinates":[18.37307,46.11633]},"properties":{"kshId":"02228","name":"Martonfa","county":"Baranya","district":"Pécsváradi","population":203}},{"type":"Feature","geometry":{"type":"Point","coordinates":[18.78863,47.31412]},"properties":{"kshId":"04659","name":"Martonvásár","county":"Fejér","district":"Martonvásári","population":5944}},{"type":"Feature","geometry":{"type":"Point","coordinates":[20.76483,48.47206]},"properties":{"kshId":"02024","name":"Martonyi","county":"Borsod-Abaúj-Zemplén","district":"Edelényi","population":292}},{"type":"Feature","geometry":{"type":"Point","coordinates":[22.32085,47.95391]},"properties":{"kshId":"18874","name":"Mátészalka","county":"Szabolcs-Szatmár-Bereg","district":"Mátészalkai","population":14848}},{"type":"Feature","geometry":{"type":"Point","coordinates":[19.2744,46.16505]},"properties":{"kshId":"27809","name":"Mátételke","county":"Bács-Kiskun","district":"Bácsalmási","population":449}},{"type":"Feature","geometry":{"type":"Point","coordinates":[20.01989,47.98311]},"properties":{"kshId":"19965","name":"Mátraballa","county":"Heves","district":"Pétervásárai","population":646}},{"type":"Feature","geometry":{"type":"Point","coordinates":[20.0828,47.94966]},"properties":{"kshId":"14872","name":"Mátraderecske","county":"Heves","district":"Pétervásárai","population":1624}},{"type":"Feature","geometry":{"type":"Point","coordinates":[19.93242,47.98028]},"properties":{"kshId":"20075","name":"Mátramindszent","county":"Nógrád","district":"Bátonyterenyei","population":684}},{"type":"Feature","geometry":{"type":"Point","coordinates":[19.98142,48.03879]},"properties":{"kshId":"19372","name":"Mátranovák","county":"Nógrád","district":"Bátonyterenyei","population":1527}},{"type":"Feature","geometry":{"type":"Point","coordinates":[19.89392,48.0554]},"properties":{"kshId":"24332","name":"Mátraszele","county":"Nógrád","district":"Salgótarjáni","population":871}},{"type":"Feature","geometry":{"type":"Point","coordinates":[19.87983,47.90953]},"properties":{"kshId":"29045","name":"Mátraszentimre","county":"Heves","district":"Gyöngyösi","population":462}},{"type":"Feature","geometry":{"type":"Point","coordinates":[19.70121,47.94498]},"properties":{"kshId":"04330","name":"Mátraszőlős","county":"Nógrád","district":"Pásztói","population":1425}},{"type":"Feature","geometry":{"type":"Point","coordinates":[19.94831,48.03098]},"properties":{"kshId":"33525","name":"Mátraterenye","county":"Nógrád","district":"Bátonyterenyei","population":1591}},{"type":"Feature","geometry":{"type":"Point","coordinates":[19.77805,47.97303]},"properties":{"kshId":"30100","name":"Mátraverebély","county":"Nógrád","district":"Bátonyterenyei","population":1626}},{"type":"Feature","geometry":{"type":"Point","coordinates":[18.34768,46.92276]},"properties":{"kshId":"16948","name":"Mátyásdomb","county":"Fejér","district":"Enyingi","population":727}},{"type":"Feature","geometry":{"type":"Point","coordinates":[18.26331,45.7934]},"properties":{"kshId":"15051","name":"Matty","county":"Baranya","district":"Siklósi","population":326}},{"type":"Feature","geometry":{"type":"Point","coordinates":[22.28233,48.28316]},"properties":{"kshId":"20668","name":"Mátyus","county":"Szabolcs-Szatmár-Bereg","district":"Vásárosnaményi","population":266}},{"type":"Feature","geometry":{"type":"Point","coordinates":[18.39814,46.27304]},"properties":{"kshId":"33756","name":"Máza","county":"Baranya","district":"Komlói","population":1089}},{"type":"Feature","geometry":{"type":"Point","coordinates":[18.46452,46.22441]},"properties":{"kshId":"13444","name":"Mecseknádasd","county":"Baranya","district":"Pécsváradi","population":1449}},{"type":"Feature","geometry":{"type":"Point","coordinates":[18.21112,46.22286]},"properties":{"kshId":"11402","name":"Mecsekpölöske","county":"Baranya","district":"Komlói","population":375}},{"type":"Feature","geometry":{"type":"Point","coordinates":[17.47674,47.79578]},"properties":{"kshId":"27359","name":"Mecsér","county":"Győr-Moson-Sopron","district":"Mosonmagyaróvári","population":672}},{"type":"Feature","geometry":{"type":"Point","coordinates":[20.96016,46.51816]},"properties":{"kshId":"20765","name":"Medgyesbodzás","county":"Békés","district":"Mezőkovácsházai","population":805}},{"type":"Feature","geometry":{"type":"Point","coordinates":[21.02809,46.49814]},"properties":{"kshId":"30128","name":"Medgyesegyháza","county":"Békés","district":"Mezőkovácsházai","population":3122}},{"type":"Feature","geometry":{"type":"Point","coordinates":[18.64336,46.47386]},"properties":{"kshId":"30562","name":"Medina","county":"Tolna","district":"Szekszárdi","population":668}},{"type":"Feature","geometry":{"type":"Point","coordinates":[21.05419,48.18738]},"properties":{"kshId":"21768","name":"Megyaszó","county":"Borsod-Abaúj-Zemplén","district":"Szerencsi","population":2498}},{"type":"Feature","geometry":{"type":"Point","coordinates":[16.84155,47.21174]},"properties":{"kshId":"30872","name":"Megyehíd","county":"Vas","district":"Sárvári","population":299}},{"type":"Feature","geometry":{"type":"Point","coordinates":[17.19233,47.06112]},"properties":{"kshId":"04987","name":"Megyer","county":"Veszprém","district":"Sümegi","population":25}},{"type":"Feature","geometry":{"type":"Point","coordinates":[16.86844,47.16272]},"properties":{"kshId":"25760","name":"Meggyeskovácsi","county":"Vas","district":"Sárvári","population":723}},{"type":"Feature","geometry":{"type":"Point","coordinates":[21.44918,46.77485]},"properties":{"kshId":"23931","name":"Méhkerék","county":"Békés","district":"Sarkadi","population":1870}},{"type":"Feature","geometry":{"type":"Point","coordinates":[22.8477,47.93168]},"properties":{"kshId":"29799","name":"Méhtelek","county":"Szabolcs-Szatmár-Bereg","district":"Fehérgyarmati","population":640}},{"type":"Feature","geometry":{"type":"Point","coordinates":[18.33363,46.38942]},"properties":{"kshId":"30492","name":"Mekényes","county":"Baranya","district":"Hegyháti","population":240}},{"type":"Feature","geometry":{"type":"Point","coordinates":[19.37921,46.2152]},"properties":{"kshId":"16018","name":"Mélykút","county":"Bács-Kiskun","district":"Jánoshalmai","population":4594}},{"type":"Feature","geometry":{"type":"Point","coordinates":[17.69992,46.9455]},"properties":{"kshId":"27137","name":"Mencshely","county":"Veszprém","district":"Veszprémi","population":295}},{"type":"Feature","geometry":{"type":"Point","coordinates":[19.45154,47.42887]},"properties":{"kshId":"03692","name":"Mende","county":"Pest","district":"Nagykátai","population":4250}},{"type":"Feature","geometry":{"type":"Point","coordinates":[21.15175,48.35904]},"properties":{"kshId":"25618","name":"Méra","county":"Borsod-Abaúj-Zemplén","district":"Encsi","population":1396}},{"type":"Feature","geometry":{"type":"Point","coordinates":[17.69848,46.06974]},"properties":{"kshId":"07737","name":"Merenye","county":"Baranya","district":"Szigetvári","population":243}},{"type":"Feature","geometry":{"type":"Point","coordinates":[17.44257,47.60237]},"properties":{"kshId":"20385","name":"Mérges","county":"Győr-Moson-Sopron","district":"Téti","population":96}},{"type":"Feature","geometry":{"type":"Point","coordinates":[22.37833,47.78196]},"properties":{"kshId":"07463","name":"Mérk","county":"Szabolcs-Szatmár-Bereg","district":"Mátészalkai","population":1911}},{"type":"Feature","geometry":{"type":"Point","coordinates":[17.81996,46.5087]},"properties":{"kshId":"23630","name":"Mernye","county":"Somogy","district":"Kaposvári","population":1315}},{"type":"Feature","geometry":{"type":"Point","coordinates":[17.20495,47.28946]},"properties":{"kshId":"14809","name":"Mersevát","county":"Vas","district":"Celldömölki","population":568}},{"type":"Feature","geometry":{"type":"Point","coordinates":[16.86335,47.37364]},"properties":{"kshId":"31875","name":"Mesterháza","county":"Vas","district":"Sárvári","population":152}},{"type":"Feature","geometry":{"type":"Point","coordinates":[17.08691,47.22555]},"properties":{"kshId":"15723","name":"Mesteri","county":"Vas","district":"Celldömölki","population":260}},{"type":"Feature","geometry":{"type":"Point","coordinates":[20.43087,46.95385]},"properties":{"kshId":"30234","name":"Mesterszállás","county":"Jász-Nagykun-Szolnok","district":"Mezőtúri","population":635}},{"type":"Feature","geometry":{"type":"Point","coordinates":[20.796,48.43866]},"properties":{"kshId":"11758","name":"Meszes","county":"Borsod-Abaúj-Zemplén","district":"Edelényi","population":151}},{"type":"Feature","geometry":{"type":"Point","coordinates":[16.70229,47.33127]},"properties":{"kshId":"32832","name":"Meszlen","county":"Vas","district":"Szombathelyi","population":195}},{"type":"Feature","geometry":{"type":"Point","coordinates":[17.42394,46.5045]},"properties":{"kshId":"16106","name":"Mesztegnyő","county":"Somogy","district":"Marcali","population":1248}},{"type":"Feature","geometry":{"type":"Point","coordinates":[21.02909,46.82403]},"properties":{"kshId":"19628","name":"Mezőberény","county":"Békés","district":"Békési","population":9301}},{"type":"Feature","geometry":{"type":"Point","coordinates":[20.90317,47.81754]},"properties":{"kshId":"13833","name":"Mezőcsát","county":"Borsod-Abaúj-Zemplén","district":"Mezőcsáti","population":5578}},{"type":"Feature","geometry":{"type":"Point","coordinates":[17.64762,46.43166]},"properties":{"kshId":"30854","name":"Mezőcsokonya","county":"Somogy","district":"Kaposvári","population":1150}},{"type":"Feature","geometry":{"type":"Point","coordinates":[18.10215,46.28852]},"properties":{"kshId":"03470","name":"Meződ","county":"Baranya","district":"Hegyháti","population":114}},{"type":"Feature","geometry":{"type":"Point","coordinates":[18.77904,46.93248]},"properties":{"kshId":"17552","name":"Mezőfalva","county":"Fejér","district":"Dunaújvárosi","population":4447}},{"type":"Feature","geometry":{"type":"Point","coordinates":[21.52298,46.86972]},"properties":{"kshId":"04206","name":"Mezőgyán","county":"Békés","district":"Sarkadi","population":807}},{"type":"Feature","geometry":{"type":"Point","coordinates":[20.81941,46.31396]},"properties":{"kshId":"11873","name":"Mezőhegyes","county":"Békés","district":"Mezőkovácsházai","population":4173}},{"type":"Feature","geometry":{"type":"Point","coordinates":[20.38761,46.99572]},"properties":{"kshId":"26286","name":"Mezőhék","county":"Jász-Nagykun-Szolnok","district":"Mezőtúri","population":302}},{"type":"Feature","geometry":{"type":"Point","coordinates":[20.69225,47.82988]},"properties":{"kshId":"11323","name":"Mezőkeresztes","county":"Borsod-Abaúj-Zemplén","district":"Mezőkövesdi","population":3459}},{"type":"Feature","geometry":{"type":"Point","coordinates":[18.28978,46.82876]},"properties":{"kshId":"05689","name":"Mezőkomárom","county":"Fejér","district":"Enyingi","population":830}},{"type":"Feature","geometry":{"type":"Point","coordinates":[20.9236,46.40734]},"properties":{"kshId":"30322","name":"Mezőkovácsháza","county":"Békés","district":"Mezőkovácsházai","population":5251}},{"type":"Feature","geometry":{"type":"Point","coordinates":[20.56609,47.80975]},"properties":{"kshId":"19433","name":"Mezőkövesd","county":"Borsod-Abaúj-Zemplén","district":"Mezőkövesdi","population":15413}},{"type":"Feature","geometry":{"type":"Point","coordinates":[22.22288,48.27416]},"properties":{"kshId":"32656","name":"Mezőladány","county":"Szabolcs-Szatmár-Bereg","district":"Kisvárdai","population":902}},{"type":"Feature","geometry":{"type":"Point","coordinates":[17.3713,47.32908]},"properties":{"kshId":"23560","name":"Mezőlak","county":"Veszprém","district":"Pápai","population":901}},{"type":"Feature","geometry":{"type":"Point","coordinates":[20.7302,47.80612]},"properties":{"kshId":"18379","name":"Mezőnagymihály","county":"Borsod-Abaúj-Zemplén","district":"Mezőkövesdi","population":913}},{"type":"Feature","geometry":{"type":"Point","coordinates":[20.67832,47.85711]},"properties":{"kshId":"11749","name":"Mezőnyárád","county":"Borsod-Abaúj-Zemplén","district":"Mezőkövesdi","population":1503}},{"type":"Feature","geometry":{"type":"Point","coordinates":[17.8795,47.56871]},"properties":{"kshId":"12812","name":"Mezőörs","county":"Győr-Moson-Sopron","district":"Győri","population":957}},{"type":"Feature","geometry":{"type":"Point","coordinates":[21.61665,47.16708]},"properties":{"kshId":"31033","name":"Mezőpeterd","county":"Hajdú-Bihar","district":"Berettyóújfalui","population":540}},{"type":"Feature","geometry":{"type":"Point","coordinates":[21.56924,47.1108]},"properties":{"kshId":"18847","name":"Mezősas","county":"Hajdú-Bihar","district":"Berettyóújfalui","population":598}},{"type":"Feature","geometry":{"type":"Point","coordinates":[20.51918,47.74731]},"properties":{"kshId":"25089","name":"Mezőszemere","county":"Heves","district":"Füzesabonyi","population":1026}},{"type":"Feature","geometry":{"type":"Point","coordinates":[18.27384,46.99405]},"properties":{"kshId":"06576","name":"Mezőszentgyörgy","county":"Fejér","district":"Enyingi","population":1234}},{"type":"Feature","geometry":{"type":"Point","coordinates":[18.47499,46.81584]},"properties":{"kshId":"29036","name":"Mezőszilas","county":"Fejér","district":"Sárbogárdi","population":2004}},{"type":"Feature","geometry":{"type":"Point","coordinates":[20.47608,47.72187]},"properties":{"kshId":"31662","name":"Mezőtárkány","county":"Heves","district":"Füzesabonyi","population":1483}},{"type":"Feature","geometry":{"type":"Point","coordinates":[20.62995,47.00047]},"properties":{"kshId":"04260","name":"Mezőtúr","county":"Jász-Nagykun-Szolnok","district":"Mezőtúri","population":15257}},{"type":"Feature","geometry":{"type":"Point","coordinates":[21.25962,48.15025]},"properties":{"kshId":"03443","name":"Mezőzombor","county":"Borsod-Abaúj-Zemplén","district":"Szerencsi","population":2202}},{"type":"Feature","geometry":{"type":"Point","coordinates":[17.1271,46.44891]},"properties":{"kshId":"27526","name":"Miháld","county":"Zala","district":"Nagykanizsai","population":668}},{"type":"Feature","geometry":{"type":"Point","coordinates":[17.18955,46.97897]},"properties":{"kshId":"02130","name":"Mihályfa","county":"Zala","district":"Zalaszentgróti","population":339}},{"type":"Feature","geometry":{"type":"Point","coordinates":[19.6341,48.1952]},"properties":{"kshId":"13222","name":"Mihálygerge","county":"Nógrád","district":"Salgótarjáni","population":490}},{"type":"Feature","geometry":{"type":"Point","coordinates":[17.33857,47.3098]},"properties":{"kshId":"04668","name":"Mihályháza","county":"Veszprém","district":"Pápai","population":671}},{"type":"Feature","geometry":{"type":"Point","coordinates":[17.09503,47.51576]},"properties":{"kshId":"21980","name":"Mihályi","county":"Győr-Moson-Sopron","district":"Kapuvári","population":1041}},{"type":"Feature","geometry":{"type":"Point","coordinates":[17.52953,46.24253]},"properties":{"kshId":"20905","name":"Mike","county":"Somogy","district":"Kaposvári","population":561}},{"type":"Feature","geometry":{"type":"Point","coordinates":[19.61521,47.15689]},"properties":{"kshId":"24466","name":"Mikebuda","county":"Pest","district":"Ceglédi","population":685}},{"type":"Feature","geometry":{"type":"Point","coordinates":[16.69366,46.66035]},"properties":{"kshId":"22141","name":"Mikekarácsonyfa","county":"Zala","district":"Lenti","population":318}},{"type":"Feature","geometry":{"type":"Point","coordinates":[21.6315,47.44095]},"properties":{"kshId":"24217","name":"Mikepércs","county":"Hajdú-Bihar","district":"Derecskei","population":5362}},{"type":"Feature","geometry":{"type":"Point","coordinates":[17.99633,46.64728]},"properties":{"kshId":"33376","name":"Miklósi","county":"Somogy","district":"Tabi","population":174}},{"type":"Feature","geometry":{"type":"Point","coordinates":[20.31768,48.05571]},"properties":{"kshId":"31282","name":"Mikófalva","county":"Heves","district":"Bélapátfalvai","population":625}},{"type":"Feature","geometry":{"type":"Point","coordinates":[21.59333,48.46352]},"properties":{"kshId":"24253","name":"Mikóháza","county":"Borsod-Abaúj-Zemplén","district":"Sátoraljaújhelyi","population":487}},{"type":"Feature","geometry":{"type":"Point","coordinates":[16.97463,47.03237]},"properties":{"kshId":"30599","name":"Mikosszéplak","county":"Vas","district":"Vasvári","population":298}},{"type":"Feature","geometry":{"type":"Point","coordinates":[16.74198,46.78877]},"properties":{"kshId":"02662","name":"Milejszeg","county":"Zala","district":"Zalaegerszegi","population":300}},{"type":"Feature","geometry":{"type":"Point","coordinates":[22.78031,48.10359]},"properties":{"kshId":"31750","name":"Milota","county":"Szabolcs-Szatmár-Bereg","district":"Fehérgyarmati","population":865}},{"type":"Feature","geometry":{"type":"Point","coordinates":[20.186,46.52402]},"properties":{"kshId":"21555","name":"Mindszent","county":"Csongrád-Csanád","district":"Hódmezővásárhelyi","population":6209}},{"type":"Feature","geometry":{"type":"Point","coordinates":[18.07309,46.2295]},"properties":{"kshId":"16285","name":"Mindszentgodisa","county":"Baranya","district":"Hegyháti","population":681}},{"type":"Feature","geometry":{"type":"Point","coordinates":[17.55291,46.87418]},"properties":{"kshId":"04534","name":"Mindszentkálla","county":"Veszprém","district":"Tapolcai","population":250}},{"type":"Feature","geometry":{"type":"Point","coordinates":[16.98416,46.80512]},"properties":{"kshId":"04756","name":"Misefa","county":"Zala","district":"Zalaegerszegi","population":256}},{"type":"Feature","geometry":{"type":"Point","coordinates":[19.03207,46.44236]},"properties":{"kshId":"30632","name":"Miske","county":"Bács-Kiskun","district":"Kalocsai","population":1509}},{"type":"Feature","geometry":{"type":"Point","coordinates":[20.79004,48.10306]},"properties":{"kshId":"30456","name":"Miskolc","county":"Borsod-Abaúj-Zemplén","district":"Miskolci","population":141440}},{"type":"Feature","geometry":{"type":"Point","coordinates":[18.48344,46.63147]},"properties":{"kshId":"02811","name":"Miszla","county":"Tolna","district":"Tamási","population":252}},{"type":"Feature","geometry":{"type":"Point","coordinates":[18.18148,47.66925]},"properties":{"kshId":"26930","name":"Mocsa","county":"Komárom-Esztergom","district":"Komáromi","population":2106}},{"type":"Feature","geometry":{"type":"Point","coordinates":[19.23842,47.59866]},"properties":{"kshId":"17783","name":"Mogyoród","county":"Pest","district":"Gödöllői","population":8436}},{"type":"Feature","geometry":{"type":"Point","coordinates":[18.60241,47.72749]},"properties":{"kshId":"28255","name":"Mogyorósbánya","county":"Komárom-Esztergom","district":"Esztergomi","population":866}},{"type":"Feature","geometry":{"type":"Point","coordinates":[21.32741,48.37646]},"properties":{"kshId":"10968","name":"Mogyoróska","county":"Borsod-Abaúj-Zemplén","district":"Gönci","population":77}},{"type":"Feature","geometry":{"type":"Point","coordinates":[18.33382,47.24302]},"properties":{"kshId":"25715","name":"Moha","county":"Fejér","district":"Székesfehérvári","population":566}},{"type":"Feature","geometry":{"type":"Point","coordinates":[18.68211,45.99338]},"properties":{"kshId":"23959","name":"Mohács","county":"Baranya","district":"Mohácsi","population":17054}},{"type":"Feature","geometry":{"type":"Point","coordinates":[19.33818,47.99354]},"properties":{"kshId":"27915","name":"Mohora","county":"Nógrád","district":"Balassagyarmati","population":889}},{"type":"Feature","geometry":{"type":"Point","coordinates":[16.83129,46.38511]},"properties":{"kshId":"21014","name":"Molnári","county":"Zala","district":"Letenyei","population":597}},{"type":"Feature","geometry":{"type":"Point","coordinates":[16.67659,47.0458]},"properties":{"kshId":"03294","name":"Molnaszecsőd","county":"Vas","district":"Körmendi","population":416}},{"type":"Feature","geometry":{"type":"Point","coordinates":[17.7455,46.02845]},"properties":{"kshId":"29522","name":"Molvány","county":"Baranya","district":"Szigetvári","population":152}},{"type":"Feature","geometry":{"type":"Point","coordinates":[20.93673,48.30639]},"properties":{"kshId":"09016","name":"Monaj","county":"Borsod-Abaúj-Zemplén","district":"Szikszói","population":256}},{"type":"Feature","geometry":{"type":"Point","coordinates":[21.14977,48.21218]},"properties":{"kshId":"07825","name":"Monok","county":"Borsod-Abaúj-Zemplén","district":"Szerencsi","population":1430}},{"type":"Feature","geometry":{"type":"Point","coordinates":[19.44684,47.35274]},"properties":{"kshId":"10551","name":"Monor","county":"Pest","district":"Monori","population":19355}},{"type":"Feature","geometry":{"type":"Point","coordinates":[19.50263,47.31026]},"properties":{"kshId":"34397","name":"Monorierdő","county":"Pest","district":"Monori","population":5107}},{"type":"Feature","geometry":{"type":"Point","coordinates":[20.33638,48.03772]},"properties":{"kshId":"31565","name":"Mónosbél","county":"Heves","district":"Bélapátfalvai","population":395}},{"type":"Feature","geometry":{"type":"Point","coordinates":[17.55087,46.92236]},"properties":{"kshId":"24040","name":"Monostorapáti","county":"Veszprém","district":"Tapolcai","population":1061}},{"type":"Feature","geometry":{"type":"Point","coordinates":[21.77343,47.39741]},"properties":{"kshId":"25894","name":"Monostorpályi","county":"Hajdú-Bihar","district":"Derecskei","population":2130}},{"type":"Feature","geometry":{"type":"Point","coordinates":[17.64074,46.90299]},"properties":{"kshId":"22512","name":"Monoszló","county":"Veszprém","district":"Balatonfüredi","population":96}},{"type":"Feature","geometry":{"type":"Point","coordinates":[18.47715,46.01028]},"properties":{"kshId":"16027","name":"Monyoród","county":"Baranya","district":"Bólyi","population":171}},{"type":"Feature","geometry":{"type":"Point","coordinates":[18.20904,47.37203]},"properties":{"kshId":"18485","name":"Mór","county":"Fejér","district":"Móri","population":13256}},{"type":"Feature","geometry":{"type":"Point","coordinates":[18.64295,46.21583]},"properties":{"kshId":"20701","name":"Mórágy","county":"Tolna","district":"Bonyhádi","population":622}},{"type":"Feature","geometry":{"type":"Point","coordinates":[19.88948,46.21632]},"properties":{"kshId":"04349","name":"Mórahalom","county":"Csongrád-Csanád","district":"Mórahalmi","population":6432}},{"type":"Feature","geometry":{"type":"Point","coordinates":[19.66981,46.63317]},"properties":{"kshId":"34096","name":"Móricgát","county":"Bács-Kiskun","district":"Kiskunmajsai","population":397}},{"type":"Feature","geometry":{"type":"Point","coordinates":[17.42033,47.51509]},"properties":{"kshId":"02556","name":"Mórichida","county":"Győr-Moson-Sopron","district":"Téti","population":803}},{"type":"Feature","geometry":{"type":"Point","coordinates":[17.98687,46.35351]},"properties":{"kshId":"31343","name":"Mosdós","county":"Somogy","district":"Kaposvári","population":827}},{"type":"Feature","geometry":{"type":"Point","coordinates":[17.27223,47.87318]},"properties":{"kshId":"04783","name":"Mosonmagyaróvár","county":"Győr-Moson-Sopron","district":"Mosonmagyaróvári","population":33743}},{"type":"Feature","geometry":{"type":"Point","coordinates":[17.42712,47.72869]},"properties":{"kshId":"33677","name":"Mosonszentmiklós","county":"Győr-Moson-Sopron","district":"Győri","population":2662}},{"type":"Feature","geometry":{"type":"Point","coordinates":[17.17414,47.85276]},"properties":{"kshId":"28149","name":"Mosonszolnok","county":"Győr-Moson-Sopron","district":"Mosonmagyaróvári","population":1866}},{"type":"Feature","geometry":{"type":"Point","coordinates":[17.22731,47.84214]},"properties":{"kshId":"34412","name":"Mosonudvar","county":"Győr-Moson-Sopron","district":"Mosonmagyaróvári","population":381}},{"type":"Feature","geometry":{"type":"Point","coordinates":[17.84456,46.1141]},"properties":{"kshId":"29540","name":"Mozsgó","county":"Baranya","district":"Szigetvári","population":862}},{"type":"Feature","geometry":{"type":"Point","coordinates":[18.59021,46.2592]},"properties":{"kshId":"33349","name":"Mőcsény","county":"Tolna","district":"Bonyhádi","population":340}},{"type":"Feature","geometry":{"type":"Point","coordinates":[18.41906,46.35512]},"properties":{"kshId":"13620","name":"Mucsfa","county":"Tolna","district":"Bonyhádi","population":284}},{"type":"Feature","geometry":{"type":"Point","coordinates":[18.395,46.42723]},"properties":{"kshId":"07029","name":"Mucsi","county":"Tolna","district":"Tamási","population":417}},{"type":"Feature","geometry":{"type":"Point","coordinates":[20.68028,48.2698]},"properties":{"kshId":"21546","name":"Múcsony","county":"Borsod-Abaúj-Zemplén","district":"Kazincbarcikai","population":2631}},{"type":"Feature","geometry":{"type":"Point","coordinates":[20.9289,47.97959]},"properties":{"kshId":"02158","name":"Muhi","county":"Borsod-Abaúj-Zemplén","district":"Tiszaújvárosi","population":478}},{"type":"Feature","geometry":{"type":"Point","coordinates":[16.87722,46.3625]},"properties":{"kshId":"25210","name":"Murakeresztúr","county":"Zala","district":"Nagykanizsai","population":1521}},{"type":"Feature","geometry":{"type":"Point","coordinates":[16.67453,46.45699]},"properties":{"kshId":"07968","name":"Murarátka","county":"Zala","district":"Letenyei","population":227}},{"type":"Feature","geometry":{"type":"Point","coordinates":[16.62463,46.47624]},"properties":{"kshId":"33987","name":"Muraszemenye","county":"Zala","district":"Letenyei","population":486}},{"type":"Feature","geometry":{"type":"Point","coordinates":[18.48792,46.46075]},"properties":{"kshId":"18917","name":"Murga","county":"Tolna","district":"Bonyhádi","population":44}},{"type":"Feature","geometry":{"type":"Point","coordinates":[21.03896,46.76182]},"properties":{"kshId":"11989","name":"Murony","county":"Békés","district":"Békési","population":1079}},{"type":"Feature","geometry":{"type":"Point","coordinates":[22.44641,48.00527]},"properties":{"kshId":"19211","name":"Nábrád","county":"Szabolcs-Szatmár-Bereg","district":"Fehérgyarmati","population":845}},{"type":"Feature","geometry":{"type":"Point","coordinates":[18.61749,47.25799]},"properties":{"kshId":"27599","name":"Nadap","county":"Fejér","district":"Gárdonyi","population":810}},{"type":"Feature","geometry":{"type":"Point","coordinates":[16.6129,46.96507]},"properties":{"kshId":"06716","name":"Nádasd","county":"Vas","district":"Körmendi","population":1316}},{"type":"Feature","geometry":{"type":"Point","coordinates":[18.23987,47.13777]},"properties":{"kshId":"13903","name":"Nádasdladány","county":"Fejér","district":"Székesfehérvári","population":1646}},{"type":"Feature","geometry":{"type":"Point","coordinates":[21.15931,47.42856]},"properties":{"kshId":"28103","name":"Nádudvar","county":"Hajdú-Bihar","district":"Hajdúszoboszlói","population":7935}},{"type":"Feature","geometry":{"type":"Point","coordinates":[17.95397,46.66459]},"properties":{"kshId":"15909","name":"Nágocs","county":"Somogy","district":"Tabi","population":577}},{"type":"Feature","geometry":{"type":"Point","coordinates":[17.37257,47.36592]},"properties":{"kshId":"23551","name":"Nagyacsád","county":"Veszprém","district":"Pápai","population":597}},{"type":"Feature","geometry":{"type":"Point","coordinates":[17.35813,47.22979]},"properties":{"kshId":"27979","name":"Nagyalásony","county":"Veszprém","district":"Devecseri","population":482}},{"type":"Feature","geometry":{"type":"Point","coordinates":[22.55385,48.05875]},"properties":{"kshId":"04710","name":"Nagyar","county":"Szabolcs-Szatmár-Bereg","district":"Fehérgyarmati","population":594}},{"type":"Feature","geometry":{"type":"Point","coordinates":[17.3571,46.22914]},"properties":{"kshId":"17941","name":"Nagyatád","county":"Somogy","district":"Nagyatádi","population":9218}},{"type":"Feature","geometry":{"type":"Point","coordinates":[17.68689,47.76446]},"properties":{"kshId":"02361","name":"Nagybajcs","county":"Győr-Moson-Sopron","district":"Győri","population":1232}},{"type":"Feature","geometry":{"type":"Point","coordinates":[17.51187,46.39366]},"properties":{"kshId":"21652","name":"Nagybajom","county":"Somogy","district":"Kaposvári","population":3140}},{"type":"Feature","geometry":{"type":"Point","coordinates":[17.04449,46.55163]},"properties":{"kshId":"12760","name":"Nagybakónak","county":"Zala","district":"Nagykanizsai","population":373}},{"type":"Feature","geometry":{"type":"Point","coordinates":[20.90175,46.45911]},"properties":{"kshId":"26028","name":"Nagybánhegyes","county":"Békés","district":"Mezőkovácsházai","population":1014}},{"type":"Feature","geometry":{"type":"Point","coordinates":[18.90548,46.04295]},"properties":{"kshId":"25955","name":"Nagybaracska","county":"Bács-Kiskun","district":"Bajai","population":1954}},{"type":"Feature","geometry":{"type":"Point","coordinates":[20.5239,48.24492]},"properties":{"kshId":"29188","name":"Nagybarca","county":"Borsod-Abaúj-Zemplén","district":"Kazincbarcikai","population":881}},{"type":"Feature","geometry":{"type":"Point","coordinates":[19.70167,47.99779]},"properties":{"kshId":"16391","name":"Nagybárkány","county":"Nógrád","district":"Salgótarjáni","population":631}},{"type":"Feature","geometry":{"type":"Point","coordinates":[18.164,46.79825]},"properties":{"kshId":"29063","name":"Nagyberény","county":"Somogy","district":"Siófoki","population":1264}},{"type":"Feature","geometry":{"type":"Point","coordinates":[18.00741,46.35747]},"properties":{"kshId":"21449","name":"Nagyberki","county":"Somogy","district":"Kaposvári","population":1282}},{"type":"Feature","geometry":{"type":"Point","coordinates":[18.82439,47.936]},"properties":{"kshId":"14775","name":"Nagybörzsöny","county":"Pest","district":"Szobi","population":570}},{"type":"Feature","geometry":{"type":"Point","coordinates":[18.44487,45.93652]},"properties":{"kshId":"03984","name":"Nagybudmér","county":"Baranya","district":"Bólyi","population":149}},{"type":"Feature","geometry":{"type":"Point","coordinates":[16.69774,47.60341]},"properties":{"kshId":"02495","name":"Nagycenk","county":"Győr-Moson-Sopron","district":"Soproni","population":2871}},{"type":"Feature","geometry":{"type":"Point","coordinates":[17.94382,45.87091]},"properties":{"kshId":"18111","name":"Nagycsány","county":"Baranya","district":"Sellyei","population":124}},{"type":"Feature","geometry":{"type":"Point","coordinates":[20.95169,47.95891]},"properties":{"kshId":"05582","name":"Nagycsécs","county":"Borsod-Abaúj-Zemplén","district":"Tiszaújvárosi","population":731}},{"type":"Feature","geometry":{"type":"Point","coordinates":[17.8346,46.74979]},"properties":{"kshId":"20598","name":"Nagycsepely","county":"Somogy","district":"Siófoki","population":365}},{"type":"Feature","geometry":{"type":"Point","coordinates":[21.55344,47.96414]},"properties":{"kshId":"22743","name":"Nagycserkesz","county":"Szabolcs-Szatmár-Bereg","district":"Nyíregyházi","population":1516}},{"type":"Feature","geometry":{"type":"Point","coordinates":[17.67432,47.43874]},"properties":{"kshId":"10001","name":"Nagydém","county":"Veszprém","district":"Pápai","population":319}},{"type":"Feature","geometry":{"type":"Point","coordinates":[22.30345,48.05355]},"properties":{"kshId":"21485","name":"Nagydobos","county":"Szabolcs-Szatmár-Bereg","district":"Mátészalkai","population":2072}},{"type":"Feature","geometry":{"type":"Point","coordinates":[17.66552,46.03398]},"properties":{"kshId":"33899","name":"Nagydobsza","county":"Baranya","district":"Szigetvári","population":556}},{"type":"Feature","geometry":{"type":"Point","coordinates":[18.65788,46.62306]},"properties":{"kshId":"18388","name":"Nagydorog","county":"Tolna","district":"Paksi","population":2414}},{"type":"Feature","geometry":{"type":"Point","coordinates":[22.3843,47.86217]},"properties":{"kshId":"06488","name":"Nagyecsed","county":"Szabolcs-Szatmár-Bereg","district":"Mátészalkai","population":5987}},{"type":"Feature","geometry":{"type":"Point","coordinates":[20.72923,46.37037]},"properties":{"kshId":"20914","name":"Nagyér","county":"Csongrád-Csanád","district":"Makói","population":446}},{"type":"Feature","geometry":{"type":"Point","coordinates":[17.90506,47.27674]},"properties":{"kshId":"23180","name":"Nagyesztergár","county":"Veszprém","district":"Zirci","population":1105}},{"type":"Feature","geometry":{"type":"Point","coordinates":[20.10381,47.68198]},"properties":{"kshId":"26879","name":"Nagyfüged","county":"Heves","district":"Gyöngyösi","population":1779}},{"type":"Feature","geometry":{"type":"Point","coordinates":[16.93222,47.39487]},"properties":{"kshId":"09283","name":"Nagygeresd","county":"Vas","district":"Sárvári","population":260}},{"type":"Feature","geometry":{"type":"Point","coordinates":[17.17934,46.93111]},"properties":{"kshId":"05218","name":"Nagygörbő","county":"Zala","district":"Zalaszentgróti","population":196}},{"type":"Feature","geometry":{"type":"Point","coordinates":[17.54985,47.33921]},"properties":{"kshId":"08262","name":"Nagygyimót","county":"Veszprém","district":"Pápai","population":497}},{"type":"Feature","geometry":{"type":"Point","coordinates":[18.2892,46.37434]},"properties":{"kshId":"12858","name":"Nagyhajmás","county":"Baranya","district":"Hegyháti","population":262}},{"type":"Feature","geometry":{"type":"Point","coordinates":[21.75939,48.13224]},"properties":{"kshId":"27155","name":"Nagyhalász","county":"Szabolcs-Szatmár-Bereg","district":"Ibrányi","population":5270}},{"type":"Feature","geometry":{"type":"Point","coordinates":[18.39983,45.84742]},"properties":{"kshId":"02653","name":"Nagyharsány","county":"Baranya","district":"Siklósi","population":1325}},{"type":"Feature","geometry":{"type":"Point","coordinates":[21.34659,47.53851]},"properties":{"kshId":"09478","name":"Nagyhegyes","county":"Hajdú-Bihar","district":"Hajdúszoboszlói","population":2874}},{"type":"Feature","geometry":{"type":"Point","coordinates":[22.84966,47.96294]},"properties":{"kshId":"26976","name":"Nagyhódos","county":"Szabolcs-Szatmár-Bereg","district":"Fehérgyarmati","population":108}},{"type":"Feature","geometry":{"type":"Point","coordinates":[21.49373,48.42855]},"properties":{"kshId":"15468","name":"Nagyhuta","county":"Borsod-Abaúj-Zemplén","district":"Sátoraljaújhelyi","population":71}},{"type":"Feature","geometry":{"type":"Point","coordinates":[18.07619,47.63502]},"properties":{"kshId":"22372","name":"Nagyigmánd","county":"Komárom-Esztergom","district":"Komáromi","population":2666}},{"type":"Feature","geometry":{"type":"Point","coordinates":[20.92714,47.48484]},"properties":{"kshId":"21689","name":"Nagyiván","county":"Jász-Nagykun-Szolnok","district":"Tiszafüredi","population":994}},{"type":"Feature","geometry":{"type":"Point","coordinates":[21.8435,47.8743]},"properties":{"kshId":"24785","name":"Nagykálló","county":"Szabolcs-Szatmár-Bereg","district":"Nagykállói","population":9016}},{"type":"Feature","geometry":{"type":"Point","coordinates":[21.11569,46.47342]},"properties":{"kshId":"04242","name":"Nagykamarás","county":"Békés","district":"Mezőkovácsházai","population":1051}},{"type":"Feature","geometry":{"type":"Point","coordinates":[16.99239,46.45483]},"properties":{"kshId":"30933","name":"Nagykanizsa","county":"Zala","district":"Nagykanizsai","population":42042}},{"type":"Feature","geometry":{"type":"Point","coordinates":[16.99273,46.81819]},"properties":{"kshId":"20589","name":"Nagykapornak","county":"Zala","district":"Zalaegerszegi","population":863}},{"type":"Feature","geometry":{"type":"Point","coordinates":[18.775,46.86669]},"properties":{"kshId":"07001","name":"Nagykarácsony","county":"Fejér","district":"Dunaújvárosi","population":1266}},{"type":"Feature","geometry":{"type":"Point","coordinates":[19.75037,47.41382]},"properties":{"kshId":"13435","name":"Nagykáta","county":"Pest","district":"Nagykátai","population":11874}},{"type":"Feature","geometry":{"type":"Point","coordinates":[21.78798,47.18865]},"properties":{"kshId":"08907","name":"Nagykereki","county":"Hajdú-Bihar","district":"Berettyóújfalui","population":1086}},{"type":"Feature","geometry":{"type":"Point","coordinates":[19.72305,48.03887]},"properties":{"kshId":"34281","name":"Nagykeresztúr","county":"Nógrád","district":"Salgótarjáni","population":227}},{"type":"Feature","geometry":{"type":"Point","coordinates":[21.03906,48.23674]},"properties":{"kshId":"26505","name":"Nagykinizs","county":"Borsod-Abaúj-Zemplén","district":"Szikszói","population":288}},{"type":"Feature","geometry":{"type":"Point","coordinates":[18.2032,46.59037]},"properties":{"kshId":"27182","name":"Nagykónyi","county":"Tolna","district":"Tamási","population":952}},{"type":"Feature","geometry":{"type":"Point","coordinates":[17.45563,46.26075]},"properties":{"kshId":"32805","name":"Nagykorpád","county":"Somogy","district":"Nagyatádi","population":481}},{"type":"Feature","geometry":{"type":"Point","coordinates":[18.88206,47.57624]},"properties":{"kshId":"09991","name":"Nagykovácsi","county":"Pest","district":"Budakeszi","population":8757}},{"type":"Feature","geometry":{"type":"Point","coordinates":[18.31972,46.06558]},"properties":{"kshId":"10940","name":"Nagykozár","county":"Baranya","district":"Pécsi","population":2011}},{"type":"Feature","geometry":{"type":"Point","coordinates":[19.60154,47.73309]},"properties":{"kshId":"24943","name":"Nagykökényes","county":"Heves","district":"Hatvani","population":545}},{"type":"Feature","geometry":{"type":"Point","coordinates":[16.55461,47.06588]},"properties":{"kshId":"32920","name":"Nagykölked","county":"Vas","district":"Körmendi","population":180}},{"type":"Feature","geometry":{"type":"Point","coordinates":[19.78631,47.03743]},"properties":{"kshId":"19716","name":"Nagykőrös","county":"Pest","district":"Nagykőrösi","population":22940}},{"type":"Feature","geometry":{"type":"Point","coordinates":[20.44837,47.27428]},"properties":{"kshId":"15574","name":"Nagykörű","county":"Jász-Nagykun-Szolnok","district":"Szolnoki","population":1524}},{"type":"Feature","geometry":{"type":"Point","coordinates":[16.80438,46.9278]},"properties":{"kshId":"22178","name":"Nagykutas","county":"Zala","district":"Zalaegerszegi","population":442}},{"type":"Feature","geometry":{"type":"Point","coordinates":[20.70995,46.17087]},"properties":{"kshId":"12779","name":"Nagylak","county":"Csongrád-Csanád","district":"Makói","population":354}},{"type":"Feature","geometry":{"type":"Point","coordinates":[16.76338,46.77858]},"properties":{"kshId":"04455","name":"Nagylengyel","county":"Zala","district":"Zalaegerszegi","population":500}},{"type":"Feature","geometry":{"type":"Point","coordinates":[19.5726,48.03543]},"properties":{"kshId":"21102","name":"Nagylóc","county":"Nógrád","district":"Szécsényi","population":1398}},{"type":"Feature","geometry":{"type":"Point","coordinates":[18.64223,46.97595]},"properties":{"kshId":"32364","name":"Nagylók","county":"Fejér","district":"Sárbogárdi","population":984}},{"type":"Feature","geometry":{"type":"Point","coordinates":[16.77039,47.56697]},"properties":{"kshId":"32939","name":"Nagylózs","county":"Győr-Moson-Sopron","district":"Soproni","population":918}},{"type":"Feature","geometry":{"type":"Point","coordinates":[20.48117,46.58345]},"properties":{"kshId":"17233","name":"Nagymágocs","county":"Csongrád-Csanád","district":"Szentesi","population":2661}},{"type":"Feature","geometry":{"type":"Point","coordinates":[18.45924,46.28249]},"properties":{"kshId":"14030","name":"Nagymányok","county":"Tolna","district":"Bonyhádi","population":2117}},{"type":"Feature","geometry":{"type":"Point","coordinates":[18.95873,47.78911]},"properties":{"kshId":"31732","name":"Nagymaros","county":"Pest","district":"Szobi","population":5011}},{"type":"Feature","geometry":{"type":"Point","coordinates":[16.65486,46.99215]},"properties":{"kshId":"15060","name":"Nagymizdó","county":"Vas","district":"Körmendi","population":111}},{"type":"Feature","geometry":{"type":"Point","coordinates":[18.57843,45.94494]},"properties":{"kshId":"14650","name":"Nagynyárád","county":"Baranya","district":"Mohácsi","population":607}},{"type":"Feature","geometry":{"type":"Point","coordinates":[19.0913,48.00388]},"properties":{"kshId":"23986","name":"Nagyoroszi","county":"Nógrád","district":"Rétsági","population":1856}},{"type":"Feature","geometry":{"type":"Point","coordinates":[16.84117,46.90869]},"properties":{"kshId":"28468","name":"Nagypáli","county":"Zala","district":"Zalaegerszegi","population":566}},{"type":"Feature","geometry":{"type":"Point","coordinates":[18.45724,46.14477]},"properties":{"kshId":"19877","name":"Nagypall","county":"Baranya","district":"Pécsváradi","population":339}},{"type":"Feature","geometry":{"type":"Point","coordinates":[17.89513,46.04577]},"properties":{"kshId":"27164","name":"Nagypeterd","county":"Baranya","district":"Szigetvári","population":639}},{"type":"Feature","geometry":{"type":"Point","coordinates":[17.22535,47.20032]},"properties":{"kshId":"21403","name":"Nagypirit","county":"Veszprém","district":"Devecseri","population":214}},{"type":"Feature","geometry":{"type":"Point","coordinates":[21.31923,47.20459]},"properties":{"kshId":"06309","name":"Nagyrábé","county":"Hajdú-Bihar","district":"Püspökladányi","population":1857}},{"type":"Feature","geometry":{"type":"Point","coordinates":[17.11834,46.61953]},"properties":{"kshId":"16513","name":"Nagyrada","county":"Zala","district":"Nagykanizsai","population":435}},{"type":"Feature","geometry":{"type":"Point","coordinates":[16.45848,46.82869]},"properties":{"kshId":"29869","name":"Nagyrákos","county":"Vas","district":"Körmendi","population":254}},{"type":"Feature","geometry":{"type":"Point","coordinates":[17.05162,46.48873]},"properties":{"kshId":"14979","name":"Nagyrécse","county":"Zala","district":"Nagykanizsai","population":1105}},{"type":"Feature","geometry":{"type":"Point","coordinates":[19.85035,47.76549]},"properties":{"kshId":"31486","name":"Nagyréde","county":"Heves","district":"Gyöngyösi","population":3069}},{"type":"Feature","geometry":{"type":"Point","coordinates":[20.14401,46.94507]},"properties":{"kshId":"06318","name":"Nagyrév","county":"Jász-Nagykun-Szolnok","district":"Kunszentmártoni","population":590}},{"type":"Feature","geometry":{"type":"Point","coordinates":[21.92232,48.33932]},"properties":{"kshId":"33181","name":"Nagyrozvágy","county":"Borsod-Abaúj-Zemplén","district":"Cigándi","population":578}},{"type":"Feature","geometry":{"type":"Point","coordinates":[18.60367,47.68374]},"properties":{"kshId":"27076","name":"Nagysáp","county":"Komárom-Esztergom","district":"Esztergomi","population":1425}},{"type":"Feature","geometry":{"type":"Point","coordinates":[17.06565,47.26317]},"properties":{"kshId":"26143","name":"Nagysimonyi","county":"Vas","district":"Celldömölki","population":916}},{"type":"Feature","geometry":{"type":"Point","coordinates":[17.32157,46.48753]},"properties":{"kshId":"25520","name":"Nagyszakácsi","county":"Somogy","district":"Marcali","population":450}},{"type":"Feature","geometry":{"type":"Point","coordinates":[18.52799,46.64739]},"properties":{"kshId":"06761","name":"Nagyszékely","county":"Tolna","district":"Tamási","population":382}},{"type":"Feature","geometry":{"type":"Point","coordinates":[22.60989,47.96392]},"properties":{"kshId":"27988","name":"Nagyszekeres","county":"Szabolcs-Szatmár-Bereg","district":"Fehérgyarmati","population":443}},{"type":"Feature","geometry":{"type":"Point","coordinates":[20.67275,46.6715]},"properties":{"kshId":"08244","name":"Nagyszénás","county":"Békés","district":"Orosházi","population":4242}},{"type":"Feature","geometry":{"type":"Point","coordinates":[17.87116,47.70919]},"properties":{"kshId":"33543","name":"Nagyszentjános","county":"Győr-Moson-Sopron","district":"Győri","population":2042}},{"type":"Feature","geometry":{"type":"Point","coordinates":[18.20925,46.72261]},"properties":{"kshId":"13709","name":"Nagyszokoly","county":"Tolna","district":"Tamási","population":871}},{"type":"Feature","geometry":{"type":"Point","coordinates":[20.40762,47.81708]},"properties":{"kshId":"27605","name":"Nagytálya","county":"Heves","district":"Egri","population":898}},{"type":"Feature","geometry":{"type":"Point","coordinates":[19.28352,47.52678]},"properties":{"kshId":"23409","name":"Nagytarcsa","county":"Pest","district":"Gödöllői","population":6704}},{"type":"Feature","geometry":{"type":"Point","coordinates":[17.56548,47.29641]},"properties":{"kshId":"25201","name":"Nagytevel","county":"Veszprém","district":"Pápai","population":533}},{"type":"Feature","geometry":{"type":"Point","coordinates":[16.96271,46.97951]},"properties":{"kshId":"24837","name":"Nagytilaj","county":"Vas","district":"Vasvári","population":159}},{"type":"Feature","geometry":{"type":"Point","coordinates":[18.34358,45.8631]},"properties":{"kshId":"28927","name":"Nagytótfalu","county":"Baranya","district":"Siklósi","population":315}},{"type":"Feature","geometry":{"type":"Point","coordinates":[20.28559,46.75731]},"properties":{"kshId":"29179","name":"Nagytőke","county":"Csongrád-Csanád","district":"Szentesi","population":345}},{"type":"Feature","geometry":{"type":"Point","coordinates":[20.17293,47.72001]},"properties":{"kshId":"10418","name":"Nagyút","county":"Heves","district":"Füzesabonyi","population":666}},{"type":"Feature","geometry":{"type":"Point","coordinates":[22.27837,48.16021]},"properties":{"kshId":"33783","name":"Nagyvarsány","county":"Szabolcs-Szatmár-Bereg","district":"Vásárosnaményi","population":1259}},{"type":"Feature","geometry":{"type":"Point","coordinates":[17.93159,46.05992]},"properties":{"kshId":"14191","name":"Nagyváty","county":"Baranya","district":"Szigetvári","population":290}},{"type":"Feature","geometry":{"type":"Point","coordinates":[17.69849,46.98353]},"properties":{"kshId":"19196","name":"Nagyvázsony","county":"Veszprém","district":"Veszprémi","population":1691}},{"type":"Feature","geometry":{"type":"Point","coordinates":[18.44448,46.37734]},"properties":{"kshId":"16452","name":"Nagyvejke","county":"Tolna","district":"Bonyhádi","population":149}},{"type":"Feature","geometry":{"type":"Point","coordinates":[18.11113,47.35937]},"properties":{"kshId":"23588","name":"Nagyveleg","county":"Fejér","district":"Móri","population":664}},{"type":"Feature","geometry":{"type":"Point","coordinates":[18.85927,46.95619]},"properties":{"kshId":"26134","name":"Nagyvenyim","county":"Fejér","district":"Dunaújvárosi","population":4294}},{"type":"Feature","geometry":{"type":"Point","coordinates":[20.42297,48.1397]},"properties":{"kshId":"28282","name":"Nagyvisnyó","county":"Heves","district":"Bélapátfalvai","population":800}},{"type":"Feature","geometry":{"type":"Point","coordinates":[18.0525,46.47344]},"properties":{"kshId":"02796","name":"Nak","county":"Tolna","district":"Dombóvári","population":469}},{"type":"Feature","geometry":{"type":"Point","coordinates":[21.86843,47.94227]},"properties":{"kshId":"08420","name":"Napkor","county":"Szabolcs-Szatmár-Bereg","district":"Nyíregyházi","population":3548}},{"type":"Feature","geometry":{"type":"Point","coordinates":[16.55351,47.19336]},"properties":{"kshId":"17367","name":"Nárai","county":"Vas","district":"Szombathelyi","population":1513}},{"type":"Feature","geometry":{"type":"Point","coordinates":[16.46108,47.23883]},"properties":{"kshId":"02042","name":"Narda","county":"Vas","district":"Szombathelyi","population":500}},{"type":"Feature","geometry":{"type":"Point","coordinates":[18.26346,47.69799]},"properties":{"kshId":"20163","name":"Naszály","county":"Komárom-Esztergom","district":"Tatai","population":2344}},{"type":"Feature","geometry":{"type":"Point","coordinates":[20.7001,47.69864]},"properties":{"kshId":"24156","name":"Négyes","county":"Borsod-Abaúj-Zemplén","district":"Mezőkövesdi","population":249}},{"type":"Feature","geometry":{"type":"Point","coordinates":[20.42949,48.16747]},"properties":{"kshId":"28033","name":"Nekézseny","county":"Borsod-Abaúj-Zemplén","district":"Ózdi","population":582}},{"type":"Feature","geometry":{"type":"Point","coordinates":[16.94886,46.87276]},"properties":{"kshId":"06169","name":"Nemesapáti","county":"Zala","district":"Zalaegerszegi","population":477}},{"type":"Feature","geometry":{"type":"Point","coordinates":[20.96563,47.88752]},"properties":{"kshId":"05245","name":"Nemesbikk","county":"Borsod-Abaúj-Zemplén","district":"Tiszaújvárosi","population":918}},{"type":"Feature","geometry":{"type":"Point","coordinates":[22.63275,47.99326]},"properties":{"kshId":"27119","name":"Nemesborzova","county":"Szabolcs-Szatmár-Bereg","district":"Fehérgyarmati","population":102}},{"type":"Feature","geometry":{"type":"Point","coordinates":[16.73543,47.26894]},"properties":{"kshId":"24509","name":"Nemesbőd","county":"Vas","district":"Szombathelyi","population":654}},{"type":"Feature","geometry":{"type":"Point","coordinates":[17.14436,46.82166]},"properties":{"kshId":"32948","name":"Nemesbük","county":"Zala","district":"Keszthelyi","population":720}},{"type":"Feature","geometry":{"type":"Point","coordinates":[16.61656,47.35063]},"properties":{"kshId":"23320","name":"Nemescsó","county":"Vas","district":"Kőszegi","population":311}},{"type":"Feature","geometry":{"type":"Point","coordinates":[17.24386,46.42973]},"properties":{"kshId":"07913","name":"Nemesdéd","county":"Somogy","district":"Marcali","population":836}},{"type":"Feature","geometry":{"type":"Point","coordinates":[17.36252,47.39396]},"properties":{"kshId":"05652","name":"Nemesgörzsöny","county":"Veszprém","district":"Pápai","population":618}},{"type":"Feature","geometry":{"type":"Point","coordinates":[17.48338,46.83476]},"properties":{"kshId":"02787","name":"Nemesgulács","county":"Veszprém","district":"Tapolcai","population":941}},{"type":"Feature","geometry":{"type":"Point","coordinates":[17.36408,47.0695]},"properties":{"kshId":"05555","name":"Nemeshany","county":"Veszprém","district":"Sümegi","population":322}},{"type":"Feature","geometry":{"type":"Point","coordinates":[16.91222,46.80082]},"properties":{"kshId":"07658","name":"Nemeshetés","county":"Zala","district":"Zalaegerszegi","population":273}},{"type":"Feature","geometry":{"type":"Point","coordinates":[17.71547,46.02054]},"properties":{"kshId":"18236","name":"Nemeske","county":"Baranya","district":"Szigetvári","population":204}},{"type":"Feature","geometry":{"type":"Point","coordinates":[16.8029,47.48378]},"properties":{"kshId":"29328","name":"Nemeskér","county":"Győr-Moson-Sopron","district":"Soproni","population":198}},{"type":"Feature","geometry":{"type":"Point","coordinates":[17.19342,47.0936]},"properties":{"kshId":"03674","name":"Nemeskeresztúr","county":"Vas","district":"Celldömölki","population":271}},{"type":"Feature","geometry":{"type":"Point","coordinates":[17.36625,46.43861]},"properties":{"kshId":"25511","name":"Nemeskisfalud","county":"Somogy","district":"Marcali","population":147}},{"type":"Feature","geometry":{"type":"Point","coordinates":[17.1865,47.19949]},"properties":{"kshId":"02839","name":"Nemeskocs","county":"Vas","district":"Celldömölki","population":310}},{"type":"Feature","geometry":{"type":"Point","coordinates":[16.76623,47.1421]},"properties":{"kshId":"24059","name":"Nemeskolta","county":"Vas","district":"Szombathelyi","population":363}},{"type":"Feature","geometry":{"type":"Point","coordinates":[16.88712,47.40036]},"properties":{"kshId":"26240","name":"Nemesládony","county":"Vas","district":"Sárvári","population":166}},{"type":"Feature","geometry":{"type":"Point","coordinates":[16.40175,46.99783]},"properties":{"kshId":"31556","name":"Nemesmedves","county":"Vas","district":"Szentgotthárdi","population":18}},{"type":"Feature","geometry":{"type":"Point","coordinates":[19.05216,46.33921]},"properties":{"kshId":"32540","name":"Nemesnádudvar","county":"Bács-Kiskun","district":"Bajai","population":1646}},{"type":"Feature","geometry":{"type":"Point","coordinates":[16.45758,46.70108]},"properties":{"kshId":"32665","name":"Nemesnép","county":"Zala","district":"Lenti","population":111}},{"type":"Feature","geometry":{"type":"Point","coordinates":[17.00233,46.32377]},"properties":{"kshId":"19859","name":"Nemespátró","county":"Zala","district":"Nagykanizsai","population":233}},{"type":"Feature","geometry":{"type":"Point","coordinates":[16.99422,46.77812]},"properties":{"kshId":"18023","name":"Nemesrádó","county":"Zala","district":"Zalaegerszegi","population":305}},{"type":"Feature","geometry":{"type":"Point","coordinates":[16.67763,47.09022]},"properties":{"kshId":"09672","name":"Nemesrempehollós","county":"Vas","district":"Körmendi","population":258}},{"type":"Feature","geometry":{"type":"Point","coordinates":[16.94974,46.78433]},"properties":{"kshId":"25609","name":"Nemessándorháza","county":"Zala","district":"Zalaegerszegi","population":305}},{"type":"Feature","geometry":{"type":"Point","coordinates":[17.87183,47.05486]},"properties":{"kshId":"02194","name":"Nemesvámos","county":"Veszprém","district":"Veszprémi","population":3003}},{"type":"Feature","geometry":{"type":"Point","coordinates":[17.24853,46.48572]},"properties":{"kshId":"17561","name":"Nemesvid","county":"Somogy","district":"Marcali","population":607}},{"type":"Feature","geometry":{"type":"Point","coordinates":[17.36858,46.82427]},"properties":{"kshId":"28422","name":"Nemesvita","county":"Veszprém","district":"Tapolcai","population":341}},{"type":"Feature","geometry":{"type":"Point","coordinates":[17.30158,47.27442]},"properties":{"kshId":"21759","name":"Nemesszalók","county":"Veszprém","district":"Pápai","population":740}},{"type":"Feature","geometry":{"type":"Point","coordinates":[16.93981,46.77625]},"properties":{"kshId":"08059","name":"Nemesszentandrás","county":"Zala","district":"Zalaegerszegi","population":232}},{"type":"Feature","geometry":{"type":"Point","coordinates":[17.64657,47.21471]},"properties":{"kshId":"10409","name":"Németbánya","county":"Veszprém","district":"Pápai","population":115}},{"type":"Feature","geometry":{"type":"Point","coordinates":[16.6858,46.81587]},"properties":{"kshId":"25414","name":"Németfalu","county":"Zala","district":"Zalaegerszegi","population":202}},{"type":"Feature","geometry":{"type":"Point","coordinates":[18.7644,46.71747]},"properties":{"kshId":"15006","name":"Németkér","county":"Tolna","district":"Paksi","population":1499}},{"type":"Feature","geometry":{"type":"Point","coordinates":[19.89897,48.00579]},"properties":{"kshId":"27580","name":"Nemti","county":"Nógrád","district":"Bátonyterenyei","population":649}},{"type":"Feature","geometry":{"type":"Point","coordinates":[18.35931,47.73603]},"properties":{"kshId":"33826","name":"Neszmély","county":"Komárom-Esztergom","district":"Tatai","population":1386}},{"type":"Feature","geometry":{"type":"Point","coordinates":[19.29762,47.84488]},"properties":{"kshId":"09797","name":"Nézsa","county":"Nógrád","district":"Rétsági","population":1177}},{"type":"Feature","geometry":{"type":"Point","coordinates":[17.01967,47.40202]},"properties":{"kshId":"10843","name":"Nick","county":"Vas","district":"Sárvári","population":559}},{"type":"Feature","geometry":{"type":"Point","coordinates":[17.51727,46.57831]},"properties":{"kshId":"10959","name":"Nikla","county":"Somogy","district":"Marcali","population":702}},{"type":"Feature","geometry":{"type":"Point","coordinates":[19.04789,47.90943]},"properties":{"kshId":"04358","name":"Nógrád","county":"Nógrád","district":"Rétsági","population":1661}},{"type":"Feature","geometry":{"type":"Point","coordinates":[19.37374,47.87441]},"properties":{"kshId":"32300","name":"Nógrádkövesd","county":"Nógrád","district":"Balassagyarmati","population":637}},{"type":"Feature","geometry":{"type":"Point","coordinates":[19.38477,48.02725]},"properties":{"kshId":"29832","name":"Nógrádmarcal","county":"Nógrád","district":"Balassagyarmati","population":417}},{"type":"Feature","geometry":{"type":"Point","coordinates":[19.62552,48.06923]},"properties":{"kshId":"12131","name":"Nógrádmegyer","county":"Nógrád","district":"Szécsényi","population":1549}},{"type":"Feature","geometry":{"type":"Point","coordinates":[19.3554,47.83933]},"properties":{"kshId":"08387","name":"Nógrádsáp","county":"Nógrád","district":"Rétsági","population":905}},{"type":"Feature","geometry":{"type":"Point","coordinates":[19.50095,48.00863]},"properties":{"kshId":"19497","name":"Nógrádsipek","county":"Nógrád","district":"Szécsényi","population":592}},{"type":"Feature","geometry":{"type":"Point","coordinates":[19.5266,48.18043]},"properties":{"kshId":"27340","name":"Nógrádszakál","county":"Nógrád","district":"Szécsényi","population":550}},{"type":"Feature","geometry":{"type":"Point","coordinates":[17.45717,47.27375]},"properties":{"kshId":"26523","name":"Nóráp","county":"Veszprém","district":"Pápai","population":181}},{"type":"Feature","geometry":{"type":"Point","coordinates":[17.45822,47.1793]},"properties":{"kshId":"14757","name":"Noszlop","county":"Veszprém","district":"Devecseri","population":947}},{"type":"Feature","geometry":{"type":"Point","coordinates":[20.47536,47.93695]},"properties":{"kshId":"18810","name":"Noszvaj","county":"Heves","district":"Egri","population":1845}},{"type":"Feature","geometry":{"type":"Point","coordinates":[16.67795,46.6852]},"properties":{"kshId":"03355","name":"Nova","county":"Zala","district":"Lenti","population":727}},{"type":"Feature","geometry":{"type":"Point","coordinates":[20.4785,47.85584]},"properties":{"kshId":"29276","name":"Novaj","county":"Heves","district":"Egri","population":1282}},{"type":"Feature","geometry":{"type":"Point","coordinates":[21.17211,48.40395]},"properties":{"kshId":"27191","name":"Novajidrány","county":"Borsod-Abaúj-Zemplén","district":"Encsi","population":1297}},{"type":"Feature","geometry":{"type":"Point","coordinates":[19.14048,47.88216]},"properties":{"kshId":"29425","name":"Nőtincs","county":"Nógrád","district":"Rétsági","population":1174}},{"type":"Feature","geometry":{"type":"Point","coordinates":[17.80811,47.54381]},"properties":{"kshId":"19752","name":"Nyalka","county":"Győr-Moson-Sopron","district":"Pannonhalmi","population":508}},{"type":"Feature","geometry":{"type":"Point","coordinates":[17.36117,47.28299]},"properties":{"kshId":"29009","name":"Nyárád","county":"Veszprém","district":"Pápai","population":889}},{"type":"Feature","geometry":{"type":"Point","coordinates":[19.50264,47.26275]},"properties":{"kshId":"23038","name":"Nyáregyháza","county":"Pest","district":"Monori","population":3840}},{"type":"Feature","geometry":{"type":"Point","coordinates":[19.87409,46.86052]},"properties":{"kshId":"23056","name":"Nyárlőrinc","county":"Bács-Kiskun","district":"Kecskeméti","population":2257}},{"type":"Feature","geometry":{"type":"Point","coordinates":[19.80168,47.10117]},"properties":{"kshId":"20066","name":"Nyársapát","county":"Pest","district":"Nagykőrösi","population":2051}},{"type":"Feature","geometry":{"type":"Point","coordinates":[20.84162,47.99395]},"properties":{"kshId":"12885","name":"Nyékládháza","county":"Borsod-Abaúj-Zemplén","district":"Miskolci","population":5009}},{"type":"Feature","geometry":{"type":"Point","coordinates":[18.55437,47.76071]},"properties":{"kshId":"15352","name":"Nyergesújfalu","county":"Komárom-Esztergom","district":"Esztergomi","population":7206}},{"type":"Feature","geometry":{"type":"Point","coordinates":[20.95188,48.36988]},"properties":{"kshId":"04419","name":"Nyésta","county":"Borsod-Abaúj-Zemplén","district":"Szikszói","population":57}},{"type":"Feature","geometry":{"type":"Point","coordinates":[18.10831,46.80247]},"properties":{"kshId":"03203","name":"Nyim","county":"Somogy","district":"Siófoki","population":316}},{"type":"Feature","geometry":{"type":"Point","coordinates":[22.02078,47.54948]},"properties":{"kshId":"32294","name":"Nyírábrány","county":"Hajdú-Bihar","district":"Nyíradonyi","population":3559}},{"type":"Feature","geometry":{"type":"Point","coordinates":[21.97229,47.60212]},"properties":{"kshId":"14003","name":"Nyíracsád","county":"Hajdú-Bihar","district":"Nyíradonyi","population":3624}},{"type":"Feature","geometry":{"type":"Point","coordinates":[17.45459,47.00563]},"properties":{"kshId":"24004","name":"Nyirád","county":"Veszprém","district":"Ajkai","population":1732}},{"type":"Feature","geometry":{"type":"Point","coordinates":[21.90535,47.69136]},"properties":{"kshId":"06187","name":"Nyíradony","county":"Hajdú-Bihar","district":"Nyíradonyi","population":7175}},{"type":"Feature","geometry":{"type":"Point","coordinates":[22.13223,47.83951]},"properties":{"kshId":"14845","name":"Nyírbátor","county":"Szabolcs-Szatmár-Bereg","district":"Nyírbátori","population":11137}},{"type":"Feature","geometry":{"type":"Point","coordinates":[22.12979,47.69984]},"properties":{"kshId":"15802","name":"Nyírbéltek","county":"Szabolcs-Szatmár-Bereg","district":"Nyírbátori","population":2673}},{"type":"Feature","geometry":{"type":"Point","coordinates":[22.06202,47.80147]},"properties":{"kshId":"31158","name":"Nyírbogát","county":"Szabolcs-Szatmár-Bereg","district":"Nyírbátori","population":2968}},{"type":"Feature","geometry":{"type":"Point","coordinates":[21.8749,48.05788]},"properties":{"kshId":"28802","name":"Nyírbogdány","county":"Szabolcs-Szatmár-Bereg","district":"Kemecsei","population":2714}},{"type":"Feature","geometry":{"type":"Point","coordinates":[22.33516,47.90257]},"properties":{"kshId":"07904","name":"Nyírcsaholy","county":"Szabolcs-Szatmár-Bereg","district":"Mátészalkai","population":2078}},{"type":"Feature","geometry":{"type":"Point","coordinates":[22.17657,47.8649]},"properties":{"kshId":"25973","name":"Nyírcsászári","county":"Szabolcs-Szatmár-Bereg","district":"Nyírbátori","population":1024}},{"type":"Feature","geometry":{"type":"Point","coordinates":[22.15733,47.89668]},"properties":{"kshId":"05041","name":"Nyírderzs","county":"Szabolcs-Szatmár-Bereg","district":"Nyírbátori","population":499}},{"type":"Feature","geometry":{"type":"Point","coordinates":[21.7168,47.95578]},"properties":{"kshId":"17206","name":"Nyíregyháza","county":"Szabolcs-Szatmár-Bereg","district":"Nyíregyházi","population":114873}},{"type":"Feature","geometry":{"type":"Point","coordinates":[21.97562,47.75939]},"properties":{"kshId":"28440","name":"Nyírgelse","county":"Szabolcs-Szatmár-Bereg","district":"Nyírbátori","population":979}},{"type":"Feature","geometry":{"type":"Point","coordinates":[22.08966,47.88283]},"properties":{"kshId":"09238","name":"Nyírgyulaj","county":"Szabolcs-Szatmár-Bereg","district":"Nyírbátori","population":1820}},{"type":"Feature","geometry":{"type":"Point","coordinates":[21.44081,48.50004]},"properties":{"kshId":"26435","name":"Nyíri","county":"Borsod-Abaúj-Zemplén","district":"Sátoraljaújhelyi","population":411}},{"type":"Feature","geometry":{"type":"Point","coordinates":[21.9634,48.01452]},"properties":{"kshId":"14696","name":"Nyíribrony","county":"Szabolcs-Szatmár-Bereg","district":"Baktalórántházai","population":1066}},{"type":"Feature","geometry":{"type":"Point","coordinates":[22.0746,48.029]},"properties":{"kshId":"31477","name":"Nyírjákó","county":"Szabolcs-Szatmár-Bereg","district":"Baktalórántházai","population":809}},{"type":"Feature","geometry":{"type":"Point","coordinates":[22.1002,48.0969]},"properties":{"kshId":"18290","name":"Nyírkarász","county":"Szabolcs-Szatmár-Bereg","district":"Kisvárdai","population":2124}},{"type":"Feature","geometry":{"type":"Point","coordinates":[22.24496,47.86565]},"properties":{"kshId":"32452","name":"Nyírkáta","county":"Szabolcs-Szatmár-Bereg","district":"Mátészalkai","population":1868}},{"type":"Feature","geometry":{"type":"Point","coordinates":[22.04746,48.01516]},"properties":{"kshId":"25928","name":"Nyírkércs","county":"Szabolcs-Szatmár-Bereg","district":"Baktalórántházai","population":684}},{"type":"Feature","geometry":{"type":"Point","coordinates":[22.18258,48.2008]},"properties":{"kshId":"11095","name":"Nyírlövő","county":"Szabolcs-Szatmár-Bereg","district":"Kisvárdai","population":637}},{"type":"Feature","geometry":{"type":"Point","coordinates":[22.04177,47.69205]},"properties":{"kshId":"11271","name":"Nyírlugos","county":"Szabolcs-Szatmár-Bereg","district":"Nyírbátori","population":2425}},{"type":"Feature","geometry":{"type":"Point","coordinates":[22.1877,48.06793]},"properties":{"kshId":"12274","name":"Nyírmada","county":"Szabolcs-Szatmár-Bereg","district":"Vásárosnaményi","population":4631}},{"type":"Feature","geometry":{"type":"Point","coordinates":[21.89839,47.58489]},"properties":{"kshId":"32382","name":"Nyírmártonfalva","county":"Hajdú-Bihar","district":"Nyíradonyi","population":1842}},{"type":"Feature","geometry":{"type":"Point","coordinates":[22.26473,47.91283]},"properties":{"kshId":"23269","name":"Nyírmeggyes","county":"Szabolcs-Szatmár-Bereg","district":"Mátészalkai","population":2453}},{"type":"Feature","geometry":{"type":"Point","coordinates":[21.96606,47.73253]},"properties":{"kshId":"26365","name":"Nyírmihálydi","county":"Szabolcs-Szatmár-Bereg","district":"Nyírbátori","population":2188}},{"type":"Feature","geometry":{"type":"Point","coordinates":[22.26914,48.02532]},"properties":{"kshId":"10807","name":"Nyírparasznya","county":"Szabolcs-Szatmár-Bereg","district":"Mátészalkai","population":807}},{"type":"Feature","geometry":{"type":"Point","coordinates":[21.79909,47.98084]},"properties":{"kshId":"33145","name":"Nyírpazony","county":"Szabolcs-Szatmár-Bereg","district":"Nyíregyházi","population":3752}},{"type":"Feature","geometry":{"type":"Point","coordinates":[22.18495,47.78389]},"properties":{"kshId":"03878","name":"Nyírpilis","county":"Szabolcs-Szatmár-Bereg","district":"Nyírbátori","population":939}},{"type":"Feature","geometry":{"type":"Point","coordinates":[22.02306,48.11572]},"properties":{"kshId":"28060","name":"Nyírtass","county":"Szabolcs-Szatmár-Bereg","district":"Kisvárdai","population":1777}},{"type":"Feature","geometry":{"type":"Point","coordinates":[21.6314,48.01027]},"properties":{"kshId":"13550","name":"Nyírtelek","county":"Szabolcs-Szatmár-Bereg","district":"Nyíregyházi","population":6468}},{"type":"Feature","geometry":{"type":"Point","coordinates":[21.92009,48.00917]},"properties":{"kshId":"09256","name":"Nyírtét","county":"Szabolcs-Szatmár-Bereg","district":"Kemecsei","population":932}},{"type":"Feature","geometry":{"type":"Point","coordinates":[21.83338,48.01441]},"properties":{"kshId":"12098","name":"Nyírtura","county":"Szabolcs-Szatmár-Bereg","district":"Nyíregyházi","population":1803}},{"type":"Feature","geometry":{"type":"Point","coordinates":[22.18784,47.81942]},"properties":{"kshId":"16522","name":"Nyírvasvári","county":"Szabolcs-Szatmár-Bereg","district":"Nyírbátori","population":1877}},{"type":"Feature","geometry":{"type":"Point","coordinates":[20.81959,48.27599]},"properties":{"kshId":"04215","name":"Nyomár","county":"Borsod-Abaúj-Zemplén","district":"Edelényi","population":256}},{"type":"Feature","geometry":{"type":"Point","coordinates":[16.93771,47.18159]},"properties":{"kshId":"22318","name":"Nyőgér","county":"Vas","district":"Sárvári","population":335}},{"type":"Feature","geometry":{"type":"Point","coordinates":[17.91094,46.07612]},"properties":{"kshId":"26329","name":"Nyugotszenterzsébet","county":"Baranya","district":"Szigetvári","population":213}},{"type":"Feature","geometry":{"type":"Point","coordinates":[17.68897,47.58992]},"properties":{"kshId":"12955","name":"Nyúl","county":"Győr-Moson-Sopron","district":"Győri","population":4693}},{"type":"Feature","geometry":{"type":"Point","coordinates":[18.41142,46.22046]},"properties":{"kshId":"12645","name":"Óbánya","county":"Baranya","district":"Pécsváradi","population":83}},{"type":"Feature","geometry":{"type":"Point","coordinates":[18.56963,47.49012]},"properties":{"kshId":"34306","name":"Óbarok","county":"Fejér","district":"Bicskei","population":901}},{"type":"Feature","geometry":{"type":"Point","coordinates":[17.69077,46.93788]},"properties":{"kshId":"23913","name":"Óbudavár","county":"Veszprém","district":"Balatonfüredi","population":49}},{"type":"Feature","geometry":{"type":"Point","coordinates":[19.23136,47.30119]},"properties":{"kshId":"04075","name":"Ócsa","county":"Pest","district":"Gyáli","population":9950}},{"type":"Feature","geometry":{"type":"Point","coordinates":[18.1515,45.93471]},"properties":{"kshId":"03780","name":"Ócsárd","county":"Baranya","district":"Pécsi","population":352}},{"type":"Feature","geometry":{"type":"Point","coordinates":[18.53018,46.22082]},"properties":{"kshId":"19646","name":"Ófalu","county":"Baranya","district":"Pécsváradi","population":328}},{"type":"Feature","geometry":{"type":"Point","coordinates":[22.03427,47.93555]},"properties":{"kshId":"22284","name":"Ófehértó","county":"Szabolcs-Szatmár-Bereg","district":"Baktalórántházai","population":2384}},{"type":"Feature","geometry":{"type":"Point","coordinates":[20.43703,46.29644]},"properties":{"kshId":"07755","name":"Óföldeák","county":"Csongrád-Csanád","district":"Makói","population":479}},{"type":"Feature","geometry":{"type":"Point","coordinates":[17.16753,46.96103]},"properties":{"kshId":"27775","name":"Óhíd","county":"Zala","district":"Zalaszentgróti","population":481}},{"type":"Feature","geometry":{"type":"Point","coordinates":[21.34946,46.89751]},"properties":{"kshId":"19257","name":"Okány","county":"Békés","district":"Sarkadi","population":2106}},{"type":"Feature","geometry":{"type":"Point","coordinates":[17.8777,45.92712]},"properties":{"kshId":"20686","name":"Okorág","county":"Baranya","district":"Sellyei","population":139}},{"type":"Feature","geometry":{"type":"Point","coordinates":[18.05892,46.15206]},"properties":{"kshId":"08341","name":"Okorvölgy","county":"Baranya","district":"Szentlőrinci","population":85}},{"type":"Feature","geometry":{"type":"Point","coordinates":[18.4118,46.01516]},"properties":{"kshId":"18555","name":"Olasz","county":"Baranya","district":"Bólyi","population":559}},{"type":"Feature","geometry":{"type":"Point","coordinates":[16.88411,47.01355]},"properties":{"kshId":"19743","name":"Olaszfa","county":"Vas","district":"Vasvári","population":408}},{"type":"Feature","geometry":{"type":"Point","coordinates":[17.90789,47.24365]},"properties":{"kshId":"26514","name":"Olaszfalu","county":"Veszprém","district":"Zirci","population":1016}},{"type":"Feature","geometry":{"type":"Point","coordinates":[21.42843,48.24667]},"properties":{"kshId":"31778","name":"Olaszliszka","county":"Borsod-Abaúj-Zemplén","district":"Sárospataki","population":1496}},{"type":"Feature","geometry":{"type":"Point","coordinates":[22.32917,48.08849]},"properties":{"kshId":"11129","name":"Olcsva","county":"Szabolcs-Szatmár-Bereg","district":"Vásárosnaményi","population":681}},{"type":"Feature","geometry":{"type":"Point","coordinates":[22.35135,48.08835]},"properties":{"kshId":"10834","name":"Olcsvaapáti","county":"Szabolcs-Szatmár-Bereg","district":"Fehérgyarmati","population":249}},{"type":"Feature","geometry":{"type":"Point","coordinates":[18.35175,45.78888]},"properties":{"kshId":"21704","name":"Old","county":"Baranya","district":"Siklósi","population":316}},{"type":"Feature","geometry":{"type":"Point","coordinates":[16.58969,47.41427]},"properties":{"kshId":"22044","name":"Ólmod","county":"Vas","district":"Kőszegi","population":105}},{"type":"Feature","geometry":{"type":"Point","coordinates":[16.82832,46.52825]},"properties":{"kshId":"25478","name":"Oltárc","county":"Zala","district":"Letenyei","population":226}},{"type":"Feature","geometry":{"type":"Point","coordinates":[20.91294,48.12072]},"properties":{"kshId":"22558","name":"Onga","county":"Borsod-Abaúj-Zemplén","district":"Miskolci","population":4689}},{"type":"Feature","geometry":{"type":"Point","coordinates":[20.91442,48.00113]},"properties":{"kshId":"22628","name":"Ónod","county":"Borsod-Abaúj-Zemplén","district":"Miskolci","population":2222}},{"type":"Feature","geometry":{"type":"Point","coordinates":[22.32234,47.99576]},"properties":{"kshId":"27924","name":"Ópályi","county":"Szabolcs-Szatmár-Bereg","district":"Mátészalkai","population":2955}},{"type":"Feature","geometry":{"type":"Point","coordinates":[20.0642,46.49718]},"properties":{"kshId":"12797","name":"Ópusztaszer","county":"Csongrád-Csanád","district":"Kisteleki","population":1946}},{"type":"Feature","geometry":{"type":"Point","coordinates":[16.98362,46.84985]},"properties":{"kshId":"20835","name":"Orbányosfa","county":"Zala","district":"Zalaegerszegi","population":99}},{"type":"Feature","geometry":{"type":"Point","coordinates":[17.87237,46.40618]},"properties":{"kshId":"24536","name":"Orci","county":"Somogy","district":"Kaposvári","population":514}},{"type":"Feature","geometry":{"type":"Point","coordinates":[17.62412,46.74327]},"properties":{"kshId":"16823","name":"Ordacsehi","county":"Somogy","district":"Fonyódi","population":773}},{"type":"Feature","geometry":{"type":"Point","coordinates":[18.94932,46.63613]},"properties":{"kshId":"16276","name":"Ordas","county":"Bács-Kiskun","district":"Kalocsai","population":437}},{"type":"Feature","geometry":{"type":"Point","coordinates":[16.26653,46.88141]},"properties":{"kshId":"17093","name":"Orfalu","county":"Vas","district":"Szentgotthárdi","population":70}},{"type":"Feature","geometry":{"type":"Point","coordinates":[18.1552,46.13806]},"properties":{"kshId":"11730","name":"Orfű","county":"Baranya","district":"Pécsi","population":1109}},{"type":"Feature","geometry":{"type":"Point","coordinates":[19.47602,46.7514]},"properties":{"kshId":"16939","name":"Orgovány","county":"Bács-Kiskun","district":"Kecskeméti","population":3261}},{"type":"Feature","geometry":{"type":"Point","coordinates":[16.75529,46.75956]},"properties":{"kshId":"22497","name":"Ormándlak","county":"Zala","district":"Zalaegerszegi","population":105}},{"type":"Feature","geometry":{"type":"Point","coordinates":[20.64828,48.33619]},"properties":{"kshId":"34069","name":"Ormosbánya","county":"Borsod-Abaúj-Zemplén","district":"Kazincbarcikai","population":1463}},{"type":"Feature","geometry":{"type":"Point","coordinates":[20.67201,46.55828]},"properties":{"kshId":"23065","name":"Orosháza","county":"Békés","district":"Orosházi","population":24859}},{"type":"Feature","geometry":{"type":"Point","coordinates":[17.41621,47.15467]},"properties":{"kshId":"16595","name":"Oroszi","county":"Veszprém","district":"Devecseri","population":138}},{"type":"Feature","geometry":{"type":"Point","coordinates":[18.31521,47.48714]},"properties":{"kshId":"30766","name":"Oroszlány","county":"Komárom-Esztergom","district":"Oroszlányi","population":17510}},{"type":"Feature","geometry":{"type":"Point","coordinates":[18.12149,46.22132]},"properties":{"kshId":"04482","name":"Oroszló","county":"Baranya","district":"Komlói","population":274}},{"type":"Feature","geometry":{"type":"Point","coordinates":[17.0618,46.627]},"properties":{"kshId":"25052","name":"Orosztony","county":"Zala","district":"Nagykanizsai","population":349}},{"type":"Feature","geometry":{"type":"Point","coordinates":[16.68198,46.6229]},"properties":{"kshId":"04950","name":"Ortaháza","county":"Zala","district":"Lenti","population":74}},{"type":"Feature","geometry":{"type":"Point","coordinates":[17.07493,47.64017]},"properties":{"kshId":"15121","name":"Osli","county":"Győr-Moson-Sopron","district":"Kapuvári","population":863}},{"type":"Feature","geometry":{"type":"Point","coordinates":[17.04282,47.32746]},"properties":{"kshId":"32629","name":"Ostffyasszonyfa","county":"Vas","district":"Celldömölki","population":732}},{"type":"Feature","geometry":{"type":"Point","coordinates":[20.42884,47.867]},"properties":{"kshId":"27216","name":"Ostoros","county":"Heves","district":"Egri","population":2909}},{"type":"Feature","geometry":{"type":"Point","coordinates":[16.87452,47.0465]},"properties":{"kshId":"07667","name":"Oszkó","county":"Vas","district":"Vasvári","population":605}},{"type":"Feature","geometry":{"type":"Point","coordinates":[21.03534,47.87204]},"properties":{"kshId":"02866","name":"Oszlár","county":"Borsod-Abaúj-Zemplén","district":"Tiszaújvárosi","population":296}},{"type":"Feature","geometry":{"type":"Point","coordinates":[17.6689,46.51841]},"properties":{"kshId":"19770","name":"Osztopán","county":"Somogy","district":"Kaposvári","population":751}},{"type":"Feature","geometry":{"type":"Point","coordinates":[20.28107,48.21918]},"properties":{"kshId":"14492","name":"Ózd","county":"Borsod-Abaúj-Zemplén","district":"Ózdi","population":30056}},{"type":"Feature","geometry":{"type":"Point","coordinates":[18.022,45.92896]},"properties":{"kshId":"18661","name":"Ózdfalu","county":"Baranya","district":"Sellyei","population":140}},{"type":"Feature","geometry":{"type":"Point","coordinates":[16.67093,46.92422]},"properties":{"kshId":"18953","name":"Ozmánbük","county":"Zala","district":"Zalaegerszegi","population":184}},{"type":"Feature","geometry":{"type":"Point","coordinates":[18.39967,46.75272]},"properties":{"kshId":"05661","name":"Ozora","county":"Tolna","district":"Tamási","population":1496}},{"type":"Feature","geometry":{"type":"Point","coordinates":[17.61215,47.00108]},"properties":{"kshId":"28112","name":"Öcs","county":"Veszprém","district":"Ajkai","population":210}},{"type":"Feature","geometry":{"type":"Point","coordinates":[18.75891,46.31186]},"properties":{"kshId":"08961","name":"Őcsény","county":"Tolna","district":"Szekszárdi","population":2149}},{"type":"Feature","geometry":{"type":"Point","coordinates":[20.3897,46.90123]},"properties":{"kshId":"28006","name":"Öcsöd","county":"Jász-Nagykun-Szolnok","district":"Kunszentmártoni","population":3019}},{"type":"Feature","geometry":{"type":"Point","coordinates":[22.509,47.91904]},"properties":{"kshId":"31769","name":"Ököritófülpös","county":"Szabolcs-Szatmár-Bereg","district":"Mátészalkai","population":1698}},{"type":"Feature","geometry":{"type":"Point","coordinates":[16.86196,47.30039]},"properties":{"kshId":"12043","name":"Ölbő","county":"Vas","district":"Sárvári","population":676}},{"type":"Feature","geometry":{"type":"Point","coordinates":[22.21316,47.70035]},"properties":{"kshId":"26550","name":"Ömböly","county":"Szabolcs-Szatmár-Bereg","district":"Nyírbátori","population":335}},{"type":"Feature","geometry":{"type":"Point","coordinates":[22.18341,47.97625]},"properties":{"kshId":"09025","name":"Őr","county":"Szabolcs-Szatmár-Bereg","district":"Mátészalkai","population":1408}},{"type":"Feature","geometry":{"type":"Point","coordinates":[19.26385,47.68276]},"properties":{"kshId":"08545","name":"Őrbottyán","county":"Pest","district":"Váci","population":8341}},{"type":"Feature","geometry":{"type":"Point","coordinates":[19.10689,46.51459]},"properties":{"kshId":"08679","name":"Öregcsertő","county":"Bács-Kiskun","district":"Kalocsai","population":690}},{"type":"Feature","geometry":{"type":"Point","coordinates":[17.62863,46.60554]},"properties":{"kshId":"07056","name":"Öreglak","county":"Somogy","district":"Fonyódi","population":1479}},{"type":"Feature","geometry":{"type":"Point","coordinates":[19.41026,48.07776]},"properties":{"kshId":"03249","name":"Őrhalom","county":"Nógrád","district":"Balassagyarmati","population":1028}},{"type":"Feature","geometry":{"type":"Point","coordinates":[16.53534,46.88676]},"properties":{"kshId":"13453","name":"Őrimagyarósd","county":"Vas","district":"Körmendi","population":214}},{"type":"Feature","geometry":{"type":"Point","coordinates":[16.41822,46.84157]},"properties":{"kshId":"10630","name":"Őriszentpéter","county":"Vas","district":"Körmendi","population":1007}},{"type":"Feature","geometry":{"type":"Point","coordinates":[19.4309,47.12976]},"properties":{"kshId":"05281","name":"Örkény","county":"Pest","district":"Dabasi","population":4896}},{"type":"Feature","geometry":{"type":"Point","coordinates":[20.56763,47.1909]},"properties":{"kshId":"29382","name":"Örményes","county":"Jász-Nagykun-Szolnok","district":"Törökszentmiklósi","population":924}},{"type":"Feature","geometry":{"type":"Point","coordinates":[20.73636,46.83068]},"properties":{"kshId":"27438","name":"Örménykút","county":"Békés","district":"Szarvasi","population":256}},{"type":"Feature","geometry":{"type":"Point","coordinates":[16.92603,46.28129]},"properties":{"kshId":"14012","name":"Őrtilos","county":"Somogy","district":"Csurgói","population":417}},{"type":"Feature","geometry":{"type":"Point","coordinates":[17.8165,46.91483]},"properties":{"kshId":"10092","name":"Örvényes","county":"Veszprém","district":"Balatonfüredi","population":169}},{"type":"Feature","geometry":{"type":"Point","coordinates":[19.19536,47.85787]},"properties":{"kshId":"19318","name":"Ősagárd","county":"Nógrád","district":"Rétsági","population":309}},{"type":"Feature","geometry":{"type":"Point","coordinates":[18.18829,47.1436]},"properties":{"kshId":"24068","name":"Ősi","county":"Veszprém","district":"Várpalotai","population":1994}},{"type":"Feature","geometry":{"type":"Point","coordinates":[18.07309,47.16012]},"properties":{"kshId":"25450","name":"Öskü","county":"Veszprém","district":"Várpalotai","population":2143}},{"type":"Feature","geometry":{"type":"Point","coordinates":[17.48853,47.72501]},"properties":{"kshId":"02635","name":"Öttevény","county":"Győr-Moson-Sopron","district":"Győri","population":2908}},{"type":"Feature","geometry":{"type":"Point","coordinates":[19.67987,46.28425]},"properties":{"kshId":"31079","name":"Öttömös","county":"Csongrád-Csanád","district":"Mórahalmi","population":593}},{"type":"Feature","geometry":{"type":"Point","coordinates":[17.36077,46.28513]},"properties":{"kshId":"32115","name":"Ötvöskónyi","county":"Somogy","district":"Nagyatádi","population":796}},{"type":"Feature","geometry":{"type":"Point","coordinates":[21.83305,48.33112]},"properties":{"kshId":"15893","name":"Pácin","county":"Borsod-Abaúj-Zemplén","district":"Cigándi","population":1393}},{"type":"Feature","geometry":{"type":"Point","coordinates":[17.00978,46.72254]},"properties":{"kshId":"31741","name":"Pacsa","county":"Zala","district":"Zalaegerszegi","population":1453}},{"type":"Feature","geometry":{"type":"Point","coordinates":[16.85084,47.01566]},"properties":{"kshId":"07162","name":"Pácsony","county":"Vas","district":"Vasvári","population":283}},{"type":"Feature","geometry":{"type":"Point","coordinates":[17.01637,46.85203]},"properties":{"kshId":"24776","name":"Padár","county":"Zala","district":"Zalaegerszegi","population":113}},{"type":"Feature","geometry":{"type":"Point","coordinates":[19.3865,46.7131]},"properties":{"kshId":"18670","name":"Páhi","county":"Bács-Kiskun","district":"Kiskőrösi","population":1141}},{"type":"Feature","geometry":{"type":"Point","coordinates":[16.64942,46.59333]},"properties":{"kshId":"29160","name":"Páka","county":"Zala","district":"Lenti","population":941}},{"type":"Feature","geometry":{"type":"Point","coordinates":[16.99415,46.95697]},"properties":{"kshId":"24271","name":"Pakod","county":"Zala","district":"Zalaszentgróti","population":832}},{"type":"Feature","geometry":{"type":"Point","coordinates":[18.54371,47.21707]},"properties":{"kshId":"25751","name":"Pákozd","county":"Fejér","district":"Gárdonyi","population":3793}},{"type":"Feature","geometry":{"type":"Point","coordinates":[18.85894,46.62295]},"properties":{"kshId":"04862","name":"Paks","county":"Tolna","district":"Paksi","population":17873}},{"type":"Feature","geometry":{"type":"Point","coordinates":[18.0747,46.26202]},"properties":{"kshId":"23764","name":"Palé","county":"Baranya","district":"Hegyháti","population":80}},{"type":"Feature","geometry":{"type":"Point","coordinates":[18.61572,46.71589]},"properties":{"kshId":"09371","name":"Pálfa","county":"Tolna","district":"Paksi","population":1398}},{"type":"Feature","geometry":{"type":"Point","coordinates":[16.72882,46.78002]},"properties":{"kshId":"14720","name":"Pálfiszeg","county":"Zala","district":"Zalaegerszegi","population":145}},{"type":"Feature","geometry":{"type":"Point","coordinates":[21.51108,48.47158]},"properties":{"kshId":"12362","name":"Pálháza","county":"Borsod-Abaúj-Zemplén","district":"Sátoraljaújhelyi","population":940}},{"type":"Feature","geometry":{"type":"Point","coordinates":[17.16619,47.47481]},"properties":{"kshId":"19637","name":"Páli","county":"Győr-Moson-Sopron","district":"Csornai","population":407}},{"type":"Feature","geometry":{"type":"Point","coordinates":[18.39078,45.89533]},"properties":{"kshId":"07153","name":"Palkonya","county":"Baranya","district":"Siklósi","population":230}},{"type":"Feature","geometry":{"type":"Point","coordinates":[17.56725,46.38508]},"properties":{"kshId":"34041","name":"Pálmajor","county":"Somogy","district":"Kaposvári","population":360}},{"type":"Feature","geometry":{"type":"Point","coordinates":[19.94435,46.62641]},"properties":{"kshId":"02705","name":"Pálmonostora","county":"Bács-Kiskun","district":"Kiskunfélegyházi","population":1611}},{"type":"Feature","geometry":{"type":"Point","coordinates":[19.99648,47.81544]},"properties":{"kshId":"34324","name":"Pálosvörösmart","county":"Heves","district":"Gyöngyösi","population":590}},{"type":"Feature","geometry":{"type":"Point","coordinates":[18.64096,46.12883]},"properties":{"kshId":"10135","name":"Palotabozsok","county":"Baranya","district":"Mohácsi","population":752}},{"type":"Feature","geometry":{"type":"Point","coordinates":[19.59553,47.79542]},"properties":{"kshId":"05883","name":"Palotás","county":"Nógrád","district":"Pásztói","population":1524}},{"type":"Feature","geometry":{"type":"Point","coordinates":[17.94088,46.98335]},"properties":{"kshId":"17011","name":"Paloznak","county":"Veszprém","district":"Balatonfüredi","population":558}},{"type":"Feature","geometry":{"type":"Point","coordinates":[20.92848,48.49485]},"properties":{"kshId":"12371","name":"Pamlény","county":"Borsod-Abaúj-Zemplén","district":"Szikszói","population":58}},{"type":"Feature","geometry":{"type":"Point","coordinates":[17.63753,46.55386]},"properties":{"kshId":"26392","name":"Pamuk","county":"Somogy","district":"Fonyódi","population":249}},{"type":"Feature","geometry":{"type":"Point","coordinates":[19.63275,47.35073]},"properties":{"kshId":"22248","name":"Pánd","county":"Pest","district":"Monori","population":1853}},{"type":"Feature","geometry":{"type":"Point","coordinates":[16.49964,46.83819]},"properties":{"kshId":"23108","name":"Pankasz","county":"Vas","district":"Körmendi","population":370}},{"type":"Feature","geometry":{"type":"Point","coordinates":[17.75417,47.5502]},"properties":{"kshId":"24305","name":"Pannonhalma","county":"Győr-Moson-Sopron","district":"Pannonhalmi","population":3892}},{"type":"Feature","geometry":{"type":"Point","coordinates":[21.3483,48.5302]},"properties":{"kshId":"24730","name":"Pányok","county":"Borsod-Abaúj-Zemplén","district":"Gönci","population":90}},{"type":"Feature","geometry":{"type":"Point","coordinates":[22.39807,48.04328]},"properties":{"kshId":"29559","name":"Panyola","county":"Szabolcs-Szatmár-Bereg","district":"Fehérgyarmati","population":466}},{"type":"Feature","geometry":{"type":"Point","coordinates":[22.1425,48.21553]},"properties":{"kshId":"27748","name":"Pap","county":"Szabolcs-Szatmár-Bereg","district":"Kisvárdai","population":1659}},{"type":"Feature","geometry":{"type":"Point","coordinates":[17.47053,47.32611]},"properties":{"kshId":"31945","name":"Pápa","county":"Veszprém","district":"Pápai","population":28240}},{"type":"Feature","geometry":{"type":"Point","coordinates":[17.40022,47.2925]},"properties":{"kshId":"19868","name":"Pápadereske","county":"Veszprém","district":"Pápai","population":293}},{"type":"Feature","geometry":{"type":"Point","coordinates":[17.48472,47.26428]},"properties":{"kshId":"11855","name":"Pápakovácsi","county":"Veszprém","district":"Pápai","population":534}},{"type":"Feature","geometry":{"type":"Point","coordinates":[17.42216,47.2296]},"properties":{"kshId":"21607","name":"Pápasalamon","county":"Veszprém","district":"Pápai","population":345}},{"type":"Feature","geometry":{"type":"Point","coordinates":[17.6995,47.38193]},"properties":{"kshId":"31255","name":"Pápateszér","county":"Veszprém","district":"Pápai","population":1202}},{"type":"Feature","geometry":{"type":"Point","coordinates":[18.08141,47.08206]},"properties":{"kshId":"07348","name":"Papkeszi","county":"Veszprém","district":"Balatonalmádi","population":1384}},{"type":"Feature","geometry":{"type":"Point","coordinates":[17.1289,47.4131]},"properties":{"kshId":"14067","name":"Pápoc","county":"Vas","district":"Celldömölki","population":296}},{"type":"Feature","geometry":{"type":"Point","coordinates":[22.2493,47.98572]},"properties":{"kshId":"32577","name":"Papos","county":"Szabolcs-Szatmár-Bereg","district":"Mátészalkai","population":791}},{"type":"Feature","geometry":{"type":"Point","coordinates":[18.01062,45.89267]},"properties":{"kshId":"07010","name":"Páprád","county":"Baranya","district":"Sellyei","population":139}},{"type":"Feature","geometry":{"type":"Point","coordinates":[20.03048,47.92345]},"properties":{"kshId":"07436","name":"Parád","county":"Heves","district":"Pétervásárai","population":1758}},{"type":"Feature","geometry":{"type":"Point","coordinates":[19.97807,47.9121]},"properties":{"kshId":"20215","name":"Parádsasvár","county":"Heves","district":"Pétervásárai","population":322}},{"type":"Feature","geometry":{"type":"Point","coordinates":[20.64013,48.16923]},"properties":{"kshId":"26745","name":"Parasznya","county":"Borsod-Abaúj-Zemplén","district":"Miskolci","population":1095}},{"type":"Feature","geometry":{"type":"Point","coordinates":[18.25598,46.57918]},"properties":{"kshId":"09618","name":"Pári","county":"Tolna","district":"Tamási","population":573}},{"type":"Feature","geometry":{"type":"Point","coordinates":[21.6654,48.14153]},"properties":{"kshId":"31972","name":"Paszab","county":"Szabolcs-Szatmár-Bereg","district":"Ibrányi","population":1171}},{"type":"Feature","geometry":{"type":"Point","coordinates":[19.69977,47.92106]},"properties":{"kshId":"07409","name":"Pásztó","county":"Nógrád","district":"Pásztói","population":8379}},{"type":"Feature","geometry":{"type":"Point","coordinates":[17.27255,47.55726]},"properties":{"kshId":"23481","name":"Pásztori","county":"Győr-Moson-Sopron","district":"Csornai","population":379}},{"type":"Feature","geometry":{"type":"Point","coordinates":[17.18253,46.44266]},"properties":{"kshId":"29656","name":"Pat","county":"Zala","district":"Nagykanizsai","population":201}},{"type":"Feature","geometry":{"type":"Point","coordinates":[19.14487,48.01923]},"properties":{"kshId":"07199","name":"Patak","county":"Nógrád","district":"Balassagyarmati","population":860}},{"type":"Feature","geometry":{"type":"Point","coordinates":[17.92066,46.44888]},"properties":{"kshId":"06141","name":"Patalom","county":"Somogy","district":"Kaposvári","population":294}},{"type":"Feature","geometry":{"type":"Point","coordinates":[17.74813,46.0734]},"properties":{"kshId":"17792","name":"Patapoklosi","county":"Baranya","district":"Szigetvári","population":262}},{"type":"Feature","geometry":{"type":"Point","coordinates":[17.72378,46.28463]},"properties":{"kshId":"12168","name":"Patca","county":"Somogy","district":"Kaposvári","population":54}},{"type":"Feature","geometry":{"type":"Point","coordinates":[18.4871,47.2771]},"properties":{"kshId":"28848","name":"Pátka","county":"Fejér","district":"Székesfehérvári","population":1855}},{"type":"Feature","geometry":{"type":"Point","coordinates":[17.66629,46.12802]},"properties":{"kshId":"15592","name":"Patosfa","county":"Somogy","district":"Barcsi","population":248}},{"type":"Feature","geometry":{"type":"Point","coordinates":[21.98993,48.17225]},"properties":{"kshId":"12186","name":"Pátroha","county":"Szabolcs-Szatmár-Bereg","district":"Kisvárdai","population":2742}},{"type":"Feature","geometry":{"type":"Point","coordinates":[19.34838,48.06544]},"properties":{"kshId":"33880","name":"Patvarc","county":"Nógrád","district":"Balassagyarmati","population":734}},{"type":"Feature","geometry":{"type":"Point","coordinates":[18.82717,47.51545]},"properties":{"kshId":"15024","name":"Páty","county":"Pest","district":"Budakeszi","population":8765}},{"type":"Feature","geometry":{"type":"Point","coordinates":[22.61595,47.86807]},"properties":{"kshId":"23685","name":"Pátyod","county":"Szabolcs-Szatmár-Bereg","district":"Csengeri","population":564}},{"type":"Feature","geometry":{"type":"Point","coordinates":[18.65662,47.28363]},"properties":{"kshId":"21786","name":"Pázmánd","county":"Fejér","district":"Gárdonyi","population":2278}},{"type":"Feature","geometry":{"type":"Point","coordinates":[17.784,47.56964]},"properties":{"kshId":"12715","name":"Pázmándfalu","county":"Győr-Moson-Sopron","district":"Pannonhalmi","population":1156}},{"type":"Feature","geometry":{"type":"Point","coordinates":[19.34468,47.49112]},"properties":{"kshId":"04057","name":"Pécel","county":"Pest","district":"Gödöllői","population":17368}},{"type":"Feature","geometry":{"type":"Point","coordinates":[16.82787,47.20534]},"properties":{"kshId":"14988","name":"Pecöl","county":"Vas","district":"Sárvári","population":743}},{"type":"Feature","geometry":{"type":"Point","coordinates":[18.22803,46.07651]},"properties":{"kshId":"19415","name":"Pécs","county":"Baranya","district":"Pécsi","population":139412}},{"type":"Feature","geometry":{"type":"Point","coordinates":[18.07303,45.99087]},"properties":{"kshId":"21519","name":"Pécsbagota","county":"Baranya","district":"Szentlőrinci","population":107}},{"type":"Feature","geometry":{"type":"Point","coordinates":[18.38336,45.95926]},"properties":{"kshId":"15389","name":"Pécsdevecser","county":"Baranya","district":"Siklósi","population":87}},{"type":"Feature","geometry":{"type":"Point","coordinates":[17.78645,46.95514]},"properties":{"kshId":"22451","name":"Pécsely","county":"Veszprém","district":"Balatonfüredi","population":567}},{"type":"Feature","geometry":{"type":"Point","coordinates":[18.27395,46.01394]},"properties":{"kshId":"21096","name":"Pécsudvard","county":"Baranya","district":"Pécsi","population":747}},{"type":"Feature","geometry":{"type":"Point","coordinates":[18.42069,46.16084]},"properties":{"kshId":"10825","name":"Pécsvárad","county":"Baranya","district":"Pécsváradi","population":3795}},{"type":"Feature","geometry":{"type":"Point","coordinates":[18.1533,46.03486]},"properties":{"kshId":"16115","name":"Pellérd","county":"Baranya","district":"Pécsi","population":2336}},{"type":"Feature","geometry":{"type":"Point","coordinates":[20.34155,47.49166]},"properties":{"kshId":"19567","name":"Pély","county":"Heves","district":"Hevesi","population":1280}},{"type":"Feature","geometry":{"type":"Point","coordinates":[19.25137,47.80243]},"properties":{"kshId":"18689","name":"Penc","county":"Pest","district":"Váci","population":1568}},{"type":"Feature","geometry":{"type":"Point","coordinates":[22.14337,47.63498]},"properties":{"kshId":"17084","name":"Penészlek","county":"Szabolcs-Szatmár-Bereg","district":"Nyírbátori","population":942}},{"type":"Feature","geometry":{"type":"Point","coordinates":[17.78712,47.23044]},"properties":{"kshId":"15547","name":"Pénzesgyőr","county":"Veszprém","district":"Zirci","population":320}},{"type":"Feature","geometry":{"type":"Point","coordinates":[22.56848,47.99744]},"properties":{"kshId":"32692","name":"Penyige","county":"Szabolcs-Szatmár-Bereg","district":"Fehérgyarmati","population":687}},{"type":"Feature","geometry":{"type":"Point","coordinates":[17.79794,47.61234]},"properties":{"kshId":"15529","name":"Pér","county":"Győr-Moson-Sopron","district":"Győri","population":2834}},{"type":"Feature","geometry":{"type":"Point","coordinates":[18.7598,47.59125]},"properties":{"kshId":"28185","name":"Perbál","county":"Pest","district":"Budakeszi","population":2146}},{"type":"Feature","geometry":{"type":"Point","coordinates":[21.12105,48.2852]},"properties":{"kshId":"24420","name":"Pere","county":"Borsod-Abaúj-Zemplén","district":"Gönci","population":331}},{"type":"Feature","geometry":{"type":"Point","coordinates":[20.98216,48.50175]},"properties":{"kshId":"32683","name":"Perecse","county":"Borsod-Abaúj-Zemplén","district":"Encsi","population":16}},{"type":"Feature","geometry":{"type":"Point","coordinates":[18.37317,46.09301]},"properties":{"kshId":"12867","name":"Pereked","county":"Baranya","district":"Pécsi","population":154}},{"type":"Feature","geometry":{"type":"Point","coordinates":[16.57618,47.29034]},"properties":{"kshId":"13684","name":"Perenye","county":"Vas","district":"Szombathelyi","population":621}},{"type":"Feature","geometry":{"type":"Point","coordinates":[16.6478,47.42459]},"properties":{"kshId":"08882","name":"Peresznye","county":"Vas","district":"Kőszegi","population":475}},{"type":"Feature","geometry":{"type":"Point","coordinates":[16.73516,47.59321]},"properties":{"kshId":"23773","name":"Pereszteg","county":"Győr-Moson-Sopron","district":"Soproni","population":1465}},{"type":"Feature","geometry":{"type":"Point","coordinates":[18.79012,47.04797]},"properties":{"kshId":"19354","name":"Perkáta","county":"Fejér","district":"Dunaújvárosi","population":3865}},{"type":"Feature","geometry":{"type":"Point","coordinates":[20.68765,48.47331]},"properties":{"kshId":"33419","name":"Perkupa","county":"Borsod-Abaúj-Zemplén","district":"Edelényi","population":786}},{"type":"Feature","geometry":{"type":"Point","coordinates":[18.86091,47.99553]},"properties":{"kshId":"04181","name":"Perőcsény","county":"Pest","district":"Szobi","population":362}},{"type":"Feature","geometry":{"type":"Point","coordinates":[18.36242,45.97182]},"properties":{"kshId":"32425","name":"Peterd","county":"Baranya","district":"Siklósi","population":207}},{"type":"Feature","geometry":{"type":"Point","coordinates":[17.35963,46.00944]},"properties":{"kshId":"29197","name":"Péterhida","county":"Somogy","district":"Barcsi","population":131}},{"type":"Feature","geometry":{"type":"Point","coordinates":[19.41078,47.38807]},"properties":{"kshId":"21847","name":"Péteri","county":"Pest","district":"Monori","population":2666}},{"type":"Feature","geometry":{"type":"Point","coordinates":[20.09837,48.01921]},"properties":{"kshId":"12070","name":"Pétervására","county":"Heves","district":"Pétervásárai","population":2064}},{"type":"Feature","geometry":{"type":"Point","coordinates":[18.12095,47.15997]},"properties":{"kshId":"34254","name":"Pétfürdő","county":"Veszprém","district":"Várpalotai","population":4206}},{"type":"Feature","geometry":{"type":"Point","coordinates":[16.91876,46.87691]},"properties":{"kshId":"05704","name":"Pethőhenye","county":"Zala","district":"Zalaegerszegi","population":445}},{"type":"Feature","geometry":{"type":"Point","coordinates":[22.08124,48.05718]},"properties":{"kshId":"17224","name":"Petneháza","county":"Szabolcs-Szatmár-Bereg","district":"Baktalórántházai","population":1463}},{"type":"Feature","geometry":{"type":"Point","coordinates":[19.70193,47.76613]},"properties":{"kshId":"33686","name":"Petőfibánya","county":"Heves","district":"Hatvani","population":2374}},{"type":"Feature","geometry":{"type":"Point","coordinates":[19.86146,46.62046]},"properties":{"kshId":"15431","name":"Petőfiszállás","county":"Bács-Kiskun","district":"Kiskunfélegyházi","population":1462}},{"type":"Feature","geometry":{"type":"Point","coordinates":[16.89335,47.59736]},"properties":{"kshId":"22831","name":"Petőháza","county":"Győr-Moson-Sopron","district":"Soproni","population":1083}},{"type":"Feature","geometry":{"type":"Point","coordinates":[16.78644,46.98075]},"properties":{"kshId":"11572","name":"Petőmihályfa","county":"Vas","district":"Vasvári","population":201}},{"type":"Feature","geometry":{"type":"Point","coordinates":[16.72431,46.73615]},"properties":{"kshId":"19178","name":"Petrikeresztúr","county":"Zala","district":"Zalaegerszegi","population":334}},{"type":"Feature","geometry":{"type":"Point","coordinates":[16.84029,46.44023]},"properties":{"kshId":"30757","name":"Petrivente","county":"Zala","district":"Letenyei","population":302}},{"type":"Feature","geometry":{"type":"Point","coordinates":[17.69993,46.00061]},"properties":{"kshId":"29762","name":"Pettend","county":"Baranya","district":"Szigetvári","population":160}},{"type":"Feature","geometry":{"type":"Point","coordinates":[19.59933,48.13704]},"properties":{"kshId":"11590","name":"Piliny","county":"Nógrád","district":"Szécsényi","population":589}},{"type":"Feature","geometry":{"type":"Point","coordinates":[19.54674,47.28607]},"properties":{"kshId":"09821","name":"Pilis","county":"Pest","district":"Monori","population":11904}},{"type":"Feature","geometry":{"type":"Point","coordinates":[18.99203,47.60728]},"properties":{"kshId":"29601","name":"Pilisborosjenő","county":"Pest","district":"Pilisvörösvári","population":4431}},{"type":"Feature","geometry":{"type":"Point","coordinates":[18.82612,47.63294]},"properties":{"kshId":"07144","name":"Piliscsaba","county":"Pest","district":"Pilisvörösvári","population":8533}},{"type":"Feature","geometry":{"type":"Point","coordinates":[18.81846,47.67344]},"properties":{"kshId":"21874","name":"Piliscsév","county":"Komárom-Esztergom","district":"Esztergomi","population":2519}},{"type":"Feature","geometry":{"type":"Point","coordinates":[18.79413,47.65505]},"properties":{"kshId":"34148","name":"Pilisjászfalu","county":"Pest","district":"Pilisvörösvári","population":2183}},{"type":"Feature","geometry":{"type":"Point","coordinates":[18.87473,47.78486]},"properties":{"kshId":"14669","name":"Pilismarót","county":"Komárom-Esztergom","district":"Esztergomi","population":2166}},{"type":"Feature","geometry":{"type":"Point","coordinates":[18.91158,47.62108]},"properties":{"kshId":"14340","name":"Pilisvörösvár","county":"Pest","district":"Pilisvörösvári","population":14547}},{"type":"Feature","geometry":{"type":"Point","coordinates":[18.8863,47.66929]},"properties":{"kshId":"05290","name":"Pilisszántó","county":"Pest","district":"Pilisvörösvári","population":2686}},{"type":"Feature","geometry":{"type":"Point","coordinates":[18.89694,47.60955]},"properties":{"kshId":"11396","name":"Pilisszentiván","county":"Pest","district":"Pilisvörösvári","population":4283}},{"type":"Feature","geometry":{"type":"Point","coordinates":[18.90243,47.69315]},"properties":{"kshId":"18731","name":"Pilisszentkereszt","county":"Pest","district":"Szentendrei","population":2167}},{"type":"Feature","geometry":{"type":"Point","coordinates":[18.98922,47.72315]},"properties":{"kshId":"08457","name":"Pilisszentlászló","county":"Pest","district":"Szentendrei","population":1269}},{"type":"Feature","geometry":{"type":"Point","coordinates":[18.43983,46.68202]},"properties":{"kshId":"19585","name":"Pincehely","county":"Tolna","district":"Tamási","population":1973}},{"type":"Feature","geometry":{"type":"Point","coordinates":[16.48391,47.03884]},"properties":{"kshId":"06248","name":"Pinkamindszent","county":"Vas","district":"Körmendi","population":175}},{"type":"Feature","geometry":{"type":"Point","coordinates":[16.76862,47.58711]},"properties":{"kshId":"14687","name":"Pinnye","county":"Győr-Moson-Sopron","district":"Soproni","population":321}},{"type":"Feature","geometry":{"type":"Point","coordinates":[22.15183,47.77171]},"properties":{"kshId":"03391","name":"Piricse","county":"Szabolcs-Szatmár-Bereg","district":"Nyírbátori","population":1931}},{"type":"Feature","geometry":{"type":"Point","coordinates":[19.43196,46.51474]},"properties":{"kshId":"15398","name":"Pirtó","county":"Bács-Kiskun","district":"Kiskunhalasi","population":786}},{"type":"Feature","geometry":{"type":"Point","coordinates":[17.93522,45.81055]},"properties":{"kshId":"23506","name":"Piskó","county":"Baranya","district":"Sellyei","population":214}},{"type":"Feature","geometry":{"type":"Point","coordinates":[20.73615,46.3213]},"properties":{"kshId":"06284","name":"Pitvaros","county":"Csongrád-Csanád","district":"Makói","population":1173}},{"type":"Feature","geometry":{"type":"Point","coordinates":[18.47042,45.90941]},"properties":{"kshId":"22266","name":"Pócsa","county":"Baranya","district":"Bólyi","population":151}},{"type":"Feature","geometry":{"type":"Point","coordinates":[21.8048,47.28215]},"properties":{"kshId":"11837","name":"Pocsaj","county":"Hajdú-Bihar","district":"Derecskei","population":2507}},{"type":"Feature","geometry":{"type":"Point","coordinates":[19.09562,47.71584]},"properties":{"kshId":"04905","name":"Pócsmegyer","county":"Pest","district":"Szentendrei","population":2849}},{"type":"Feature","geometry":{"type":"Point","coordinates":[21.99355,47.88127]},"properties":{"kshId":"11244","name":"Pócspetri","county":"Szabolcs-Szatmár-Bereg","district":"Nyírbátori","population":1448}},{"type":"Feature","geometry":{"type":"Point","coordinates":[18.26047,45.98411]},"properties":{"kshId":"17242","name":"Pogány","county":"Baranya","district":"Pécsi","population":1362}},{"type":"Feature","geometry":{"type":"Point","coordinates":[17.06301,46.38413]},"properties":{"kshId":"27553","name":"Pogányszentpéter","county":"Somogy","district":"Csurgói","population":470}},{"type":"Feature","geometry":{"type":"Point","coordinates":[16.96616,46.92609]},"properties":{"kshId":"21050","name":"Pókaszepetk","county":"Zala","district":"Zalaegerszegi","population":883}},{"type":"Feature","geometry":{"type":"Point","coordinates":[17.77273,46.55832]},"properties":{"kshId":"13790","name":"Polány","county":"Somogy","district":"Kaposvári","population":229}},{"type":"Feature","geometry":{"type":"Point","coordinates":[21.1141,47.87079]},"properties":{"kshId":"23117","name":"Polgár","county":"Hajdú-Bihar","district":"Hajdúnánási","population":7806}},{"type":"Feature","geometry":{"type":"Point","coordinates":[18.30679,47.0564]},"properties":{"kshId":"17525","name":"Polgárdi","county":"Fejér","district":"Székesfehérvári","population":6621}},{"type":"Feature","geometry":{"type":"Point","coordinates":[19.02363,47.64682]},"properties":{"kshId":"06372","name":"Pomáz","county":"Pest","district":"Szentendrei","population":18243}},{"type":"Feature","geometry":{"type":"Point","coordinates":[22.5683,47.88246]},"properties":{"kshId":"17215","name":"Porcsalma","county":"Szabolcs-Szatmár-Bereg","district":"Csengeri","population":2636}},{"type":"Feature","geometry":{"type":"Point","coordinates":[16.46589,47.15606]},"properties":{"kshId":"20367","name":"Pornóapáti","county":"Vas","district":"Szombathelyi","population":377}},{"type":"Feature","geometry":{"type":"Point","coordinates":[20.65607,47.64355]},"properties":{"kshId":"22196","name":"Poroszló","county":"Heves","district":"Füzesabonyi","population":2596}},{"type":"Feature","geometry":{"type":"Point","coordinates":[16.80219,47.24192]},"properties":{"kshId":"29896","name":"Porpác","county":"Vas","district":"Sárvári","population":164}},{"type":"Feature","geometry":{"type":"Point","coordinates":[17.03468,46.28676]},"properties":{"kshId":"11828","name":"Porrog","county":"Somogy","district":"Csurgói","population":185}},{"type":"Feature","geometry":{"type":"Point","coordinates":[17.04067,46.27278]},"properties":{"kshId":"13930","name":"Porrogszentkirály","county":"Somogy","district":"Csurgói","population":256}},{"type":"Feature","geometry":{"type":"Point","coordinates":[17.01523,46.28744]},"properties":{"kshId":"28510","name":"Porrogszentpál","county":"Somogy","district":"Csurgói","population":69}},{"type":"Feature","geometry":{"type":"Point","coordinates":[16.57601,46.72893]},"properties":{"kshId":"16850","name":"Pórszombat","county":"Zala","district":"Lenti","population":238}},{"type":"Feature","geometry":{"type":"Point","coordinates":[17.81261,47.30691]},"properties":{"kshId":"23515","name":"Porva","county":"Veszprém","district":"Zirci","population":479}},{"type":"Feature","geometry":{"type":"Point","coordinates":[16.85397,47.32743]},"properties":{"kshId":"15671","name":"Pósfa","county":"Vas","district":"Sárvári","population":254}},{"type":"Feature","geometry":{"type":"Point","coordinates":[17.64572,45.93155]},"properties":{"kshId":"28361","name":"Potony","county":"Somogy","district":"Barcsi","population":197}},{"type":"Feature","geometry":{"type":"Point","coordinates":[17.18244,47.54924]},"properties":{"kshId":"27304","name":"Potyond","county":"Győr-Moson-Sopron","district":"Csornai","population":90}},{"type":"Feature","geometry":{"type":"Point","coordinates":[16.92425,46.75507]},"properties":{"kshId":"09867","name":"Pölöske","county":"Zala","district":"Zalaegerszegi","population":748}},{"type":"Feature","geometry":{"type":"Point","coordinates":[16.94683,46.60267]},"properties":{"kshId":"31112","name":"Pölöskefő","county":"Zala","district":"Nagykanizsai","population":365}},{"type":"Feature","geometry":{"type":"Point","coordinates":[18.81237,46.20511]},"properties":{"kshId":"33570","name":"Pörböly","county":"Tolna","district":"Szekszárdi","population":497}},{"type":"Feature","geometry":{"type":"Point","coordinates":[16.70771,46.58712]},"properties":{"kshId":"32513","name":"Pördefölde","county":"Zala","district":"Lenti","population":60}},{"type":"Feature","geometry":{"type":"Point","coordinates":[16.95099,46.67827]},"properties":{"kshId":"24660","name":"Pötréte","county":"Zala","district":"Nagykanizsai","population":280}},{"type":"Feature","geometry":{"type":"Point","coordinates":[21.24368,48.0833]},"properties":{"kshId":"21272","name":"Prügy","county":"Borsod-Abaúj-Zemplén","district":"Szerencsi","population":2384}},{"type":"Feature","geometry":{"type":"Point","coordinates":[17.64795,46.99742]},"properties":{"kshId":"11420","name":"Pula","county":"Veszprém","district":"Veszprémi","population":161}},{"type":"Feature","geometry":{"type":"Point","coordinates":[16.60986,46.7633]},"properties":{"kshId":"16920","name":"Pusztaapáti","county":"Zala","district":"Lenti","population":21}},{"type":"Feature","geometry":{"type":"Point","coordinates":[19.16364,47.97662]},"properties":{"kshId":"17862","name":"Pusztaberki","county":"Nógrád","district":"Rétsági","population":188}},{"type":"Feature","geometry":{"type":"Point","coordinates":[16.90312,47.487]},"properties":{"kshId":"31370","name":"Pusztacsalád","county":"Győr-Moson-Sopron","district":"Soproni","population":274}},{"type":"Feature","geometry":{"type":"Point","coordinates":[16.62238,47.33285]},"properties":{"kshId":"10311","name":"Pusztacsó","county":"Vas","district":"Kőszegi","population":164}},{"type":"Feature","geometry":{"type":"Point","coordinates":[22.22958,48.05701]},"properties":{"kshId":"13860","name":"Pusztadobos","county":"Szabolcs-Szatmár-Bereg","district":"Vásárosnaményi","population":1321}},{"type":"Feature","geometry":{"type":"Point","coordinates":[16.80033,46.63916]},"properties":{"kshId":"27465","name":"Pusztaederics","county":"Zala","district":"Zalaegerszegi","population":160}},{"type":"Feature","geometry":{"type":"Point","coordinates":[21.48681,48.54672]},"properties":{"kshId":"17048","name":"Pusztafalu","county":"Borsod-Abaúj-Zemplén","district":"Sátoraljaújhelyi","population":176}},{"type":"Feature","geometry":{"type":"Point","coordinates":[20.80604,46.53159]},"properties":{"kshId":"05397","name":"Pusztaföldvár","county":"Békés","district":"Orosházi","population":1412}},{"type":"Feature","geometry":{"type":"Point","coordinates":[18.71408,46.5943]},"properties":{"kshId":"19938","name":"Pusztahencse","county":"Tolna","district":"Paksi","population":881}},{"type":"Feature","geometry":{"type":"Point","coordinates":[17.57398,46.53038]},"properties":{"kshId":"19026","name":"Pusztakovácsi","county":"Somogy","district":"Marcali","population":797}},{"type":"Feature","geometry":{"type":"Point","coordinates":[16.82235,46.60247]},"properties":{"kshId":"06530","name":"Pusztamagyaród","county":"Zala","district":"Letenyei","population":521}},{"type":"Feature","geometry":{"type":"Point","coordinates":[19.68574,46.32844]},"properties":{"kshId":"06354","name":"Pusztamérges","county":"Csongrád-Csanád","district":"Mórahalmi","population":985}},{"type":"Feature","geometry":{"type":"Point","coordinates":[17.44789,47.06279]},"properties":{"kshId":"28972","name":"Pusztamiske","county":"Veszprém","district":"Devecseri","population":379}},{"type":"Feature","geometry":{"type":"Point","coordinates":[19.79423,47.55564]},"properties":{"kshId":"15246","name":"Pusztamonostor","county":"Jász-Nagykun-Szolnok","district":"Jászberényi","population":1576}},{"type":"Feature","geometry":{"type":"Point","coordinates":[21.00617,46.54167]},"properties":{"kshId":"19594","name":"Pusztaottlaka","county":"Békés","district":"Mezőkovácsházai","population":322}},{"type":"Feature","geometry":{"type":"Point","coordinates":[21.13613,48.466]},"properties":{"kshId":"15413","name":"Pusztaradvány","county":"Borsod-Abaúj-Zemplén","district":"Encsi","population":216}},{"type":"Feature","geometry":{"type":"Point","coordinates":[18.75761,47.13858]},"properties":{"kshId":"29018","name":"Pusztaszabolcs","county":"Fejér","district":"Dunaújvárosi","population":5802}},{"type":"Feature","geometry":{"type":"Point","coordinates":[17.92555,46.766]},"properties":{"kshId":"23311","name":"Pusztaszemes","county":"Somogy","district":"Siófoki","population":372}},{"type":"Feature","geometry":{"type":"Point","coordinates":[16.84193,46.63687]},"properties":{"kshId":"26639","name":"Pusztaszentlászló","county":"Zala","district":"Zalaegerszegi","population":517}},{"type":"Feature","geometry":{"type":"Point","coordinates":[19.9849,46.54965]},"properties":{"kshId":"28592","name":"Pusztaszer","county":"Csongrád-Csanád","district":"Kisteleki","population":1268}},{"type":"Feature","geometry":{"type":"Point","coordinates":[19.49813,47.17386]},"properties":{"kshId":"23083","name":"Pusztavacs","county":"Pest","district":"Dabasi","population":1277}},{"type":"Feature","geometry":{"type":"Point","coordinates":[18.22798,47.42935]},"properties":{"kshId":"17774","name":"Pusztavám","county":"Fejér","district":"Móri","population":2430}},{"type":"Feature","geometry":{"type":"Point","coordinates":[18.78553,47.4025]},"properties":{"kshId":"15583","name":"Pusztazámor","county":"Pest","district":"Érdi","population":1231}},{"type":"Feature","geometry":{"type":"Point","coordinates":[20.43429,48.29426]},"properties":{"kshId":"27410","name":"Putnok","county":"Borsod-Abaúj-Zemplén","district":"Putnoki","population":6213}},{"type":"Feature","geometry":{"type":"Point","coordinates":[17.40569,47.88722]},"properties":{"kshId":"12964","name":"Püski","county":"Győr-Moson-Sopron","district":"Mosonmagyaróvári","population":648}},{"type":"Feature","geometry":{"type":"Point","coordinates":[19.36607,47.77594]},"properties":{"kshId":"21388","name":"Püspökhatvan","county":"Pest","district":"Váci","population":1349}},{"type":"Feature","geometry":{"type":"Point","coordinates":[21.11225,47.3196]},"properties":{"kshId":"10162","name":"Püspökladány","county":"Hajdú-Bihar","district":"Püspökladányi","population":12999}},{"type":"Feature","geometry":{"type":"Point","coordinates":[16.79646,47.09097]},"properties":{"kshId":"07278","name":"Püspökmolnári","county":"Vas","district":"Vasvári","population":859}},{"type":"Feature","geometry":{"type":"Point","coordinates":[19.31548,47.74025]},"properties":{"kshId":"04303","name":"Püspökszilágy","county":"Pest","district":"Váci","population":738}},{"type":"Feature","geometry":{"type":"Point","coordinates":[17.28947,47.52549]},"properties":{"kshId":"04792","name":"Rábacsanak","county":"Győr-Moson-Sopron","district":"Csornai","population":502}},{"type":"Feature","geometry":{"type":"Point","coordinates":[17.42383,47.58795]},"properties":{"kshId":"33701","name":"Rábacsécsény","county":"Győr-Moson-Sopron","district":"Téti","population":626}},{"type":"Feature","geometry":{"type":"Point","coordinates":[16.42177,46.94271]},"properties":{"kshId":"26736","name":"Rábagyarmat","county":"Vas","district":"Szentgotthárdi","population":711}},{"type":"Feature","geometry":{"type":"Point","coordinates":[16.74136,47.07238]},"properties":{"kshId":"03197","name":"Rábahídvég","county":"Vas","district":"Vasvári","population":945}},{"type":"Feature","geometry":{"type":"Point","coordinates":[17.11613,47.43426]},"properties":{"kshId":"14793","name":"Rábakecöl","county":"Győr-Moson-Sopron","district":"Kapuvári","population":677}},{"type":"Feature","geometry":{"type":"Point","coordinates":[17.48095,47.63183]},"properties":{"kshId":"25335","name":"Rábapatona","county":"Győr-Moson-Sopron","district":"Győri","population":2985}},{"type":"Feature","geometry":{"type":"Point","coordinates":[16.92788,47.3028]},"properties":{"kshId":"26073","name":"Rábapaty","county":"Vas","district":"Sárvári","population":1730}},{"type":"Feature","geometry":{"type":"Point","coordinates":[17.32287,47.55692]},"properties":{"kshId":"24721","name":"Rábapordány","county":"Győr-Moson-Sopron","district":"Csornai","population":922}},{"type":"Feature","geometry":{"type":"Point","coordinates":[17.24097,47.44006]},"properties":{"kshId":"20136","name":"Rábasebes","county":"Győr-Moson-Sopron","district":"Csornai","population":82}},{"type":"Feature","geometry":{"type":"Point","coordinates":[17.32812,47.45969]},"properties":{"kshId":"15273","name":"Rábaszentandrás","county":"Győr-Moson-Sopron","district":"Csornai","population":455}},{"type":"Feature","geometry":{"type":"Point","coordinates":[17.43324,47.57879]},"properties":{"kshId":"33710","name":"Rábaszentmihály","county":"Győr-Moson-Sopron","district":"Téti","population":478}},{"type":"Feature","geometry":{"type":"Point","coordinates":[17.41711,47.53792]},"properties":{"kshId":"17297","name":"Rábaszentmiklós","county":"Győr-Moson-Sopron","district":"Téti","population":143}},{"type":"Feature","geometry":{"type":"Point","coordinates":[17.1697,47.58856]},"properties":{"kshId":"15422","name":"Rábatamási","county":"Győr-Moson-Sopron","district":"Csornai","population":976}},{"type":"Feature","geometry":{"type":"Point","coordinates":[16.80869,47.13225]},"properties":{"kshId":"17996","name":"Rábatöttös","county":"Vas","district":"Szombathelyi","population":207}},{"type":"Feature","geometry":{"type":"Point","coordinates":[17.27572,47.70862]},"properties":{"kshId":"03753","name":"Rábcakapi","county":"Győr-Moson-Sopron","district":"Csornai","population":174}},{"type":"Feature","geometry":{"type":"Point","coordinates":[18.93933,47.0259]},"properties":{"kshId":"09900","name":"Rácalmás","county":"Fejér","district":"Dunaújvárosi","population":4928}},{"type":"Feature","geometry":{"type":"Point","coordinates":[18.83404,47.27394]},"properties":{"kshId":"02015","name":"Ráckeresztúr","county":"Fejér","district":"Martonvásári","population":3552}},{"type":"Feature","geometry":{"type":"Point","coordinates":[18.94363,47.16098]},"properties":{"kshId":"17260","name":"Ráckeve","county":"Pest","district":"Ráckevei","population":11086}},{"type":"Feature","geometry":{"type":"Point","coordinates":[19.21943,47.79208]},"properties":{"kshId":"02370","name":"Rád","county":"Pest","district":"Váci","population":2008}},{"type":"Feature","geometry":{"type":"Point","coordinates":[18.12426,45.86065]},"properties":{"kshId":"11518","name":"Rádfalva","county":"Baranya","district":"Siklósi","population":191}},{"type":"Feature","geometry":{"type":"Point","coordinates":[16.58947,47.07728]},"properties":{"kshId":"07551","name":"Rádóckölked","county":"Vas","district":"Körmendi","population":305}},{"type":"Feature","geometry":{"type":"Point","coordinates":[20.6528,48.17826]},"properties":{"kshId":"21193","name":"Radostyán","county":"Borsod-Abaúj-Zemplén","district":"Miskolci","population":521}},{"type":"Feature","geometry":{"type":"Point","coordinates":[20.51599,48.40921]},"properties":{"kshId":"06053","name":"Ragály","county":"Borsod-Abaúj-Zemplén","district":"Putnoki","population":535}},{"type":"Feature","geometry":{"type":"Point","coordinates":[17.19609,47.99707]},"properties":{"kshId":"26587","name":"Rajka","county":"Győr-Moson-Sopron","district":"Mosonmagyaróvári","population":5459}},{"type":"Feature","geometry":{"type":"Point","coordinates":[20.88304,48.45885]},"properties":{"kshId":"29717","name":"Rakaca","county":"Borsod-Abaúj-Zemplén","district":"Edelényi","population":844}},{"type":"Feature","geometry":{"type":"Point","coordinates":[20.83823,48.46061]},"properties":{"kshId":"16133","name":"Rakacaszend","county":"Borsod-Abaúj-Zemplén","district":"Edelényi","population":224}},{"type":"Feature","geometry":{"type":"Point","coordinates":[21.47751,48.12218]},"properties":{"kshId":"14739","name":"Rakamaz","county":"Szabolcs-Szatmár-Bereg","district":"Nyíregyházi","population":4222}},{"type":"Feature","geometry":{"type":"Point","coordinates":[19.87328,48.03022]},"properties":{"kshId":"34360","name":"Rákóczibánya","county":"Nógrád","district":"Salgótarjáni","population":472}},{"type":"Feature","geometry":{"type":"Point","coordinates":[20.23434,47.08982]},"properties":{"kshId":"14207","name":"Rákóczifalva","county":"Jász-Nagykun-Szolnok","district":"Szolnoki","population":4952}},{"type":"Feature","geometry":{"type":"Point","coordinates":[20.26241,47.06004]},"properties":{"kshId":"12423","name":"Rákócziújfalu","county":"Jász-Nagykun-Szolnok","district":"Szolnoki","population":1779}},{"type":"Feature","geometry":{"type":"Point","coordinates":[17.92127,46.51417]},"properties":{"kshId":"30863","name":"Ráksi","county":"Somogy","district":"Kaposvári","population":426}},{"type":"Feature","geometry":{"type":"Point","coordinates":[16.44826,46.77498]},"properties":{"kshId":"14298","name":"Ramocsa","county":"Zala","district":"Lenti","population":29}},{"type":"Feature","geometry":{"type":"Point","coordinates":[21.98927,48.04089]},"properties":{"kshId":"31857","name":"Ramocsaháza","county":"Szabolcs-Szatmár-Bereg","district":"Baktalórántházai","population":1300}},{"type":"Feature","geometry":{"type":"Point","coordinates":[22.55434,47.92005]},"properties":{"kshId":"09061","name":"Rápolt","county":"Szabolcs-Szatmár-Bereg","district":"Mátészalkai","population":143}},{"type":"Feature","geometry":{"type":"Point","coordinates":[17.4231,46.8484]},"properties":{"kshId":"03948","name":"Raposka","county":"Veszprém","district":"Tapolcai","population":242}},{"type":"Feature","geometry":{"type":"Point","coordinates":[20.99514,48.30755]},"properties":{"kshId":"31909","name":"Rásonysápberencs","county":"Borsod-Abaúj-Zemplén","district":"Szikszói","population":518}},{"type":"Feature","geometry":{"type":"Point","coordinates":[21.22635,48.21352]},"properties":{"kshId":"12469","name":"Rátka","county":"Borsod-Abaúj-Zemplén","district":"Szerencsi","population":892}},{"type":"Feature","geometry":{"type":"Point","coordinates":[16.42547,46.96519]},"properties":{"kshId":"23861","name":"Rátót","county":"Vas","district":"Szentgotthárdi","population":236}},{"type":"Feature","geometry":{"type":"Point","coordinates":[17.75186,47.51116]},"properties":{"kshId":"21801","name":"Ravazd","county":"Győr-Moson-Sopron","district":"Pannonhalmi","population":1240}},{"type":"Feature","geometry":{"type":"Point","coordinates":[20.11035,47.93569]},"properties":{"kshId":"09609","name":"Recsk","county":"Heves","district":"Pétervásárai","population":2449}},{"type":"Feature","geometry":{"type":"Point","coordinates":[17.91651,47.43123]},"properties":{"kshId":"30012","name":"Réde","county":"Komárom-Esztergom","district":"Kisbéri","population":1177}},{"type":"Feature","geometry":{"type":"Point","coordinates":[16.48467,46.61494]},"properties":{"kshId":"31592","name":"Rédics","county":"Zala","district":"Lenti","population":869}},{"type":"Feature","geometry":{"type":"Point","coordinates":[21.3452,48.39307]},"properties":{"kshId":"08402","name":"Regéc","county":"Borsod-Abaúj-Zemplén","district":"Gönci","population":61}},{"type":"Feature","geometry":{"type":"Point","coordinates":[18.16954,45.96965]},"properties":{"kshId":"25292","name":"Regenye","county":"Baranya","district":"Pécsi","population":174}},{"type":"Feature","geometry":{"type":"Point","coordinates":[18.39047,46.57867]},"properties":{"kshId":"15459","name":"Regöly","county":"Tolna","district":"Tamási","population":975}},{"type":"Feature","geometry":{"type":"Point","coordinates":[19.14483,46.24466]},"properties":{"kshId":"26310","name":"Rém","county":"Bács-Kiskun","district":"Jánoshalmai","population":1156}},{"type":"Feature","geometry":{"type":"Point","coordinates":[18.92168,47.55989]},"properties":{"kshId":"34315","name":"Remeteszőlős","county":"Pest","district":"Budakeszi","population":1067}},{"type":"Feature","geometry":{"type":"Point","coordinates":[20.52715,48.04878]},"properties":{"kshId":"31884","name":"Répáshuta","county":"Borsod-Abaúj-Zemplén","district":"Miskolci","population":438}},{"type":"Feature","geometry":{"type":"Point","coordinates":[17.01543,47.41951]},"properties":{"kshId":"30881","name":"Répcelak","county":"Vas","district":"Sárvári","population":2371}},{"type":"Feature","geometry":{"type":"Point","coordinates":[16.97538,47.4278]},"properties":{"kshId":"14438","name":"Répceszemere","county":"Győr-Moson-Sopron","district":"Kapuvári","population":241}},{"type":"Feature","geometry":{"type":"Point","coordinates":[16.84686,47.35064]},"properties":{"kshId":"28626","name":"Répceszentgyörgy","county":"Vas","district":"Sárvári","population":128}},{"type":"Feature","geometry":{"type":"Point","coordinates":[16.67401,47.44051]},"properties":{"kshId":"07746","name":"Répcevis","county":"Győr-Moson-Sopron","district":"Soproni","population":330}},{"type":"Feature","geometry":{"type":"Point","coordinates":[16.47426,46.66191]},"properties":{"kshId":"17118","name":"Resznek","county":"Zala","district":"Lenti","population":233}},{"type":"Feature","geometry":{"type":"Point","coordinates":[17.91016,47.60611]},"properties":{"kshId":"33969","name":"Rétalap","county":"Győr-Moson-Sopron","district":"Győri","population":505}},{"type":"Feature","geometry":{"type":"Point","coordinates":[22.0112,48.20439]},"properties":{"kshId":"21573","name":"Rétközberencs","county":"Szabolcs-Szatmár-Bereg","district":"Kisvárdai","population":1062}},{"type":"Feature","geometry":{"type":"Point","coordinates":[19.13759,47.93032]},"properties":{"kshId":"23825","name":"Rétság","county":"Nógrád","district":"Rétsági","population":2645}},{"type":"Feature","geometry":{"type":"Point","coordinates":[17.62691,46.82819]},"properties":{"kshId":"05625","name":"Révfülöp","county":"Veszprém","district":"Tapolcai","population":1225}},{"type":"Feature","geometry":{"type":"Point","coordinates":[22.04422,48.32367]},"properties":{"kshId":"09317","name":"Révleányvár","county":"Borsod-Abaúj-Zemplén","district":"Cigándi","population":363}},{"type":"Feature","geometry":{"type":"Point","coordinates":[17.2196,46.8418]},"properties":{"kshId":"23898","name":"Rezi","county":"Zala","district":"Keszthelyi","population":1345}},{"type":"Feature","geometry":{"type":"Point","coordinates":[21.96933,48.32517]},"properties":{"kshId":"19220","name":"Ricse","county":"Borsod-Abaúj-Zemplén","district":"Cigándi","population":1604}},{"type":"Feature","geometry":{"type":"Point","coordinates":[17.21544,47.06478]},"properties":{"kshId":"25849","name":"Rigács","county":"Veszprém","district":"Sümegi","population":199}},{"type":"Feature","geometry":{"type":"Point","coordinates":[16.86346,46.46487]},"properties":{"kshId":"24138","name":"Rigyác","county":"Zala","district":"Nagykanizsai","population":372}},{"type":"Feature","geometry":{"type":"Point","coordinates":[19.53043,48.03741]},"properties":{"kshId":"28884","name":"Rimóc","county":"Nógrád","district":"Szécsényi","population":1523}},{"type":"Feature","geometry":{"type":"Point","coordinates":[17.52001,46.16638]},"properties":{"kshId":"05078","name":"Rinyabesenyő","county":"Somogy","district":"Nagyatádi","population":178}},{"type":"Feature","geometry":{"type":"Point","coordinates":[17.59698,46.28272]},"properties":{"kshId":"32674","name":"Rinyakovácsi","county":"Somogy","district":"Kaposvári","population":182}},{"type":"Feature","geometry":{"type":"Point","coordinates":[17.38894,46.15292]},"properties":{"kshId":"26754","name":"Rinyaszentkirály","county":"Somogy","district":"Nagyatádi","population":360}},{"type":"Feature","geometry":{"type":"Point","coordinates":[17.41869,46.08594]},"properties":{"kshId":"20622","name":"Rinyaújlak","county":"Somogy","district":"Barcsi","population":289}},{"type":"Feature","geometry":{"type":"Point","coordinates":[17.35461,46.0799]},"properties":{"kshId":"20321","name":"Rinyaújnép","county":"Somogy","district":"Barcsi","population":49}},{"type":"Feature","geometry":{"type":"Point","coordinates":[22.13532,48.02744]},"properties":{"kshId":"24581","name":"Rohod","county":"Szabolcs-Szatmár-Bereg","district":"Baktalórántházai","population":1140}},{"type":"Feature","geometry":{"type":"Point","coordinates":[17.79185,47.44726]},"properties":{"kshId":"17507","name":"Románd","county":"Győr-Moson-Sopron","district":"Pannonhalmi","population":296}},{"type":"Feature","geometry":{"type":"Point","coordinates":[19.25904,47.92151]},"properties":{"kshId":"12195","name":"Romhány","county":"Nógrád","district":"Rétsági","population":2119}},{"type":"Feature","geometry":{"type":"Point","coordinates":[18.33965,46.08851]},"properties":{"kshId":"24855","name":"Romonya","county":"Baranya","district":"Pécsi","population":547}},{"type":"Feature","geometry":{"type":"Point","coordinates":[17.88934,46.02258]},"properties":{"kshId":"04516","name":"Rózsafa","county":"Baranya","district":"Szigetvári","population":307}},{"type":"Feature","geometry":{"type":"Point","coordinates":[22.79824,47.92424]},"properties":{"kshId":"17428","name":"Rozsály","county":"Szabolcs-Szatmár-Bereg","district":"Fehérgyarmati","population":582}},{"type":"Feature","geometry":{"type":"Point","coordinates":[19.74193,47.78286]},"properties":{"kshId":"27650","name":"Rózsaszentmárton","county":"Heves","district":"Hatvani","population":1826}},{"type":"Feature","geometry":{"type":"Point","coordinates":[16.83568,47.5564]},"properties":{"kshId":"11068","name":"Röjtökmuzsaj","county":"Győr-Moson-Sopron","district":"Soproni","population":464}},{"type":"Feature","geometry":{"type":"Point","coordinates":[16.36545,46.97712]},"properties":{"kshId":"26806","name":"Rönök","county":"Vas","district":"Szentgotthárdi","population":326}},{"type":"Feature","geometry":{"type":"Point","coordinates":[20.0355,46.18724]},"properties":{"kshId":"13161","name":"Röszke","county":"Csongrád-Csanád","district":"Szegedi","population":3386}},{"type":"Feature","geometry":{"type":"Point","coordinates":[20.62245,48.37378]},"properties":{"kshId":"23029","name":"Rudabánya","county":"Borsod-Abaúj-Zemplén","district":"Kazincbarcikai","population":2256}},{"type":"Feature","geometry":{"type":"Point","coordinates":[20.67309,48.30784]},"properties":{"kshId":"34120","name":"Rudolftelep","county":"Borsod-Abaúj-Zemplén","district":"Kazincbarcikai","population":672}},{"type":"Feature","geometry":{"type":"Point","coordinates":[16.84448,47.13019]},"properties":{"kshId":"10597","name":"Rum","county":"Vas","district":"Szombathelyi","population":1204}},{"type":"Feature","geometry":{"type":"Point","coordinates":[19.7464,46.28787]},"properties":{"kshId":"03966","name":"Ruzsa","county":"Csongrád-Csanád","district":"Mórahalmi","population":2349}},{"type":"Feature","geometry":{"type":"Point","coordinates":[19.67982,48.10327]},"properties":{"kshId":"12520","name":"Ságújfalu","county":"Nógrád","district":"Salgótarjáni","population":908}},{"type":"Feature","geometry":{"type":"Point","coordinates":[18.10203,46.83735]},"properties":{"kshId":"14942","name":"Ságvár","county":"Somogy","district":"Siófoki","population":1966}},{"type":"Feature","geometry":{"type":"Point","coordinates":[20.73874,48.17504]},"properties":{"kshId":"03504","name":"Sajóbábony","county":"Borsod-Abaúj-Zemplén","district":"Miskolci","population":2509}},{"type":"Feature","geometry":{"type":"Point","coordinates":[20.77575,48.19123]},"properties":{"kshId":"27331","name":"Sajóecseg","county":"Borsod-Abaúj-Zemplén","district":"Miskolci","population":984}},{"type":"Feature","geometry":{"type":"Point","coordinates":[20.5311,48.29597]},"properties":{"kshId":"10171","name":"Sajógalgóc","county":"Borsod-Abaúj-Zemplén","district":"Kazincbarcikai","population":294}},{"type":"Feature","geometry":{"type":"Point","coordinates":[20.9503,48.00306]},"properties":{"kshId":"03081","name":"Sajóhídvég","county":"Borsod-Abaúj-Zemplén","district":"Miskolci","population":1026}},{"type":"Feature","geometry":{"type":"Point","coordinates":[20.57937,48.26611]},"properties":{"kshId":"03212","name":"Sajóivánka","county":"Borsod-Abaúj-Zemplén","district":"Kazincbarcikai","population":613}},{"type":"Feature","geometry":{"type":"Point","coordinates":[20.68488,48.19543]},"properties":{"kshId":"21670","name":"Sajókápolna","county":"Borsod-Abaúj-Zemplén","district":"Miskolci","population":365}},{"type":"Feature","geometry":{"type":"Point","coordinates":[20.58421,48.28535]},"properties":{"kshId":"14313","name":"Sajókaza","county":"Borsod-Abaúj-Zemplén","district":"Kazincbarcikai","population":2955}},{"type":"Feature","geometry":{"type":"Point","coordinates":[20.77616,48.16967]},"properties":{"kshId":"26949","name":"Sajókeresztúr","county":"Borsod-Abaúj-Zemplén","district":"Miskolci","population":1511}},{"type":"Feature","geometry":{"type":"Point","coordinates":[20.90292,48.04081]},"properties":{"kshId":"27173","name":"Sajólád","county":"Borsod-Abaúj-Zemplén","district":"Miskolci","population":2850}},{"type":"Feature","geometry":{"type":"Point","coordinates":[20.67475,48.18498]},"properties":{"kshId":"22479","name":"Sajólászlófalva","county":"Borsod-Abaúj-Zemplén","district":"Miskolci","population":437}},{"type":"Feature","geometry":{"type":"Point","coordinates":[20.41318,48.24507]},"properties":{"kshId":"15945","name":"Sajómercse","county":"Borsod-Abaúj-Zemplén","district":"Putnoki","population":181}},{"type":"Feature","geometry":{"type":"Point","coordinates":[20.38074,48.27122]},"properties":{"kshId":"11332","name":"Sajónémeti","county":"Borsod-Abaúj-Zemplén","district":"Putnoki","population":416}},{"type":"Feature","geometry":{"type":"Point","coordinates":[21.0222,47.95118]},"properties":{"kshId":"08129","name":"Sajóörös","county":"Borsod-Abaúj-Zemplén","district":"Tiszaújvárosi","population":1506}},{"type":"Feature","geometry":{"type":"Point","coordinates":[20.84847,48.1649]},"properties":{"kshId":"18537","name":"Sajópálfala","county":"Borsod-Abaúj-Zemplén","district":"Miskolci","population":714}},{"type":"Feature","geometry":{"type":"Point","coordinates":[20.88821,48.03606]},"properties":{"kshId":"16638","name":"Sajópetri","county":"Borsod-Abaúj-Zemplén","district":"Miskolci","population":1439}},{"type":"Feature","geometry":{"type":"Point","coordinates":[20.34216,48.27967]},"properties":{"kshId":"23782","name":"Sajópüspöki","county":"Borsod-Abaúj-Zemplén","district":"Putnoki","population":448}},{"type":"Feature","geometry":{"type":"Point","coordinates":[20.81986,48.19571]},"properties":{"kshId":"08970","name":"Sajósenye","county":"Borsod-Abaúj-Zemplén","district":"Miskolci","population":403}},{"type":"Feature","geometry":{"type":"Point","coordinates":[20.70878,48.21835]},"properties":{"kshId":"16054","name":"Sajószentpéter","county":"Borsod-Abaúj-Zemplén","district":"Kazincbarcikai","population":11185}},{"type":"Feature","geometry":{"type":"Point","coordinates":[20.99233,47.94474]},"properties":{"kshId":"30340","name":"Sajószöged","county":"Borsod-Abaúj-Zemplén","district":"Tiszaújvárosi","population":2349}},{"type":"Feature","geometry":{"type":"Point","coordinates":[20.83389,48.18004]},"properties":{"kshId":"20738","name":"Sajóvámos","county":"Borsod-Abaúj-Zemplén","district":"Miskolci","population":1996}},{"type":"Feature","geometry":{"type":"Point","coordinates":[20.45734,48.273]},"properties":{"kshId":"27757","name":"Sajóvelezd","county":"Borsod-Abaúj-Zemplén","district":"Putnoki","population":671}},{"type":"Feature","geometry":{"type":"Point","coordinates":[16.85394,47.40328]},"properties":{"kshId":"10579","name":"Sajtoskál","county":"Vas","district":"Sárvári","population":366}},{"type":"Feature","geometry":{"type":"Point","coordinates":[17.55014,46.834]},"properties":{"kshId":"30793","name":"Salföld","county":"Veszprém","district":"Tapolcai","population":74}},{"type":"Feature","geometry":{"type":"Point","coordinates":[19.80056,48.09607]},"properties":{"kshId":"25788","name":"Salgótarján","county":"Nógrád","district":"Salgótarjáni","population":30416}},{"type":"Feature","geometry":{"type":"Point","coordinates":[16.69515,47.2951]},"properties":{"kshId":"18883","name":"Salköveskút","county":"Vas","district":"Szombathelyi","population":445}},{"type":"Feature","geometry":{"type":"Point","coordinates":[16.66017,46.85043]},"properties":{"kshId":"27720","name":"Salomvár","county":"Zala","district":"Zalaegerszegi","population":560}},{"type":"Feature","geometry":{"type":"Point","coordinates":[20.663,47.94928]},"properties":{"kshId":"04729","name":"Sály","county":"Borsod-Abaúj-Zemplén","district":"Mezőkövesdi","population":1496}},{"type":"Feature","geometry":{"type":"Point","coordinates":[18.03715,45.8547]},"properties":{"kshId":"18050","name":"Sámod","county":"Baranya","district":"Sellyei","population":192}},{"type":"Feature","geometry":{"type":"Point","coordinates":[19.72412,47.98652]},"properties":{"kshId":"24572","name":"Sámsonháza","county":"Nógrád","district":"Salgótarjáni","population":222}},{"type":"Feature","geometry":{"type":"Point","coordinates":[17.12327,46.42073]},"properties":{"kshId":"15556","name":"Sand","county":"Zala","district":"Nagykanizsai","population":345}},{"type":"Feature","geometry":{"type":"Point","coordinates":[20.10422,46.36574]},"properties":{"kshId":"31705","name":"Sándorfalva","county":"Csongrád-Csanád","district":"Szegedi","population":8196}},{"type":"Feature","geometry":{"type":"Point","coordinates":[17.88347,46.3439]},"properties":{"kshId":"31121","name":"Sántos","county":"Somogy","district":"Kaposvári","population":452}},{"type":"Feature","geometry":{"type":"Point","coordinates":[21.35452,47.2527]},"properties":{"kshId":"26116","name":"Sáp","county":"Hajdú-Bihar","district":"Püspökladányi","population":796}},{"type":"Feature","geometry":{"type":"Point","coordinates":[21.62482,47.41247]},"properties":{"kshId":"25007","name":"Sáránd","county":"Hajdú-Bihar","district":"Derecskei","population":2125}},{"type":"Feature","geometry":{"type":"Point","coordinates":[21.49415,48.26337]},"properties":{"kshId":"20516","name":"Sárazsadány","county":"Borsod-Abaúj-Zemplén","district":"Sárospataki","population":239}},{"type":"Feature","geometry":{"type":"Point","coordinates":[18.61962,46.88744]},"properties":{"kshId":"23694","name":"Sárbogárd","county":"Fejér","district":"Sárbogárdi","population":11396}},{"type":"Feature","geometry":{"type":"Point","coordinates":[18.597,46.78135]},"properties":{"kshId":"02723","name":"Sáregres","county":"Fejér","district":"Sárbogárdi","population":665}},{"type":"Feature","geometry":{"type":"Point","coordinates":[16.71501,46.94116]},"properties":{"kshId":"09788","name":"Sárfimizdó","county":"Vas","district":"Vasvári","population":86}},{"type":"Feature","geometry":{"type":"Point","coordinates":[16.84253,46.75769]},"properties":{"kshId":"08101","name":"Sárhida","county":"Zala","district":"Zalaegerszegi","population":692}},{"type":"Feature","geometry":{"type":"Point","coordinates":[18.68135,47.67436]},"properties":{"kshId":"26903","name":"Sárisáp","county":"Komárom-Esztergom","district":"Esztergomi","population":2773}},{"type":"Feature","geometry":{"type":"Point","coordinates":[21.38365,46.74229]},"properties":{"kshId":"28565","name":"Sarkad","county":"Békés","district":"Sarkadi","population":8988}},{"type":"Feature","geometry":{"type":"Point","coordinates":[21.38124,46.80861]},"properties":{"kshId":"25168","name":"Sarkadkeresztúr","county":"Békés","district":"Sarkadi","population":1310}},{"type":"Feature","geometry":{"type":"Point","coordinates":[18.35258,47.25258]},"properties":{"kshId":"31802","name":"Sárkeresztes","county":"Fejér","district":"Székesfehérvári","population":1497}},{"type":"Feature","geometry":{"type":"Point","coordinates":[18.54815,47.00616]},"properties":{"kshId":"25344","name":"Sárkeresztúr","county":"Fejér","district":"Sárbogárdi","population":2488}},{"type":"Feature","geometry":{"type":"Point","coordinates":[18.28588,47.15822]},"properties":{"kshId":"02699","name":"Sárkeszi","county":"Fejér","district":"Székesfehérvári","population":518}},{"type":"Feature","geometry":{"type":"Point","coordinates":[17.16828,46.70808]},"properties":{"kshId":"14906","name":"Sármellék","county":"Zala","district":"Keszthelyi","population":1757}},{"type":"Feature","geometry":{"type":"Point","coordinates":[18.61268,45.84125]},"properties":{"kshId":"20862","name":"Sárok","county":"Baranya","district":"Mohácsi","population":91}},{"type":"Feature","geometry":{"type":"Point","coordinates":[18.64982,47.04161]},"properties":{"kshId":"25140","name":"Sárosd","county":"Fejér","district":"Székesfehérvári","population":3084}},{"type":"Feature","geometry":{"type":"Point","coordinates":[21.56555,48.32168]},"properties":{"kshId":"27474","name":"Sárospatak","county":"Borsod-Abaúj-Zemplén","district":"Sárospataki","population":10423}},{"type":"Feature","geometry":{"type":"Point","coordinates":[18.73719,46.24706]},"properties":{"kshId":"04747","name":"Sárpilis","county":"Tolna","district":"Szekszárdi","population":560}},{"type":"Feature","geometry":{"type":"Point","coordinates":[21.18954,47.23924]},"properties":{"kshId":"23940","name":"Sárrétudvari","county":"Hajdú-Bihar","district":"Püspökladányi","population":2621}},{"type":"Feature","geometry":{"type":"Point","coordinates":[16.86075,47.63437]},"properties":{"kshId":"30021","name":"Sarród","county":"Győr-Moson-Sopron","district":"Soproni","population":1062}},{"type":"Feature","geometry":{"type":"Point","coordinates":[18.56656,46.9706]},"properties":{"kshId":"31538","name":"Sárszentágota","county":"Fejér","district":"Sárbogárdi","population":1291}},{"type":"Feature","geometry":{"type":"Point","coordinates":[18.60663,46.62606]},"properties":{"kshId":"20817","name":"Sárszentlőrinc","county":"Tolna","district":"Paksi","population":938}},{"type":"Feature","geometry":{"type":"Point","coordinates":[18.3263,47.15438]},"properties":{"kshId":"11776","name":"Sárszentmihály","county":"Fejér","district":"Székesfehérvári","population":3004}},{"type":"Feature","geometry":{"type":"Point","coordinates":[20.59674,47.58846]},"properties":{"kshId":"07180","name":"Sarud","county":"Heves","district":"Füzesabonyi","population":949}},{"type":"Feature","geometry":{"type":"Point","coordinates":[16.93422,47.25174]},"properties":{"kshId":"21306","name":"Sárvár","county":"Vas","district":"Sárvári","population":13919}},{"type":"Feature","geometry":{"type":"Point","coordinates":[18.10656,46.25596]},"properties":{"kshId":"32160","name":"Sásd","county":"Baranya","district":"Hegyháti","population":2784}},{"type":"Feature","geometry":{"type":"Point","coordinates":[17.4787,46.93597]},"properties":{"kshId":"13772","name":"Sáska","county":"Veszprém","district":"Tapolcai","population":240}},{"type":"Feature","geometry":{"type":"Point","coordinates":[20.3932,48.18506]},"properties":{"kshId":"02875","name":"Sáta","county":"Borsod-Abaúj-Zemplén","district":"Ózdi","population":1013}},{"type":"Feature","geometry":{"type":"Point","coordinates":[21.65615,48.3961]},"properties":{"kshId":"05120","name":"Sátoraljaújhely","county":"Borsod-Abaúj-Zemplén","district":"Sátoraljaújhelyi","population":12653}},{"type":"Feature","geometry":{"type":"Point","coordinates":[18.63178,45.94147]},"properties":{"kshId":"33482","name":"Sátorhely","county":"Baranya","district":"Mohácsi","population":582}},{"type":"Feature","geometry":{"type":"Point","coordinates":[17.26908,46.5921]},"properties":{"kshId":"02051","name":"Sávoly","county":"Somogy","district":"Marcali","population":423}},{"type":"Feature","geometry":{"type":"Point","coordinates":[16.55425,47.24394]},"properties":{"kshId":"10278","name":"Sé","county":"Vas","district":"Szombathelyi","population":1314}},{"type":"Feature","geometry":{"type":"Point","coordinates":[17.34721,46.35317]},"properties":{"kshId":"27368","name":"Segesd","county":"Somogy","district":"Nagyatádi","population":2181}},{"type":"Feature","geometry":{"type":"Point","coordinates":[20.95407,48.33877]},"properties":{"kshId":"25380","name":"Selyeb","county":"Borsod-Abaúj-Zemplén","district":"Szikszói","population":570}},{"type":"Feature","geometry":{"type":"Point","coordinates":[17.85141,45.87354]},"properties":{"kshId":"28741","name":"Sellye","county":"Baranya","district":"Sellyei","population":2288}},{"type":"Feature","geometry":{"type":"Point","coordinates":[21.97135,48.35029]},"properties":{"kshId":"23755","name":"Semjén","county":"Borsod-Abaúj-Zemplén","district":"Cigándi","population":503}},{"type":"Feature","geometry":{"type":"Point","coordinates":[16.84719,46.39765]},"properties":{"kshId":"30997","name":"Semjénháza","county":"Zala","district":"Letenyei","population":519}},{"type":"Feature","geometry":{"type":"Point","coordinates":[17.13486,46.89542]},"properties":{"kshId":"14085","name":"Sénye","county":"Zala","district":"Zalaszentgróti","population":67}},{"type":"Feature","geometry":{"type":"Point","coordinates":[21.87853,48.00277]},"properties":{"kshId":"04491","name":"Sényő","county":"Szabolcs-Szatmár-Bereg","district":"Nyíregyházi","population":1430}},{"type":"Feature","geometry":{"type":"Point","coordinates":[18.57856,47.11162]},"properties":{"kshId":"20206","name":"Seregélyes","county":"Fejér","district":"Székesfehérvári","population":4299}},{"type":"Feature","geometry":{"type":"Point","coordinates":[20.38887,48.313]},"properties":{"kshId":"32531","name":"Serényfalva","county":"Borsod-Abaúj-Zemplén","district":"Putnoki","population":906}},{"type":"Feature","geometry":{"type":"Point","coordinates":[18.01659,46.76293]},"properties":{"kshId":"32133","name":"Sérsekszőlős","county":"Somogy","district":"Tabi","population":132}},{"type":"Feature","geometry":{"type":"Point","coordinates":[17.85177,47.4385]},"properties":{"kshId":"08606","name":"Sikátor","county":"Győr-Moson-Sopron","district":"Pannonhalmi","population":330}},{"type":"Feature","geometry":{"type":"Point","coordinates":[18.29838,45.85214]},"properties":{"kshId":"05519","name":"Siklós","county":"Baranya","district":"Siklósi","population":8603}},{"type":"Feature","geometry":{"type":"Point","coordinates":[18.12261,45.91155]},"properties":{"kshId":"23205","name":"Siklósbodony","county":"Baranya","district":"Siklósi","population":146}},{"type":"Feature","geometry":{"type":"Point","coordinates":[18.36345,45.82009]},"properties":{"kshId":"08800","name":"Siklósnagyfalu","county":"Baranya","district":"Siklósi","population":378}},{"type":"Feature","geometry":{"type":"Point","coordinates":[21.30206,48.29864]},"properties":{"kshId":"23418","name":"Sima","county":"Borsod-Abaúj-Zemplén","district":"Gönci","population":27}},{"type":"Feature","geometry":{"type":"Point","coordinates":[16.84327,47.42348]},"properties":{"kshId":"26763","name":"Simaság","county":"Vas","district":"Sárvári","population":508}},{"type":"Feature","geometry":{"type":"Point","coordinates":[17.82297,46.28395]},"properties":{"kshId":"32780","name":"Simonfa","county":"Somogy","district":"Kaposvári","population":367}},{"type":"Feature","geometry":{"type":"Point","coordinates":[18.54351,46.75696]},"properties":{"kshId":"20783","name":"Simontornya","county":"Tolna","district":"Tamási","population":3557}},{"type":"Feature","geometry":{"type":"Point","coordinates":[18.6536,46.39079]},"properties":{"kshId":"25645","name":"Sióagárd","county":"Tolna","district":"Szekszárdi","population":1202}},{"type":"Feature","geometry":{"type":"Point","coordinates":[18.05416,46.90717]},"properties":{"kshId":"17631","name":"Siófok","county":"Somogy","district":"Siófoki","population":23806}},{"type":"Feature","geometry":{"type":"Point","coordinates":[18.13878,46.87941]},"properties":{"kshId":"23092","name":"Siójut","county":"Somogy","district":"Siófoki","population":617}},{"type":"Feature","geometry":{"type":"Point","coordinates":[20.19578,47.93086]},"properties":{"kshId":"08527","name":"Sirok","county":"Heves","district":"Pétervásárai","population":1632}},{"type":"Feature","geometry":{"type":"Point","coordinates":[17.02428,47.24282]},"properties":{"kshId":"30748","name":"Sitke","county":"Vas","district":"Sárvári","population":685}},{"type":"Feature","geometry":{"type":"Point","coordinates":[17.369,47.47574]},"properties":{"kshId":"24208","name":"Sobor","county":"Győr-Moson-Sopron","district":"Csornai","population":280}},{"type":"Feature","geometry":{"type":"Point","coordinates":[17.70061,47.48448]},"properties":{"kshId":"12627","name":"Sokorópátka","county":"Győr-Moson-Sopron","district":"Győri","population":1113}},{"type":"Feature","geometry":{"type":"Point","coordinates":[19.00464,46.80226]},"properties":{"kshId":"29115","name":"Solt","county":"Bács-Kiskun","district":"Kalocsai","population":5817}},{"type":"Feature","geometry":{"type":"Point","coordinates":[19.28691,46.77108]},"properties":{"kshId":"18218","name":"Soltszentimre","county":"Bács-Kiskun","district":"Kiskőrösi","population":1298}},{"type":"Feature","geometry":{"type":"Point","coordinates":[19.39427,46.58202]},"properties":{"kshId":"19983","name":"Soltvadkert","county":"Bács-Kiskun","district":"Kiskőrösi","population":6865}},{"type":"Feature","geometry":{"type":"Point","coordinates":[18.0321,47.12987]},"properties":{"kshId":"03601","name":"Sóly","county":"Veszprém","district":"Veszprémi","population":556}},{"type":"Feature","geometry":{"type":"Point","coordinates":[18.92849,47.59133]},"properties":{"kshId":"07384","name":"Solymár","county":"Pest","district":"Pilisvörösvári","population":10927}},{"type":"Feature","geometry":{"type":"Point","coordinates":[18.14137,46.80677]},"properties":{"kshId":"04127","name":"Som","county":"Somogy","district":"Siófoki","population":662}},{"type":"Feature","geometry":{"type":"Point","coordinates":[18.66055,46.08096]},"properties":{"kshId":"23472","name":"Somberek","county":"Baranya","district":"Mohácsi","population":1289}},{"type":"Feature","geometry":{"type":"Point","coordinates":[17.35437,47.12276]},"properties":{"kshId":"05157","name":"Somlójenő","county":"Veszprém","district":"Devecseri","population":283}},{"type":"Feature","geometry":{"type":"Point","coordinates":[17.35559,47.17484]},"properties":{"kshId":"25779","name":"Somlószőlős","county":"Veszprém","district":"Devecseri","population":613}},{"type":"Feature","geometry":{"type":"Point","coordinates":[17.37624,47.12095]},"properties":{"kshId":"26569","name":"Somlóvásárhely","county":"Veszprém","district":"Devecseri","population":984}},{"type":"Feature","geometry":{"type":"Point","coordinates":[17.35141,47.19524]},"properties":{"kshId":"14243","name":"Somlóvecse","county":"Veszprém","district":"Devecseri","population":77}},{"type":"Feature","geometry":{"type":"Point","coordinates":[17.84178,46.47632]},"properties":{"kshId":"13824","name":"Somodor","county":"Somogy","district":"Kaposvári","population":349}},{"type":"Feature","geometry":{"type":"Point","coordinates":[17.95395,46.59203]},"properties":{"kshId":"30580","name":"Somogyacsa","county":"Somogy","district":"Tabi","population":148}},{"type":"Feature","geometry":{"type":"Point","coordinates":[17.75079,46.09244]},"properties":{"kshId":"23807","name":"Somogyapáti","county":"Baranya","district":"Szigetvári","population":470}},{"type":"Feature","geometry":{"type":"Point","coordinates":[17.39167,46.05667]},"properties":{"kshId":"05500","name":"Somogyaracs","county":"Somogy","district":"Barcsi","population":178}},{"type":"Feature","geometry":{"type":"Point","coordinates":[17.80694,46.45884]},"properties":{"kshId":"31219","name":"Somogyaszaló","county":"Somogy","district":"Kaposvári","population":725}},{"type":"Feature","geometry":{"type":"Point","coordinates":[17.77679,46.67539]},"properties":{"kshId":"32470","name":"Somogybabod","county":"Somogy","district":"Fonyódi","population":467}},{"type":"Feature","geometry":{"type":"Point","coordinates":[16.98833,46.29907]},"properties":{"kshId":"25043","name":"Somogybükkösd","county":"Somogy","district":"Csurgói","population":81}},{"type":"Feature","geometry":{"type":"Point","coordinates":[17.13262,46.30996]},"properties":{"kshId":"11484","name":"Somogycsicsó","county":"Somogy","district":"Csurgói","population":116}},{"type":"Feature","geometry":{"type":"Point","coordinates":[18.00632,46.58719]},"properties":{"kshId":"15981","name":"Somogydöröcske","county":"Somogy","district":"Tabi","population":134}},{"type":"Feature","geometry":{"type":"Point","coordinates":[18.02667,46.67577]},"properties":{"kshId":"20057","name":"Somogyegres","county":"Somogy","district":"Tabi","population":160}},{"type":"Feature","geometry":{"type":"Point","coordinates":[17.56874,46.50233]},"properties":{"kshId":"18078","name":"Somogyfajsz","county":"Somogy","district":"Kaposvári","population":492}},{"type":"Feature","geometry":{"type":"Point","coordinates":[17.78299,46.51896]},"properties":{"kshId":"20330","name":"Somogygeszti","county":"Somogy","district":"Kaposvári","population":399}},{"type":"Feature","geometry":{"type":"Point","coordinates":[17.77328,46.16031]},"properties":{"kshId":"29142","name":"Somogyhárságy","county":"Baranya","district":"Szigetvári","population":340}},{"type":"Feature","geometry":{"type":"Point","coordinates":[17.71308,46.10961]},"properties":{"kshId":"25070","name":"Somogyhatvan","county":"Baranya","district":"Szigetvári","population":304}},{"type":"Feature","geometry":{"type":"Point","coordinates":[17.71588,46.49149]},"properties":{"kshId":"28963","name":"Somogyjád","county":"Somogy","district":"Kaposvári","population":1430}},{"type":"Feature","geometry":{"type":"Point","coordinates":[17.91517,46.71913]},"properties":{"kshId":"12876","name":"Somogymeggyes","county":"Somogy","district":"Tabi","population":433}},{"type":"Feature","geometry":{"type":"Point","coordinates":[17.29901,46.58743]},"properties":{"kshId":"15626","name":"Somogysámson","county":"Somogy","district":"Marcali","population":688}},{"type":"Feature","geometry":{"type":"Point","coordinates":[17.59677,46.41203]},"properties":{"kshId":"28723","name":"Somogysárd","county":"Somogy","district":"Kaposvári","population":1175}},{"type":"Feature","geometry":{"type":"Point","coordinates":[17.20879,46.48762]},"properties":{"kshId":"27535","name":"Somogysimonyi","county":"Somogy","district":"Marcali","population":83}},{"type":"Feature","geometry":{"type":"Point","coordinates":[17.47394,46.64162]},"properties":{"kshId":"06600","name":"Somogyszentpál","county":"Somogy","district":"Marcali","population":774}},{"type":"Feature","geometry":{"type":"Point","coordinates":[17.9942,46.52035]},"properties":{"kshId":"03416","name":"Somogyszil","county":"Somogy","district":"Kaposvári","population":656}},{"type":"Feature","geometry":{"type":"Point","coordinates":[17.29683,46.29298]},"properties":{"kshId":"18546","name":"Somogyszob","county":"Somogy","district":"Nagyatádi","population":1372}},{"type":"Feature","geometry":{"type":"Point","coordinates":[17.76542,46.70716]},"properties":{"kshId":"32601","name":"Somogytúr","county":"Somogy","district":"Fonyódi","population":441}},{"type":"Feature","geometry":{"type":"Point","coordinates":[17.19097,46.17734]},"properties":{"kshId":"04853","name":"Somogyudvarhely","county":"Somogy","district":"Csurgói","population":914}},{"type":"Feature","geometry":{"type":"Point","coordinates":[17.68051,46.57185]},"properties":{"kshId":"21856","name":"Somogyvámos","county":"Somogy","district":"Fonyódi","population":706}},{"type":"Feature","geometry":{"type":"Point","coordinates":[17.65095,46.58124]},"properties":{"kshId":"19442","name":"Somogyvár","county":"Somogy","district":"Fonyódi","population":1653}},{"type":"Feature","geometry":{"type":"Point","coordinates":[17.76496,46.11267]},"properties":{"kshId":"21281","name":"Somogyviszló","county":"Baranya","district":"Szigetvári","population":213}},{"type":"Feature","geometry":{"type":"Point","coordinates":[17.29743,46.55305]},"properties":{"kshId":"04835","name":"Somogyzsitfa","county":"Somogy","district":"Marcali","population":534}},{"type":"Feature","geometry":{"type":"Point","coordinates":[19.82417,48.16178]},"properties":{"kshId":"01526","name":"Somoskőújfalu","county":"Nógrád","district":"Salgótarjáni","population":2040}},{"type":"Feature","geometry":{"type":"Point","coordinates":[22.74675,48.05401]},"properties":{"kshId":"23889","name":"Sonkád","county":"Szabolcs-Szatmár-Bereg","district":"Fehérgyarmati","population":608}},{"type":"Feature","geometry":{"type":"Point","coordinates":[18.45583,47.01111]},"properties":{"kshId":"33321","name":"Soponya","county":"Fejér","district":"Székesfehérvári","population":1780}},{"type":"Feature","geometry":{"type":"Point","coordinates":[16.59835,47.68031]},"properties":{"kshId":"08518","name":"Sopron","county":"Győr-Moson-Sopron","district":"Soproni","population":60820}},{"type":"Feature","geometry":{"type":"Point","coordinates":[16.73875,47.4838]},"properties":{"kshId":"29090","name":"Sopronhorpács","county":"Győr-Moson-Sopron","district":"Soproni","population":877}},{"type":"Feature","geometry":{"type":"Point","coordinates":[16.74483,47.54475]},"properties":{"kshId":"25724","name":"Sopronkövesd","county":"Győr-Moson-Sopron","district":"Soproni","population":1468}},{"type":"Feature","geometry":{"type":"Point","coordinates":[17.20734,47.53641]},"properties":{"kshId":"02617","name":"Sopronnémeti","county":"Győr-Moson-Sopron","district":"Csornai","population":286}},{"type":"Feature","geometry":{"type":"Point","coordinates":[16.75157,47.13139]},"properties":{"kshId":"07171","name":"Sorkifalud","county":"Vas","district":"Szombathelyi","population":628}},{"type":"Feature","geometry":{"type":"Point","coordinates":[16.70088,47.14041]},"properties":{"kshId":"27960","name":"Sorkikápolna","county":"Vas","district":"Szombathelyi","population":227}},{"type":"Feature","geometry":{"type":"Point","coordinates":[16.9158,46.46056]},"properties":{"kshId":"06567","name":"Sormás","county":"Zala","district":"Nagykanizsai","population":736}},{"type":"Feature","geometry":{"type":"Point","coordinates":[16.67561,47.13739]},"properties":{"kshId":"29692","name":"Sorokpolány","county":"Vas","district":"Szombathelyi","population":751}},{"type":"Feature","geometry":{"type":"Point","coordinates":[19.67821,48.07056]},"properties":{"kshId":"14881","name":"Sóshartyán","county":"Nógrád","district":"Salgótarjáni","population":896}},{"type":"Feature","geometry":{"type":"Point","coordinates":[18.83056,47.40472]},"properties":{"kshId":"06840","name":"Sóskút","county":"Pest","district":"Érdi","population":3760}},{"type":"Feature","geometry":{"type":"Point","coordinates":[20.9886,48.15628]},"properties":{"kshId":"13268","name":"Sóstófalva","county":"Borsod-Abaúj-Zemplén","district":"Miskolci","population":233}},{"type":"Feature","geometry":{"type":"Point","coordinates":[17.86171,45.8354]},"properties":{"kshId":"31714","name":"Sósvertike","county":"Baranya","district":"Sellyei","population":145}},{"type":"Feature","geometry":{"type":"Point","coordinates":[16.94843,47.1962]},"properties":{"kshId":"22983","name":"Sótony","county":"Vas","district":"Sárvári","population":588}},{"type":"Feature","geometry":{"type":"Point","coordinates":[16.85368,46.67008]},"properties":{"kshId":"19080","name":"Söjtör","county":"Zala","district":"Zalaegerszegi","population":1429}},{"type":"Feature","geometry":{"type":"Point","coordinates":[16.65491,47.28295]},"properties":{"kshId":"24800","name":"Söpte","county":"Vas","district":"Szombathelyi","population":784}},{"type":"Feature","geometry":{"type":"Point","coordinates":[18.28074,47.32269]},"properties":{"kshId":"02893","name":"Söréd","county":"Fejér","district":"Móri","population":558}},{"type":"Feature","geometry":{"type":"Point","coordinates":[18.60161,47.24118]},"properties":{"kshId":"14951","name":"Sukoró","county":"Fejér","district":"Gárdonyi","population":2170}},{"type":"Feature","geometry":{"type":"Point","coordinates":[17.91662,45.96962]},"properties":{"kshId":"02547","name":"Sumony","county":"Baranya","district":"Szentlőrinci","population":396}},{"type":"Feature","geometry":{"type":"Point","coordinates":[18.02942,47.37042]},"properties":{"kshId":"31990","name":"Súr","county":"Komárom-Esztergom","district":"Kisbéri","population":1224}},{"type":"Feature","geometry":{"type":"Point","coordinates":[16.96888,46.31806]},"properties":{"kshId":"02404","name":"Surd","county":"Zala","district":"Nagykanizsai","population":529}},{"type":"Feature","geometry":{"type":"Point","coordinates":[18.99582,46.28643]},"properties":{"kshId":"21245","name":"Sükösd","county":"Bács-Kiskun","district":"Bajai","population":3334}},{"type":"Feature","geometry":{"type":"Point","coordinates":[19.52148,47.45426]},"properties":{"kshId":"21713","name":"Sülysáp","county":"Pest","district":"Nagykátai","population":8525}},{"type":"Feature","geometry":{"type":"Point","coordinates":[17.28117,46.97843]},"properties":{"kshId":"25593","name":"Sümeg","county":"Veszprém","district":"Sümegi","population":5669}},{"type":"Feature","geometry":{"type":"Point","coordinates":[17.21617,46.94169]},"properties":{"kshId":"21397","name":"Sümegcsehi","county":"Zala","district":"Zalaszentgróti","population":519}},{"type":"Feature","geometry":{"type":"Point","coordinates":[17.27742,46.94112]},"properties":{"kshId":"05388","name":"Sümegprága","county":"Veszprém","district":"Sümegi","population":567}},{"type":"Feature","geometry":{"type":"Point","coordinates":[18.44347,47.75738]},"properties":{"kshId":"08688","name":"Süttő","county":"Komárom-Esztergom","district":"Esztergomi","population":2005}},{"type":"Feature","geometry":{"type":"Point","coordinates":[18.36777,47.11774]},"properties":{"kshId":"28705","name":"Szabadbattyán","county":"Fejér","district":"Székesfehérvári","population":4779}},{"type":"Feature","geometry":{"type":"Point","coordinates":[18.69248,47.07676]},"properties":{"kshId":"13259","name":"Szabadegyháza","county":"Fejér","district":"Gárdonyi","population":1975}},{"type":"Feature","geometry":{"type":"Point","coordinates":[18.28103,46.82282]},"properties":{"kshId":"18740","name":"Szabadhídvég","county":"Fejér","district":"Enyingi","population":803}},{"type":"Feature","geometry":{"type":"Point","coordinates":[18.03118,46.36782]},"properties":{"kshId":"14854","name":"Szabadi","county":"Somogy","district":"Kaposvári","population":246}},{"type":"Feature","geometry":{"type":"Point","coordinates":[21.07603,46.60121]},"properties":{"kshId":"31325","name":"Szabadkígyós","county":"Békés","district":"Békéscsabai","population":2283}},{"type":"Feature","geometry":{"type":"Point","coordinates":[19.2225,46.87523]},"properties":{"kshId":"25061","name":"Szabadszállás","county":"Bács-Kiskun","district":"Kunszentmiklósi","population":5853}},{"type":"Feature","geometry":{"type":"Point","coordinates":[18.04212,46.00634]},"properties":{"kshId":"15079","name":"Szabadszentkirály","county":"Baranya","district":"Szentlőrinci","population":716}},{"type":"Feature","geometry":{"type":"Point","coordinates":[17.44792,46.28941]},"properties":{"kshId":"28574","name":"Szabás","county":"Somogy","district":"Nagyatádi","population":556}},{"type":"Feature","geometry":{"type":"Point","coordinates":[21.49546,48.17184]},"properties":{"kshId":"19169","name":"Szabolcs","county":"Szabolcs-Szatmár-Bereg","district":"Nyíregyházi","population":318}},{"type":"Feature","geometry":{"type":"Point","coordinates":[22.13959,48.15722]},"properties":{"kshId":"22053","name":"Szabolcsbáka","county":"Szabolcs-Szatmár-Bereg","district":"Kisvárdai","population":1096}},{"type":"Feature","geometry":{"type":"Point","coordinates":[22.01981,48.29244]},"properties":{"kshId":"03586","name":"Szabolcsveresmart","county":"Szabolcs-Szatmár-Bereg","district":"Kisvárdai","population":1382}},{"type":"Feature","geometry":{"type":"Point","coordinates":[19.3117,47.63633]},"properties":{"kshId":"21458","name":"Szada","county":"Pest","district":"Gödöllői","population":6631}},{"type":"Feature","geometry":{"type":"Point","coordinates":[17.94661,46.22179]},"properties":{"kshId":"27508","name":"Szágy","county":"Baranya","district":"Hegyháti","population":114}},{"type":"Feature","geometry":{"type":"Point","coordinates":[18.53293,45.99182]},"properties":{"kshId":"08475","name":"Szajk","county":"Baranya","district":"Bólyi","population":747}},{"type":"Feature","geometry":{"type":"Point","coordinates":[20.14179,47.9615]},"properties":{"kshId":"16063","name":"Szajla","county":"Heves","district":"Pétervásárai","population":580}},{"type":"Feature","geometry":{"type":"Point","coordinates":[20.30064,47.17575]},"properties":{"kshId":"05874","name":"Szajol","county":"Jász-Nagykun-Szolnok","district":"Szolnoki","population":3679}},{"type":"Feature","geometry":{"type":"Point","coordinates":[20.86339,48.38125]},"properties":{"kshId":"32258","name":"Szakácsi","county":"Borsod-Abaúj-Zemplén","district":"Edelényi","population":215}},{"type":"Feature","geometry":{"type":"Point","coordinates":[18.47329,46.53886]},"properties":{"kshId":"15316","name":"Szakadát","county":"Tolna","district":"Tamási","population":197}},{"type":"Feature","geometry":{"type":"Point","coordinates":[20.90869,47.94064]},"properties":{"kshId":"03805","name":"Szakáld","county":"Borsod-Abaúj-Zemplén","district":"Tiszaújvárosi","population":434}},{"type":"Feature","geometry":{"type":"Point","coordinates":[18.38391,46.52443]},"properties":{"kshId":"04464","name":"Szakály","county":"Tolna","district":"Tamási","population":1164}},{"type":"Feature","geometry":{"type":"Point","coordinates":[18.11094,46.53851]},"properties":{"kshId":"10083","name":"Szakcs","county":"Tolna","district":"Dombóvári","population":696}},{"type":"Feature","geometry":{"type":"Point","coordinates":[19.07593,46.5554]},"properties":{"kshId":"19530","name":"Szakmár","county":"Bács-Kiskun","district":"Kalocsai","population":1069}},{"type":"Feature","geometry":{"type":"Point","coordinates":[16.52767,46.86434]},"properties":{"kshId":"16504","name":"Szaknyér","county":"Vas","district":"Körmendi","population":43}},{"type":"Feature","geometry":{"type":"Point","coordinates":[21.90133,47.76164]},"properties":{"kshId":"04774","name":"Szakoly","county":"Szabolcs-Szatmár-Bereg","district":"Nagykállói","population":2549}},{"type":"Feature","geometry":{"type":"Point","coordinates":[16.71662,47.42712]},"properties":{"kshId":"11369","name":"Szakony","county":"Győr-Moson-Sopron","district":"Soproni","population":438}},{"type":"Feature","geometry":{"type":"Point","coordinates":[16.22762,46.92591]},"properties":{"kshId":"20932","name":"Szakonyfalu","county":"Vas","district":"Szentgotthárdi","population":310}},{"type":"Feature","geometry":{"type":"Point","coordinates":[18.16941,47.55024]},"properties":{"kshId":"33516","name":"Szákszend","county":"Komárom-Esztergom","district":"Oroszlányi","population":1461}},{"type":"Feature","geometry":{"type":"Point","coordinates":[16.36359,46.86552]},"properties":{"kshId":"10223","name":"Szalafő","county":"Vas","district":"Körmendi","population":211}},{"type":"Feature","geometry":{"type":"Point","coordinates":[18.2374,45.94732]},"properties":{"kshId":"22257","name":"Szalánta","county":"Baranya","district":"Pécsi","population":1190}},{"type":"Feature","geometry":{"type":"Point","coordinates":[17.14568,46.99154]},"properties":{"kshId":"20543","name":"Szalapa","county":"Zala","district":"Zalaszentgróti","population":155}},{"type":"Feature","geometry":{"type":"Point","coordinates":[21.12505,48.39007]},"properties":{"kshId":"31015","name":"Szalaszend","county":"Borsod-Abaúj-Zemplén","district":"Encsi","population":1027}},{"type":"Feature","geometry":{"type":"Point","coordinates":[18.2816,46.28977]},"properties":{"kshId":"09007","name":"Szalatnak","county":"Baranya","district":"Komlói","population":293}},{"type":"Feature","geometry":{"type":"Point","coordinates":[18.6372,46.27737]},"properties":{"kshId":"14711","name":"Szálka","county":"Tolna","district":"Szekszárdi","population":581}},{"type":"Feature","geometry":{"type":"Point","coordinates":[19.01329,46.97552]},"properties":{"kshId":"19947","name":"Szalkszentmárton","county":"Bács-Kiskun","district":"Kunszentmiklósi","population":2825}},{"type":"Feature","geometry":{"type":"Point","coordinates":[19.6376,48.12202]},"properties":{"kshId":"19798","name":"Szalmatercs","county":"Nógrád","district":"Szécsényi","population":457}},{"type":"Feature","geometry":{"type":"Point","coordinates":[20.73937,48.44721]},"properties":{"kshId":"16753","name":"Szalonna","county":"Borsod-Abaúj-Zemplén","district":"Edelényi","population":965}},{"type":"Feature","geometry":{"type":"Point","coordinates":[22.65233,47.87178]},"properties":{"kshId":"18005","name":"Szamosangyalos","county":"Szabolcs-Szatmár-Bereg","district":"Csengeri","population":489}},{"type":"Feature","geometry":{"type":"Point","coordinates":[22.68987,47.86192]},"properties":{"kshId":"22017","name":"Szamosbecs","county":"Szabolcs-Szatmár-Bereg","district":"Csengeri","population":316}},{"type":"Feature","geometry":{"type":"Point","coordinates":[22.41676,48.01758]},"properties":{"kshId":"16300","name":"Szamoskér","county":"Szabolcs-Szatmár-Bereg","district":"Mátészalkai","population":385}},{"type":"Feature","geometry":{"type":"Point","coordinates":[22.61031,47.90638]},"properties":{"kshId":"10436","name":"Szamossályi","county":"Szabolcs-Szatmár-Bereg","district":"Fehérgyarmati","population":596}},{"type":"Feature","geometry":{"type":"Point","coordinates":[22.6649,47.87459]},"properties":{"kshId":"30085","name":"Szamostatárfalva","county":"Szabolcs-Szatmár-Bereg","district":"Csengeri","population":293}},{"type":"Feature","geometry":{"type":"Point","coordinates":[22.58671,47.91781]},"properties":{"kshId":"31273","name":"Szamosújlak","county":"Szabolcs-Szatmár-Bereg","district":"Fehérgyarmati","population":344}},{"type":"Feature","geometry":{"type":"Point","coordinates":[22.36504,48.04272]},"properties":{"kshId":"13046","name":"Szamosszeg","county":"Szabolcs-Szatmár-Bereg","district":"Mátészalkai","population":1653}},{"type":"Feature","geometry":{"type":"Point","coordinates":[19.44041,47.92785]},"properties":{"kshId":"13754","name":"Szanda","county":"Nógrád","district":"Balassagyarmati","population":506}},{"type":"Feature","geometry":{"type":"Point","coordinates":[19.669,46.55449]},"properties":{"kshId":"11794","name":"Szank","county":"Bács-Kiskun","district":"Kiskunmajsai","population":2160}},{"type":"Feature","geometry":{"type":"Point","coordinates":[17.90453,46.86938]},"properties":{"kshId":"34236","name":"Szántód","county":"Somogy","district":"Siófoki","population":594}},{"type":"Feature","geometry":{"type":"Point","coordinates":[17.30483,47.46179]},"properties":{"kshId":"08536","name":"Szany","county":"Győr-Moson-Sopron","district":"Csornai","population":2010}},{"type":"Feature","geometry":{"type":"Point","coordinates":[18.03713,47.31719]},"properties":{"kshId":"16489","name":"Szápár","county":"Veszprém","district":"Zirci","population":479}},{"type":"Feature","geometry":{"type":"Point","coordinates":[18.10702,45.81366]},"properties":{"kshId":"34032","name":"Szaporca","county":"Baranya","district":"Siklósi","population":192}},{"type":"Feature","geometry":{"type":"Point","coordinates":[18.5185,47.4788]},"properties":{"kshId":"19549","name":"Szár","county":"Fejér","district":"Bicskei","population":1718}},{"type":"Feature","geometry":{"type":"Point","coordinates":[18.37255,46.34883]},"properties":{"kshId":"07366","name":"Szárász","county":"Baranya","district":"Komlói","population":34}},{"type":"Feature","geometry":{"type":"Point","coordinates":[18.42614,46.56998]},"properties":{"kshId":"18263","name":"Szárazd","county":"Tolna","district":"Tamási","population":201}},{"type":"Feature","geometry":{"type":"Point","coordinates":[17.12281,47.59432]},"properties":{"kshId":"15714","name":"Szárföld","county":"Győr-Moson-Sopron","district":"Kapuvári","population":1035}},{"type":"Feature","geometry":{"type":"Point","coordinates":[18.49356,47.51845]},"properties":{"kshId":"33491","name":"Szárliget","county":"Komárom-Esztergom","district":"Tatabányai","population":2378}},{"type":"Feature","geometry":{"type":"Point","coordinates":[20.55215,46.86214]},"properties":{"kshId":"23870","name":"Szarvas","county":"Békés","district":"Szarvasi","population":14310}},{"type":"Feature","geometry":{"type":"Point","coordinates":[19.64341,47.82082]},"properties":{"kshId":"10199","name":"Szarvasgede","county":"Nógrád","district":"Pásztói","population":396}},{"type":"Feature","geometry":{"type":"Point","coordinates":[16.67656,46.98879]},"properties":{"kshId":"17729","name":"Szarvaskend","county":"Vas","district":"Körmendi","population":213}},{"type":"Feature","geometry":{"type":"Point","coordinates":[20.3302,47.98851]},"properties":{"kshId":"03382","name":"Szarvaskő","county":"Heves","district":"Egri","population":311}},{"type":"Feature","geometry":{"type":"Point","coordinates":[20.09325,47.31073]},"properties":{"kshId":"05777","name":"Szászberek","county":"Jász-Nagykun-Szolnok","district":"Szolnoki","population":888}},{"type":"Feature","geometry":{"type":"Point","coordinates":[20.94228,48.47209]},"properties":{"kshId":"08147","name":"Szászfa","county":"Borsod-Abaúj-Zemplén","district":"Szikszói","population":95}},{"type":"Feature","geometry":{"type":"Point","coordinates":[18.3778,46.27366]},"properties":{"kshId":"33765","name":"Szászvár","county":"Baranya","district":"Komlói","population":2145}},{"type":"Feature","geometry":{"type":"Point","coordinates":[22.62974,48.0852]},"properties":{"kshId":"31237","name":"Szatmárcseke","county":"Szabolcs-Szatmár-Bereg","district":"Fehérgyarmati","population":1472}},{"type":"Feature","geometry":{"type":"Point","coordinates":[19.23371,47.95669]},"properties":{"kshId":"15325","name":"Szátok","county":"Nógrád","district":"Rétsági","population":568}},{"type":"Feature","geometry":{"type":"Point","coordinates":[16.48044,46.79889]},"properties":{"kshId":"02440","name":"Szatta","county":"Vas","district":"Körmendi","population":62}},{"type":"Feature","geometry":{"type":"Point","coordinates":[20.04158,46.34168]},"properties":{"kshId":"12007","name":"Szatymaz","county":"Csongrád-Csanád","district":"Szegedi","population":4957}},{"type":"Feature","geometry":{"type":"Point","coordinates":[18.17651,45.90222]},"properties":{"kshId":"31060","name":"Szava","county":"Baranya","district":"Siklósi","population":331}},{"type":"Feature","geometry":{"type":"Point","coordinates":[18.91209,47.3172]},"properties":{"kshId":"17312","name":"Százhalombatta","county":"Pest","district":"Érdi","population":18115}},{"type":"Feature","geometry":{"type":"Point","coordinates":[18.58697,46.13106]},"properties":{"kshId":"03018","name":"Szebény","county":"Baranya","district":"Mohácsi","population":288}},{"type":"Feature","geometry":{"type":"Point","coordinates":[19.33245,47.90573]},"properties":{"kshId":"23047","name":"Szécsénke","county":"Nógrád","district":"Balassagyarmati","population":191}},{"type":"Feature","geometry":{"type":"Point","coordinates":[19.52068,48.08025]},"properties":{"kshId":"06628","name":"Szécsény","county":"Nógrád","district":"Szécsényi","population":5138}},{"type":"Feature","geometry":{"type":"Point","coordinates":[19.5688,48.14468]},"properties":{"kshId":"33011","name":"Szécsényfelfalu","county":"Nógrád","district":"Szécsényi","population":393}},{"type":"Feature","geometry":{"type":"Point","coordinates":[16.59319,46.57285]},"properties":{"kshId":"11554","name":"Szécsisziget","county":"Zala","district":"Lenti","population":188}},{"type":"Feature","geometry":{"type":"Point","coordinates":[18.45358,45.99946]},"properties":{"kshId":"05607","name":"Szederkény","county":"Baranya","district":"Bólyi","population":1650}},{"type":"Feature","geometry":{"type":"Point","coordinates":[18.68489,46.47441]},"properties":{"kshId":"16814","name":"Szedres","county":"Tolna","district":"Szekszárdi","population":1934}},{"type":"Feature","geometry":{"type":"Point","coordinates":[20.1486,46.25463]},"properties":{"kshId":"33367","name":"Szeged","county":"Csongrád-Csanád","district":"Szegedi","population":157282}},{"type":"Feature","geometry":{"type":"Point","coordinates":[17.27806,46.63469]},"properties":{"kshId":"18607","name":"Szegerdő","county":"Somogy","district":"Marcali","population":207}},{"type":"Feature","geometry":{"type":"Point","coordinates":[21.16939,47.02135]},"properties":{"kshId":"21883","name":"Szeghalom","county":"Békés","district":"Szeghalmi","population":7788}},{"type":"Feature","geometry":{"type":"Point","coordinates":[21.38156,48.19881]},"properties":{"kshId":"33817","name":"Szegi","county":"Borsod-Abaúj-Zemplén","district":"Tokaji","population":310}},{"type":"Feature","geometry":{"type":"Point","coordinates":[21.40016,48.21907]},"properties":{"kshId":"31510","name":"Szegilong","county":"Borsod-Abaúj-Zemplén","district":"Tokaji","population":198}},{"type":"Feature","geometry":{"type":"Point","coordinates":[20.2219,46.58513]},"properties":{"kshId":"32489","name":"Szegvár","county":"Csongrád-Csanád","district":"Szentesi","population":3939}},{"type":"Feature","geometry":{"type":"Point","coordinates":[21.93637,48.05985]},"properties":{"kshId":"31088","name":"Székely","county":"Szabolcs-Szatmár-Bereg","district":"Kemecsei","population":1005}},{"type":"Feature","geometry":{"type":"Point","coordinates":[18.60558,46.04366]},"properties":{"kshId":"16771","name":"Székelyszabar","county":"Baranya","district":"Mohácsi","population":515}},{"type":"Feature","geometry":{"type":"Point","coordinates":[18.41081,47.19102]},"properties":{"kshId":"14827","name":"Székesfehérvár","county":"Fejér","district":"Székesfehérvári","population":95241}},{"type":"Feature","geometry":{"type":"Point","coordinates":[20.53843,46.50697]},"properties":{"kshId":"12265","name":"Székkutas","county":"Csongrád-Csanád","district":"Hódmezővásárhelyi","population":1868}},{"type":"Feature","geometry":{"type":"Point","coordinates":[18.70166,46.34849]},"properties":{"kshId":"22761","name":"Szekszárd","county":"Tolna","district":"Szekszárdi","population":29337}},{"type":"Feature","geometry":{"type":"Point","coordinates":[16.83116,47.31296]},"properties":{"kshId":"33172","name":"Szeleste","county":"Vas","district":"Sárvári","population":634}},{"type":"Feature","geometry":{"type":"Point","coordinates":[20.19733,46.80349]},"properties":{"kshId":"20428","name":"Szelevény","county":"Jász-Nagykun-Szolnok","district":"Kunszentmártoni","population":909}},{"type":"Feature","geometry":{"type":"Point","coordinates":[18.46092,46.0738]},"properties":{"kshId":"16984","name":"Szellő","county":"Baranya","district":"Pécsváradi","population":118}},{"type":"Feature","geometry":{"type":"Point","coordinates":[18.32696,46.00881]},"properties":{"kshId":"09308","name":"Szemely","county":"Baranya","district":"Pécsi","population":453}},{"type":"Feature","geometry":{"type":"Point","coordinates":[16.90673,47.10155]},"properties":{"kshId":"27997","name":"Szemenye","county":"Vas","district":"Vasvári","population":318}},{"type":"Feature","geometry":{"type":"Point","coordinates":[21.10223,48.46469]},"properties":{"kshId":"09830","name":"Szemere","county":"Borsod-Abaúj-Zemplén","district":"Encsi","population":402}},{"type":"Feature","geometry":{"type":"Point","coordinates":[19.10497,47.85539]},"properties":{"kshId":"04507","name":"Szendehely","county":"Nógrád","district":"Rétsági","population":1621}},{"type":"Feature","geometry":{"type":"Point","coordinates":[20.73248,48.403]},"properties":{"kshId":"08077","name":"Szendrő","county":"Borsod-Abaúj-Zemplén","district":"Edelényi","population":3921}},{"type":"Feature","geometry":{"type":"Point","coordinates":[20.74562,48.34078]},"properties":{"kshId":"27456","name":"Szendrőlád","county":"Borsod-Abaúj-Zemplén","district":"Edelényi","population":2275}},{"type":"Feature","geometry":{"type":"Point","coordinates":[17.73191,46.3084]},"properties":{"kshId":"15103","name":"Szenna","county":"Somogy","district":"Kaposvári","population":752}},{"type":"Feature","geometry":{"type":"Point","coordinates":[17.17496,46.2514]},"properties":{"kshId":"11509","name":"Szenta","county":"Somogy","district":"Csurgói","population":320}},{"type":"Feature","geometry":{"type":"Point","coordinates":[17.67399,46.91415]},"properties":{"kshId":"03568","name":"Szentantalfa","county":"Veszprém","district":"Balatonfüredi","population":520}},{"type":"Feature","geometry":{"type":"Point","coordinates":[17.89596,46.31917]},"properties":{"kshId":"25706","name":"Szentbalázs","county":"Somogy","district":"Kaposvári","population":329}},{"type":"Feature","geometry":{"type":"Point","coordinates":[17.56458,46.88645]},"properties":{"kshId":"07092","name":"Szentbékkálla","county":"Veszprém","district":"Tapolcai","population":183}},{"type":"Feature","geometry":{"type":"Point","coordinates":[17.65962,45.87546]},"properties":{"kshId":"32841","name":"Szentborbás","county":"Somogy","district":"Barcsi","population":103}},{"type":"Feature","geometry":{"type":"Point","coordinates":[17.92831,46.00749]},"properties":{"kshId":"32009","name":"Szentdénes","county":"Baranya","district":"Szentlőrinci","population":303}},{"type":"Feature","geometry":{"type":"Point","coordinates":[20.20155,48.06977]},"properties":{"kshId":"13231","name":"Szentdomonkos","county":"Heves","district":"Pétervásárai","population":464}},{"type":"Feature","geometry":{"type":"Point","coordinates":[19.28655,47.96782]},"properties":{"kshId":"09043","name":"Szente","county":"Nógrád","district":"Rétsági","population":285}},{"type":"Feature","geometry":{"type":"Point","coordinates":[17.82374,45.97766]},"properties":{"kshId":"33613","name":"Szentegát","county":"Baranya","district":"Szigetvári","population":320}},{"type":"Feature","geometry":{"type":"Point","coordinates":[19.07605,47.66776]},"properties":{"kshId":"15440","name":"Szentendre","county":"Pest","district":"Szentendrei","population":28483}},{"type":"Feature","geometry":{"type":"Point","coordinates":[20.25664,46.6524]},"properties":{"kshId":"14456","name":"Szentes","county":"Csongrád-Csanád","district":"Szentesi","population":24482}},{"type":"Feature","geometry":{"type":"Point","coordinates":[17.73511,47.11258]},"properties":{"kshId":"07922","name":"Szentgál","county":"Veszprém","district":"Veszprémi","population":2616}},{"type":"Feature","geometry":{"type":"Point","coordinates":[17.88167,46.50129]},"properties":{"kshId":"12973","name":"Szentgáloskér","county":"Somogy","district":"Kaposvári","population":466}},{"type":"Feature","geometry":{"type":"Point","coordinates":[16.27485,46.95285]},"properties":{"kshId":"31583","name":"Szentgotthárd","county":"Vas","district":"Szentgotthárdi","population":8064}},{"type":"Feature","geometry":{"type":"Point","coordinates":[17.13088,46.75692]},"properties":{"kshId":"23126","name":"Szentgyörgyvár","county":"Zala","district":"Keszthelyi","population":371}},{"type":"Feature","geometry":{"type":"Point","coordinates":[16.41078,46.72459]},"properties":{"kshId":"18652","name":"Szentgyörgyvölgy","county":"Zala","district":"Lenti","population":360}},{"type":"Feature","geometry":{"type":"Point","coordinates":[17.28201,47.07298]},"properties":{"kshId":"10065","name":"Szentimrefalva","county":"Veszprém","district":"Sümegi","population":169}},{"type":"Feature","geometry":{"type":"Point","coordinates":[20.66,47.77372]},"properties":{"kshId":"22169","name":"Szentistván","county":"Borsod-Abaúj-Zemplén","district":"Mezőkövesdi","population":2355}},{"type":"Feature","geometry":{"type":"Point","coordinates":[21.02959,48.22326]},"properties":{"kshId":"08484","name":"Szentistvánbaksa","county":"Borsod-Abaúj-Zemplén","district":"Szikszói","population":233}},{"type":"Feature","geometry":{"type":"Point","coordinates":[17.67607,46.93401]},"properties":{"kshId":"11545","name":"Szentjakabfa","county":"Veszprém","district":"Balatonfüredi","population":110}},{"type":"Feature","geometry":{"type":"Point","coordinates":[18.05012,46.17458]},"properties":{"kshId":"09803","name":"Szentkatalin","county":"Baranya","district":"Szentlőrinci","population":97}},{"type":"Feature","geometry":{"type":"Point","coordinates":[19.91807,46.91878]},"properties":{"kshId":"21120","name":"Szentkirály","county":"Bács-Kiskun","district":"Tiszakécskei","population":1877}},{"type":"Feature","geometry":{"type":"Point","coordinates":[17.97053,47.05652]},"properties":{"kshId":"16267","name":"Szentkirályszabadja","county":"Veszprém","district":"Veszprémi","population":2022}},{"type":"Feature","geometry":{"type":"Point","coordinates":[16.76151,46.67989]},"properties":{"kshId":"03124","name":"Szentkozmadombja","county":"Zala","district":"Zalaegerszegi","population":82}},{"type":"Feature","geometry":{"type":"Point","coordinates":[17.83635,46.15731]},"properties":{"kshId":"16355","name":"Szentlászló","county":"Baranya","district":"Szigetvári","population":730}},{"type":"Feature","geometry":{"type":"Point","coordinates":[16.82266,46.57967]},"properties":{"kshId":"08615","name":"Szentliszló","county":"Zala","district":"Letenyei","population":259}},{"type":"Feature","geometry":{"type":"Point","coordinates":[17.98891,46.04156]},"properties":{"kshId":"15866","name":"Szentlőrinc","county":"Baranya","district":"Szentlőrinci","population":5899}},{"type":"Feature","geometry":{"type":"Point","coordinates":[19.75584,47.52203]},"properties":{"kshId":"07542","name":"Szentlőrinckáta","county":"Pest","district":"Nagykátai","population":1875}},{"type":"Feature","geometry":{"type":"Point","coordinates":[16.66079,46.49631]},"properties":{"kshId":"14225","name":"Szentmargitfalva","county":"Zala","district":"Letenyei","population":78}},{"type":"Feature","geometry":{"type":"Point","coordinates":[19.69165,47.44409]},"properties":{"kshId":"28653","name":"Szentmártonkáta","county":"Pest","district":"Nagykátai","population":4947}},{"type":"Feature","geometry":{"type":"Point","coordinates":[16.47888,47.09444]},"properties":{"kshId":"21254","name":"Szentpéterfa","county":"Vas","district":"Szombathelyi","population":950}},{"type":"Feature","geometry":{"type":"Point","coordinates":[16.75747,46.6155]},"properties":{"kshId":"30067","name":"Szentpéterfölde","county":"Zala","district":"Zalaegerszegi","population":107}},{"type":"Feature","geometry":{"type":"Point","coordinates":[21.6204,47.23658]},"properties":{"kshId":"19099","name":"Szentpéterszeg","county":"Hajdú-Bihar","district":"Berettyóújfalui","population":967}},{"type":"Feature","geometry":{"type":"Point","coordinates":[17.0384,46.75838]},"properties":{"kshId":"11165","name":"Szentpéterúr","county":"Zala","district":"Zalaegerszegi","population":926}},{"type":"Feature","geometry":{"type":"Point","coordinates":[17.37018,46.46262]},"properties":{"kshId":"30146","name":"Szenyér","county":"Somogy","district":"Marcali","population":284}},{"type":"Feature","geometry":{"type":"Point","coordinates":[16.89948,46.43354]},"properties":{"kshId":"07700","name":"Szepetnek","county":"Zala","district":"Nagykanizsai","population":1435}},{"type":"Feature","geometry":{"type":"Point","coordinates":[17.55474,47.46193]},"properties":{"kshId":"03887","name":"Szerecseny","county":"Győr-Moson-Sopron","district":"Téti","population":834}},{"type":"Feature","geometry":{"type":"Point","coordinates":[18.87957,46.1455]},"properties":{"kshId":"28820","name":"Szeremle","county":"Bács-Kiskun","district":"Bajai","population":1225}},{"type":"Feature","geometry":{"type":"Point","coordinates":[21.20109,48.16339]},"properties":{"kshId":"30739","name":"Szerencs","county":"Borsod-Abaúj-Zemplén","district":"Szerencsi","population":8300}},{"type":"Feature","geometry":{"type":"Point","coordinates":[21.14102,47.22743]},"properties":{"kshId":"33437","name":"Szerep","county":"Hajdú-Bihar","district":"Püspökladányi","population":1437}},{"type":"Feature","geometry":{"type":"Point","coordinates":[17.26828,47.32864]},"properties":{"kshId":"27793","name":"Szergény","county":"Vas","district":"Celldömölki","population":252}},{"type":"Feature","geometry":{"type":"Point","coordinates":[18.94917,47.13056]},"properties":{"kshId":"26259","name":"Szigetbecse","county":"Pest","district":"Ráckevei","population":1429}},{"type":"Feature","geometry":{"type":"Point","coordinates":[18.96727,47.26715]},"properties":{"kshId":"07870","name":"Szigetcsép","county":"Pest","district":"Ráckevei","population":2821}},{"type":"Feature","geometry":{"type":"Point","coordinates":[19.00019,47.32451]},"properties":{"kshId":"13277","name":"Szigethalom","county":"Pest","district":"Szigetszentmiklósi","population":18382}},{"type":"Feature","geometry":{"type":"Point","coordinates":[19.10095,47.68967]},"properties":{"kshId":"26213","name":"Szigetmonostor","county":"Pest","district":"Szentendrei","population":2991}},{"type":"Feature","geometry":{"type":"Point","coordinates":[18.95761,47.22861]},"properties":{"kshId":"15185","name":"Szigetszentmárton","county":"Pest","district":"Ráckevei","population":2659}},{"type":"Feature","geometry":{"type":"Point","coordinates":[19.04524,47.34871]},"properties":{"kshId":"28954","name":"Szigetszentmiklós","county":"Pest","district":"Szigetszentmiklósi","population":40132}},{"type":"Feature","geometry":{"type":"Point","coordinates":[18.92354,47.23321]},"properties":{"kshId":"22114","name":"Szigetújfalu","county":"Pest","district":"Ráckevei","population":2139}},{"type":"Feature","geometry":{"type":"Point","coordinates":[17.79935,46.04744]},"properties":{"kshId":"26578","name":"Szigetvár","county":"Baranya","district":"Szigetvári","population":9383}},{"type":"Feature","geometry":{"type":"Point","coordinates":[17.43323,46.80145]},"properties":{"kshId":"24891","name":"Szigliget","county":"Veszprém","district":"Tapolcai","population":849}},{"type":"Feature","geometry":{"type":"Point","coordinates":[20.48159,47.77484]},"properties":{"kshId":"11013","name":"Szihalom","county":"Heves","district":"Füzesabonyi","population":2016}},{"type":"Feature","geometry":{"type":"Point","coordinates":[16.43737,46.63294]},"properties":{"kshId":"26161","name":"Szijártóháza","county":"Zala","district":"Lenti","population":50}},{"type":"Feature","geometry":{"type":"Point","coordinates":[20.9275,48.20152]},"properties":{"kshId":"21351","name":"Szikszó","county":"Borsod-Abaúj-Zemplén","district":"Szikszói","population":5415}},{"type":"Feature","geometry":{"type":"Point","coordinates":[17.23196,47.50132]},"properties":{"kshId":"19266","name":"Szil","county":"Győr-Moson-Sopron","district":"Csornai","population":1295}},{"type":"Feature","geometry":{"type":"Point","coordinates":[18.40608,46.10204]},"properties":{"kshId":"19831","name":"Szilágy","county":"Baranya","district":"Pécsi","population":277}},{"type":"Feature","geometry":{"type":"Point","coordinates":[20.02236,48.11834]},"properties":{"kshId":"07959","name":"Szilaspogony","county":"Nógrád","district":"Salgótarjáni","population":320}},{"type":"Feature","geometry":{"type":"Point","coordinates":[17.25533,47.53798]},"properties":{"kshId":"03364","name":"Szilsárkány","county":"Győr-Moson-Sopron","district":"Csornai","population":675}},{"type":"Feature","geometry":{"type":"Point","coordinates":[16.62759,46.73363]},"properties":{"kshId":"17853","name":"Szilvágy","county":"Zala","district":"Lenti","population":187}},{"type":"Feature","geometry":{"type":"Point","coordinates":[18.20038,45.96169]},"properties":{"kshId":"24712","name":"Szilvás","county":"Baranya","district":"Pécsi","population":130}},{"type":"Feature","geometry":{"type":"Point","coordinates":[20.38713,48.10334]},"properties":{"kshId":"05643","name":"Szilvásvárad","county":"Heves","district":"Bélapátfalvai","population":1379}},{"type":"Feature","geometry":{"type":"Point","coordinates":[17.72383,46.26834]},"properties":{"kshId":"32461","name":"Szilvásszentmárton","county":"Somogy","district":"Kaposvári","population":172}},{"type":"Feature","geometry":{"type":"Point","coordinates":[20.6606,48.49695]},"properties":{"kshId":"20871","name":"Szin","county":"Borsod-Abaúj-Zemplén","district":"Edelényi","population":753}},{"type":"Feature","geometry":{"type":"Point","coordinates":[20.62446,48.4836]},"properties":{"kshId":"11493","name":"Szinpetri","county":"Borsod-Abaúj-Zemplén","district":"Edelényi","population":189}},{"type":"Feature","geometry":{"type":"Point","coordinates":[19.5301,47.82855]},"properties":{"kshId":"21634","name":"Szirák","county":"Nógrád","district":"Pásztói","population":1093}},{"type":"Feature","geometry":{"type":"Point","coordinates":[20.79597,48.15406]},"properties":{"kshId":"09496","name":"Szirmabesenyő","county":"Borsod-Abaúj-Zemplén","district":"Miskolci","population":4331}},{"type":"Feature","geometry":{"type":"Point","coordinates":[18.87113,47.81829]},"properties":{"kshId":"24916","name":"Szob","county":"Pest","district":"Szobi","population":2488}},{"type":"Feature","geometry":{"type":"Point","coordinates":[19.00611,47.868]},"properties":{"kshId":"06947","name":"Szokolya","county":"Pest","district":"Szobi","population":1919}},{"type":"Feature","geometry":{"type":"Point","coordinates":[17.83953,46.78653]},"properties":{"kshId":"15194","name":"Szólád","county":"Somogy","district":"Siófoki","population":516}},{"type":"Feature","geometry":{"type":"Point","coordinates":[20.19463,47.17538]},"properties":{"kshId":"27854","name":"Szolnok","county":"Jász-Nagykun-Szolnok","district":"Szolnoki","population":65564}},{"type":"Feature","geometry":{"type":"Point","coordinates":[16.61876,47.22912]},"properties":{"kshId":"03009","name":"Szombathely","county":"Vas","district":"Szombathelyi","population":76918}},{"type":"Feature","geometry":{"type":"Point","coordinates":[18.34235,47.68249]},"properties":{"kshId":"22619","name":"Szomód","county":"Komárom-Esztergom","district":"Tatai","population":2347}},{"type":"Feature","geometry":{"type":"Point","coordinates":[20.49387,47.89235]},"properties":{"kshId":"18892","name":"Szomolya","county":"Borsod-Abaúj-Zemplén","district":"Mezőkövesdi","population":1469}},{"type":"Feature","geometry":{"type":"Point","coordinates":[18.66418,47.59192]},"properties":{"kshId":"21421","name":"Szomor","county":"Komárom-Esztergom","district":"Tatabányai","population":1092}},{"type":"Feature","geometry":{"type":"Point","coordinates":[21.36858,47.9886]},"properties":{"kshId":"34388","name":"Szorgalmatos","county":"Szabolcs-Szatmár-Bereg","district":"Tiszavasvári","population":719}},{"type":"Feature","geometry":{"type":"Point","coordinates":[18.02335,46.60149]},"properties":{"kshId":"05193","name":"Szorosad","county":"Somogy","district":"Tabi","population":92}},{"type":"Feature","geometry":{"type":"Point","coordinates":[17.51329,47.02217]},"properties":{"kshId":"16692","name":"Szőc","county":"Veszprém","district":"Ajkai","population":457}},{"type":"Feature","geometry":{"type":"Point","coordinates":[16.56983,46.88786]},"properties":{"kshId":"19521","name":"Szőce","county":"Vas","district":"Körmendi","population":333}},{"type":"Feature","geometry":{"type":"Point","coordinates":[19.18195,47.71917]},"properties":{"kshId":"12690","name":"Sződ","county":"Pest","district":"Váci","population":3473}},{"type":"Feature","geometry":{"type":"Point","coordinates":[19.14732,47.72997]},"properties":{"kshId":"28866","name":"Sződliget","county":"Pest","district":"Váci","population":4915}},{"type":"Feature","geometry":{"type":"Point","coordinates":[20.6743,48.52368]},"properties":{"kshId":"16179","name":"Szögliget","county":"Borsod-Abaúj-Zemplén","district":"Edelényi","population":516}},{"type":"Feature","geometry":{"type":"Point","coordinates":[18.18694,45.96057]},"properties":{"kshId":"22211","name":"Szőke","county":"Baranya","district":"Pécsi","population":120}},{"type":"Feature","geometry":{"type":"Point","coordinates":[18.28896,45.96294]},"properties":{"kshId":"07694","name":"Szőkéd","county":"Baranya","district":"Pécsi","population":351}},{"type":"Feature","geometry":{"type":"Point","coordinates":[17.2493,46.55467]},"properties":{"kshId":"05810","name":"Szőkedencs","county":"Somogy","district":"Marcali","population":280}},{"type":"Feature","geometry":{"type":"Point","coordinates":[20.62668,48.4438]},"properties":{"kshId":"07889","name":"Szőlősardó","county":"Borsod-Abaúj-Zemplén","district":"Edelényi","population":101}},{"type":"Feature","geometry":{"type":"Point","coordinates":[17.6756,46.70802]},"properties":{"kshId":"11101","name":"Szőlősgyörök","county":"Somogy","district":"Fonyódi","population":1205}},{"type":"Feature","geometry":{"type":"Point","coordinates":[17.68269,45.96824]},"properties":{"kshId":"05528","name":"Szörény","county":"Baranya","district":"Szigetvári","population":80}},{"type":"Feature","geometry":{"type":"Point","coordinates":[20.24949,48.04785]},"properties":{"kshId":"13523","name":"Szúcs","county":"Heves","district":"Egri","population":346}},{"type":"Feature","geometry":{"type":"Point","coordinates":[19.91767,47.97818]},"properties":{"kshId":"28194","name":"Szuha","county":"Nógrád","district":"Bátonyterenyei","population":550}},{"type":"Feature","geometry":{"type":"Point","coordinates":[20.45184,48.40846]},"properties":{"kshId":"03160","name":"Szuhafő","county":"Borsod-Abaúj-Zemplén","district":"Putnoki","population":98}},{"type":"Feature","geometry":{"type":"Point","coordinates":[20.65152,48.28407]},"properties":{"kshId":"11110","name":"Szuhakálló","county":"Borsod-Abaúj-Zemplén","district":"Kazincbarcikai","population":927}},{"type":"Feature","geometry":{"type":"Point","coordinates":[20.67376,48.38385]},"properties":{"kshId":"24606","name":"Szuhogy","county":"Borsod-Abaúj-Zemplén","district":"Edelényi","population":986}},{"type":"Feature","geometry":{"type":"Point","coordinates":[17.81053,46.12426]},"properties":{"kshId":"15404","name":"Szulimán","county":"Baranya","district":"Szigetvári","population":222}},{"type":"Feature","geometry":{"type":"Point","coordinates":[17.5508,46.05054]},"properties":{"kshId":"10986","name":"Szulok","county":"Somogy","district":"Barcsi","population":558}},{"type":"Feature","geometry":{"type":"Point","coordinates":[19.69558,47.85248]},"properties":{"kshId":"19044","name":"Szurdokpüspöki","county":"Nógrád","district":"Pásztói","population":1792}},{"type":"Feature","geometry":{"type":"Point","coordinates":[19.76322,47.80419]},"properties":{"kshId":"09982","name":"Szűcsi","county":"Heves","district":"Hatvani","population":1409}},{"type":"Feature","geometry":{"type":"Point","coordinates":[19.32394,48.03548]},"properties":{"kshId":"18786","name":"Szügy","county":"Nógrád","district":"Balassagyarmati","population":1391}},{"type":"Feature","geometry":{"type":"Point","coordinates":[18.58071,46.09921]},"properties":{"kshId":"11217","name":"Szűr","county":"Baranya","district":"Mohácsi","population":237}},{"type":"Feature","geometry":{"type":"Point","coordinates":[18.03752,46.7351]},"properties":{"kshId":"08590","name":"Tab","county":"Somogy","district":"Tabi","population":3971}},{"type":"Feature","geometry":{"type":"Point","coordinates":[18.62641,47.40646]},"properties":{"kshId":"14465","name":"Tabajd","county":"Fejér","district":"Bicskei","population":973}},{"type":"Feature","geometry":{"type":"Point","coordinates":[19.30772,46.68466]},"properties":{"kshId":"25432","name":"Tabdi","county":"Bács-Kiskun","district":"Kiskőrösi","population":997}},{"type":"Feature","geometry":{"type":"Point","coordinates":[19.48289,47.10435]},"properties":{"kshId":"08332","name":"Táborfalva","county":"Pest","district":"Dabasi","population":3324}},{"type":"Feature","geometry":{"type":"Point","coordinates":[18.40581,47.08295]},"properties":{"kshId":"29267","name":"Tác","county":"Fejér","district":"Székesfehérvári","population":1690}},{"type":"Feature","geometry":{"type":"Point","coordinates":[17.68035,46.90235]},"properties":{"kshId":"17039","name":"Tagyon","county":"Veszprém","district":"Balatonfüredi","population":123}},{"type":"Feature","geometry":{"type":"Point","coordinates":[19.08446,47.75434]},"properties":{"kshId":"31963","name":"Tahitótfalu","county":"Pest","district":"Szentendrei","population":6358}},{"type":"Feature","geometry":{"type":"Point","coordinates":[17.46984,47.4004]},"properties":{"kshId":"13125","name":"Takácsi","county":"Veszprém","district":"Pápai","population":808}},{"type":"Feature","geometry":{"type":"Point","coordinates":[22.42734,48.1539]},"properties":{"kshId":"29911","name":"Tákos","county":"Szabolcs-Szatmár-Bereg","district":"Vásárosnaményi","population":330}},{"type":"Feature","geometry":{"type":"Point","coordinates":[19.06239,47.32998]},"properties":{"kshId":"30720","name":"Taksony","county":"Pest","district":"Szigetszentmiklósi","population":6815}},{"type":"Feature","geometry":{"type":"Point","coordinates":[21.31255,48.06204]},"properties":{"kshId":"03708","name":"Taktabáj","county":"Borsod-Abaúj-Zemplén","district":"Tokaji","population":570}},{"type":"Feature","geometry":{"type":"Point","coordinates":[21.13241,48.08805]},"properties":{"kshId":"18245","name":"Taktaharkány","county":"Borsod-Abaúj-Zemplén","district":"Szerencsi","population":3447}},{"type":"Feature","geometry":{"type":"Point","coordinates":[21.2169,48.05099]},"properties":{"kshId":"28787","name":"Taktakenéz","county":"Borsod-Abaúj-Zemplén","district":"Szerencsi","population":1064}},{"type":"Feature","geometry":{"type":"Point","coordinates":[21.17601,48.11082]},"properties":{"kshId":"03133","name":"Taktaszada","county":"Borsod-Abaúj-Zemplén","district":"Szerencsi","population":1739}},{"type":"Feature","geometry":{"type":"Point","coordinates":[17.5688,46.97945]},"properties":{"kshId":"17321","name":"Taliándörögd","county":"Veszprém","district":"Tapolcai","population":745}},{"type":"Feature","geometry":{"type":"Point","coordinates":[21.2299,48.23537]},"properties":{"kshId":"12210","name":"Tállya","county":"Borsod-Abaúj-Zemplén","district":"Szerencsi","population":1540}},{"type":"Feature","geometry":{"type":"Point","coordinates":[18.28503,46.6294]},"properties":{"kshId":"24563","name":"Tamási","county":"Tolna","district":"Tamási","population":7408}},{"type":"Feature","geometry":{"type":"Point","coordinates":[16.73445,47.18894]},"properties":{"kshId":"16212","name":"Tanakajd","county":"Vas","district":"Szombathelyi","population":787}},{"type":"Feature","geometry":{"type":"Point","coordinates":[17.83203,47.51683]},"properties":{"kshId":"14261","name":"Táp","county":"Győr-Moson-Sopron","district":"Pannonhalmi","population":721}},{"type":"Feature","geometry":{"type":"Point","coordinates":[19.68675,47.36222]},"properties":{"kshId":"15015","name":"Tápióbicske","county":"Pest","district":"Nagykátai","population":3655}},{"type":"Feature","geometry":{"type":"Point","coordinates":[19.94869,47.33716]},"properties":{"kshId":"17303","name":"Tápiógyörgye","county":"Pest","district":"Nagykátai","population":3590}},{"type":"Feature","geometry":{"type":"Point","coordinates":[19.63033,47.39924]},"properties":{"kshId":"09405","name":"Tápióság","county":"Pest","district":"Nagykátai","population":2674}},{"type":"Feature","geometry":{"type":"Point","coordinates":[19.60772,47.45063]},"properties":{"kshId":"31796","name":"Tápiószecső","county":"Pest","district":"Nagykátai","population":6119}},{"type":"Feature","geometry":{"type":"Point","coordinates":[19.87558,47.33206]},"properties":{"kshId":"14146","name":"Tápiószele","county":"Pest","district":"Nagykátai","population":5835}},{"type":"Feature","geometry":{"type":"Point","coordinates":[19.74469,47.34046]},"properties":{"kshId":"14571","name":"Tápiószentmárton","county":"Pest","district":"Nagykátai","population":5717}},{"type":"Feature","geometry":{"type":"Point","coordinates":[19.84112,47.29255]},"properties":{"kshId":"02769","name":"Tápiószőlős","county":"Pest","district":"Ceglédi","population":2870}},{"type":"Feature","geometry":{"type":"Point","coordinates":[16.69673,47.19856]},"properties":{"kshId":"32045","name":"Táplánszentkereszt","county":"Vas","district":"Szombathelyi","population":2583}},{"type":"Feature","geometry":{"type":"Point","coordinates":[17.43896,46.8821]},"properties":{"kshId":"29434","name":"Tapolca","county":"Veszprém","district":"Tapolcai","population":13829}},{"type":"Feature","geometry":{"type":"Point","coordinates":[17.3354,46.45352]},"properties":{"kshId":"24615","name":"Tapsony","county":"Somogy","district":"Marcali","population":577}},{"type":"Feature","geometry":{"type":"Point","coordinates":[17.85103,47.49454]},"properties":{"kshId":"21971","name":"Tápszentmiklós","county":"Győr-Moson-Sopron","district":"Pannonhalmi","population":889}},{"type":"Feature","geometry":{"type":"Point","coordinates":[19.74418,47.95054]},"properties":{"kshId":"32896","name":"Tar","county":"Nógrád","district":"Pásztói","population":1727}},{"type":"Feature","geometry":{"type":"Point","coordinates":[17.30189,46.18325]},"properties":{"kshId":"16735","name":"Tarany","county":"Somogy","district":"Nagyatádi","population":1104}},{"type":"Feature","geometry":{"type":"Point","coordinates":[21.34557,48.12983]},"properties":{"kshId":"21740","name":"Tarcal","county":"Borsod-Abaúj-Zemplén","district":"Tokaji","population":2569}},{"type":"Feature","geometry":{"type":"Point","coordinates":[20.60414,47.87302]},"properties":{"kshId":"08165","name":"Tard","county":"Borsod-Abaúj-Zemplén","district":"Mezőkövesdi","population":1008}},{"type":"Feature","geometry":{"type":"Point","coordinates":[20.52983,48.16993]},"properties":{"kshId":"14784","name":"Tardona","county":"Borsod-Abaúj-Zemplén","district":"Kazincbarcikai","population":971}},{"type":"Feature","geometry":{"type":"Point","coordinates":[18.44493,47.66339]},"properties":{"kshId":"30225","name":"Tardos","county":"Komárom-Esztergom","district":"Tatai","population":1574}},{"type":"Feature","geometry":{"type":"Point","coordinates":[21.21269,46.81214]},"properties":{"kshId":"33075","name":"Tarhos","county":"Békés","district":"Békési","population":734}},{"type":"Feature","geometry":{"type":"Point","coordinates":[18.50632,47.60881]},"properties":{"kshId":"18935","name":"Tarján","county":"Komárom-Esztergom","district":"Tatabányai","population":2771}},{"type":"Feature","geometry":{"type":"Point","coordinates":[17.78614,47.50532]},"properties":{"kshId":"33914","name":"Tarjánpuszta","county":"Győr-Moson-Sopron","district":"Pannonhalmi","population":428}},{"type":"Feature","geometry":{"type":"Point","coordinates":[18.00178,47.59009]},"properties":{"kshId":"20987","name":"Tárkány","county":"Komárom-Esztergom","district":"Kisbéri","population":1420}},{"type":"Feature","geometry":{"type":"Point","coordinates":[20.22563,47.68444]},"properties":{"kshId":"32966","name":"Tarnabod","county":"Heves","district":"Hevesi","population":718}},{"type":"Feature","geometry":{"type":"Point","coordinates":[20.18059,48.05677]},"properties":{"kshId":"13240","name":"Tarnalelesz","county":"Heves","district":"Pétervásárai","population":1498}},{"type":"Feature","geometry":{"type":"Point","coordinates":[20.15496,47.6523]},"properties":{"kshId":"23348","name":"Tarnaméra","county":"Heves","district":"Hevesi","population":1475}},{"type":"Feature","geometry":{"type":"Point","coordinates":[20.05299,47.59511]},"properties":{"kshId":"14128","name":"Tarnaörs","county":"Heves","district":"Hevesi","population":1828}},{"type":"Feature","geometry":{"type":"Point","coordinates":[20.20225,47.87887]},"properties":{"kshId":"09052","name":"Tarnaszentmária","county":"Heves","district":"Egri","population":213}},{"type":"Feature","geometry":{"type":"Point","coordinates":[20.38094,47.52872]},"properties":{"kshId":"16160","name":"Tarnaszentmiklós","county":"Heves","district":"Hevesi","population":738}},{"type":"Feature","geometry":{"type":"Point","coordinates":[20.16164,47.67701]},"properties":{"kshId":"17163","name":"Tarnazsadány","county":"Heves","district":"Hevesi","population":1205}},{"type":"Feature","geometry":{"type":"Point","coordinates":[18.86601,47.36686]},"properties":{"kshId":"04154","name":"Tárnok","county":"Pest","district":"Érdi","population":10548}},{"type":"Feature","geometry":{"type":"Point","coordinates":[17.30733,47.72178]},"properties":{"kshId":"04172","name":"Tárnokréti","county":"Győr-Moson-Sopron","district":"Csornai","population":166}},{"type":"Feature","geometry":{"type":"Point","coordinates":[22.52905,48.10312]},"properties":{"kshId":"04312","name":"Tarpa","county":"Szabolcs-Szatmár-Bereg","district":"Vásárosnaményi","population":2184}},{"type":"Feature","geometry":{"type":"Point","coordinates":[18.14201,46.28131]},"properties":{"kshId":"15635","name":"Tarrós","county":"Baranya","district":"Hegyháti","population":92}},{"type":"Feature","geometry":{"type":"Point","coordinates":[17.52149,46.61591]},"properties":{"kshId":"13693","name":"Táska","county":"Somogy","district":"Marcali","population":332}},{"type":"Feature","geometry":{"type":"Point","coordinates":[19.03218,47.02005]},"properties":{"kshId":"20525","name":"Tass","county":"Bács-Kiskun","district":"Kunszentmiklósi","population":2836}},{"type":"Feature","geometry":{"type":"Point","coordinates":[17.90515,46.37363]},"properties":{"kshId":"04932","name":"Taszár","county":"Somogy","district":"Kaposvári","population":1718}},{"type":"Feature","geometry":{"type":"Point","coordinates":[18.65437,47.7398]},"properties":{"kshId":"08758","name":"Tát","county":"Komárom-Esztergom","district":"Esztergomi","population":5116}},{"type":"Feature","geometry":{"type":"Point","coordinates":[18.32821,47.65162]},"properties":{"kshId":"20127","name":"Tata","county":"Komárom-Esztergom","district":"Tatai","population":23663}},{"type":"Feature","geometry":{"type":"Point","coordinates":[18.39799,47.58384]},"properties":{"kshId":"18157","name":"Tatabánya","county":"Komárom-Esztergom","district":"Tatabányai","population":64785}},{"type":"Feature","geometry":{"type":"Point","coordinates":[19.30123,46.17534]},"properties":{"kshId":"14544","name":"Tataháza","county":"Bács-Kiskun","district":"Bácsalmási","population":1054}},{"type":"Feature","geometry":{"type":"Point","coordinates":[19.3695,47.08234]},"properties":{"kshId":"27386","name":"Tatárszentgyörgy","county":"Pest","district":"Dabasi","population":1855}},{"type":"Feature","geometry":{"type":"Point","coordinates":[19.51391,46.54905]},"properties":{"kshId":"24998","name":"Tázlár","county":"Bács-Kiskun","district":"Kiskőrösi","population":1655}},{"type":"Feature","geometry":{"type":"Point","coordinates":[21.67463,47.71569]},"properties":{"kshId":"23214","name":"Téglás","county":"Hajdú-Bihar","district":"Hajdúhadházi","population":6304}},{"type":"Feature","geometry":{"type":"Point","coordinates":[17.12271,46.95995]},"properties":{"kshId":"24703","name":"Tekenye","county":"Zala","district":"Zalaszentgróti","population":408}},{"type":"Feature","geometry":{"type":"Point","coordinates":[18.1744,46.28687]},"properties":{"kshId":"27702","name":"Tékes","county":"Baranya","district":"Hegyháti","population":188}},{"type":"Feature","geometry":{"type":"Point","coordinates":[17.72827,45.94974]},"properties":{"kshId":"32072","name":"Teklafalu","county":"Baranya","district":"Szigetvári","population":316}},{"type":"Feature","geometry":{"type":"Point","coordinates":[16.76975,46.94481]},"properties":{"kshId":"29568","name":"Telekes","county":"Vas","district":"Vasvári","population":424}},{"type":"Feature","geometry":{"type":"Point","coordinates":[20.94961,46.65652]},"properties":{"kshId":"12681","name":"Telekgerendás","county":"Békés","district":"Békéscsabai","population":1395}},{"type":"Feature","geometry":{"type":"Point","coordinates":[17.82458,46.77251]},"properties":{"kshId":"23968","name":"Teleki","county":"Somogy","district":"Siófoki","population":187}},{"type":"Feature","geometry":{"type":"Point","coordinates":[18.82066,47.55119]},"properties":{"kshId":"08280","name":"Telki","county":"Pest","district":"Budakeszi","population":4466}},{"type":"Feature","geometry":{"type":"Point","coordinates":[21.35447,48.4856]},"properties":{"kshId":"13763","name":"Telkibánya","county":"Borsod-Abaúj-Zemplén","district":"Gönci","population":557}},{"type":"Feature","geometry":{"type":"Point","coordinates":[18.71085,46.53195]},"properties":{"kshId":"06901","name":"Tengelic","county":"Tolna","district":"Paksi","population":2007}},{"type":"Feature","geometry":{"type":"Point","coordinates":[18.08836,45.92638]},"properties":{"kshId":"13675","name":"Tengeri","county":"Baranya","district":"Sellyei","population":60}},{"type":"Feature","geometry":{"type":"Point","coordinates":[18.09704,46.69942]},"properties":{"kshId":"32416","name":"Tengőd","county":"Somogy","district":"Tabi","population":378}},{"type":"Feature","geometry":{"type":"Point","coordinates":[20.34061,47.65475]},"properties":{"kshId":"14076","name":"Tenk","county":"Heves","district":"Hevesi","population":1080}},{"type":"Feature","geometry":{"type":"Point","coordinates":[17.64562,47.54066]},"properties":{"kshId":"11457","name":"Tényő","county":"Győr-Moson-Sopron","district":"Győri","population":1781}},{"type":"Feature","geometry":{"type":"Point","coordinates":[21.57216,47.31946]},"properties":{"kshId":"31042","name":"Tépe","county":"Hajdú-Bihar","district":"Derecskei","population":1002}},{"type":"Feature","geometry":{"type":"Point","coordinates":[22.27849,47.79785]},"properties":{"kshId":"33358","name":"Terem","county":"Szabolcs-Szatmár-Bereg","district":"Nyírbátori","population":568}},{"type":"Feature","geometry":{"type":"Point","coordinates":[19.44149,47.94551]},"properties":{"kshId":"04844","name":"Terény","county":"Nógrád","district":"Balassagyarmati","population":343}},{"type":"Feature","geometry":{"type":"Point","coordinates":[19.19339,47.94881]},"properties":{"kshId":"24174","name":"Tereske","county":"Nógrád","district":"Rétsági","population":667}},{"type":"Feature","geometry":{"type":"Point","coordinates":[20.60478,48.4464]},"properties":{"kshId":"28635","name":"Teresztenye","county":"Borsod-Abaúj-Zemplén","district":"Edelényi","population":22}},{"type":"Feature","geometry":{"type":"Point","coordinates":[20.15091,47.97256]},"properties":{"kshId":"12229","name":"Terpes","county":"Heves","district":"Pétervásárai","population":205}},{"type":"Feature","geometry":{"type":"Point","coordinates":[18.03049,47.25786]},"properties":{"kshId":"20570","name":"Tés","county":"Veszprém","district":"Várpalotai","population":796}},{"type":"Feature","geometry":{"type":"Point","coordinates":[18.84168,48.03304]},"properties":{"kshId":"19248","name":"Tésa","county":"Pest","district":"Szobi","population":87}},{"type":"Feature","geometry":{"type":"Point","coordinates":[18.11809,45.81293]},"properties":{"kshId":"32744","name":"Tésenfa","county":"Baranya","district":"Siklósi","population":145}},{"type":"Feature","geometry":{"type":"Point","coordinates":[18.04898,45.94915]},"properties":{"kshId":"20978","name":"Téseny","county":"Baranya","district":"Sellyei","population":297}},{"type":"Feature","geometry":{"type":"Point","coordinates":[16.77814,46.85271]},"properties":{"kshId":"08828","name":"Teskánd","county":"Zala","district":"Zalaegerszegi","population":1254}},{"type":"Feature","geometry":{"type":"Point","coordinates":[17.51667,47.51595]},"properties":{"kshId":"19035","name":"Tét","county":"Győr-Moson-Sopron","district":"Téti","population":4205}},{"type":"Feature","geometry":{"type":"Point","coordinates":[21.3041,47.31368]},"properties":{"kshId":"19691","name":"Tetétlen","county":"Hajdú-Bihar","district":"Püspökladányi","population":1231}},{"type":"Feature","geometry":{"type":"Point","coordinates":[18.45557,46.41248]},"properties":{"kshId":"31459","name":"Tevel","county":"Tolna","district":"Bonyhádi","population":1202}},{"type":"Feature","geometry":{"type":"Point","coordinates":[20.63755,47.92077]},"properties":{"kshId":"30447","name":"Tibolddaróc","county":"Borsod-Abaúj-Zemplén","district":"Mezőkövesdi","population":1179}},{"type":"Feature","geometry":{"type":"Point","coordinates":[22.40792,47.81493]},"properties":{"kshId":"08952","name":"Tiborszállás","county":"Szabolcs-Szatmár-Bereg","district":"Mátészalkai","population":848}},{"type":"Feature","geometry":{"type":"Point","coordinates":[17.8873,46.91434]},"properties":{"kshId":"30465","name":"Tihany","county":"Veszprém","district":"Balatonfüredi","population":1330}},{"type":"Feature","geometry":{"type":"Point","coordinates":[17.28804,46.63558]},"properties":{"kshId":"17844","name":"Tikos","county":"Somogy","district":"Marcali","population":135}},{"type":"Feature","geometry":{"type":"Point","coordinates":[17.04749,46.80547]},"properties":{"kshId":"27951","name":"Tilaj","county":"Zala","district":"Zalaegerszegi","population":190}},{"type":"Feature","geometry":{"type":"Point","coordinates":[21.46107,48.15432]},"properties":{"kshId":"24475","name":"Timár","county":"Szabolcs-Szatmár-Bereg","district":"Nyíregyházi","population":1160}},{"type":"Feature","geometry":{"type":"Point","coordinates":[18.77789,47.62089]},"properties":{"kshId":"07108","name":"Tinnye","county":"Pest","district":"Pilisvörösvári","population":1950}},{"type":"Feature","geometry":{"type":"Point","coordinates":[22.28893,48.22345]},"properties":{"kshId":"09423","name":"Tiszaadony","county":"Szabolcs-Szatmár-Bereg","district":"Vásárosnaményi","population":570}},{"type":"Feature","geometry":{"type":"Point","coordinates":[19.98931,46.82196]},"properties":{"kshId":"24545","name":"Tiszaalpár","county":"Bács-Kiskun","district":"Tiszakécskei","population":4767}},{"type":"Feature","geometry":{"type":"Point","coordinates":[20.81177,47.68677]},"properties":{"kshId":"02291","name":"Tiszabábolna","county":"Borsod-Abaúj-Zemplén","district":"Mezőkövesdi","population":259}},{"type":"Feature","geometry":{"type":"Point","coordinates":[22.81838,48.09799]},"properties":{"kshId":"17817","name":"Tiszabecs","county":"Szabolcs-Szatmár-Bereg","district":"Fehérgyarmati","population":1055}},{"type":"Feature","geometry":{"type":"Point","coordinates":[21.64939,48.15652]},"properties":{"kshId":"03850","name":"Tiszabercel","county":"Szabolcs-Szatmár-Bereg","district":"Ibrányi","population":1731}},{"type":"Feature","geometry":{"type":"Point","coordinates":[22.15311,48.36213]},"properties":{"kshId":"20172","name":"Tiszabezdéd","county":"Szabolcs-Szatmár-Bereg","district":"Záhonyi","population":1672}},{"type":"Feature","geometry":{"type":"Point","coordinates":[20.48529,47.30902]},"properties":{"kshId":"10773","name":"Tiszabő","county":"Jász-Nagykun-Szolnok","district":"Kunhegyesi","population":2239}},{"type":"Feature","geometry":{"type":"Point","coordinates":[20.45778,47.44664]},"properties":{"kshId":"22770","name":"Tiszabura","county":"Jász-Nagykun-Szolnok","district":"Kunhegyesi","population":3078}},{"type":"Feature","geometry":{"type":"Point","coordinates":[22.7446,48.10966]},"properties":{"kshId":"24448","name":"Tiszacsécse","county":"Szabolcs-Szatmár-Bereg","district":"Fehérgyarmati","population":210}},{"type":"Feature","geometry":{"type":"Point","coordinates":[20.9936,47.69755]},"properties":{"kshId":"15644","name":"Tiszacsege","county":"Hajdú-Bihar","district":"Balmazújvárosi","population":4237}},{"type":"Feature","geometry":{"type":"Point","coordinates":[21.79261,48.23154]},"properties":{"kshId":"29133","name":"Tiszacsermely","county":"Borsod-Abaúj-Zemplén","district":"Cigándi","population":412}},{"type":"Feature","geometry":{"type":"Point","coordinates":[21.2366,48.03082]},"properties":{"kshId":"06433","name":"Tiszadada","county":"Szabolcs-Szatmár-Bereg","district":"Tiszavasvári","population":2024}},{"type":"Feature","geometry":{"type":"Point","coordinates":[20.64235,47.51305]},"properties":{"kshId":"16230","name":"Tiszaderzs","county":"Jász-Nagykun-Szolnok","district":"Tiszafüredi","population":991}},{"type":"Feature","geometry":{"type":"Point","coordinates":[21.16684,48.00948]},"properties":{"kshId":"12593","name":"Tiszadob","county":"Szabolcs-Szatmár-Bereg","district":"Tiszavasvári","population":2502}},{"type":"Feature","geometry":{"type":"Point","coordinates":[20.86277,47.68199]},"properties":{"kshId":"03717","name":"Tiszadorogma","county":"Borsod-Abaúj-Zemplén","district":"Mezőcsáti","population":333}},{"type":"Feature","geometry":{"type":"Point","coordinates":[21.45775,48.03551]},"properties":{"kshId":"09113","name":"Tiszaeszlár","county":"Szabolcs-Szatmár-Bereg","district":"Tiszavasvári","population":2343}},{"type":"Feature","geometry":{"type":"Point","coordinates":[20.25412,46.98035]},"properties":{"kshId":"13815","name":"Tiszaföldvár","county":"Jász-Nagykun-Szolnok","district":"Kunszentmártoni","population":9778}},{"type":"Feature","geometry":{"type":"Point","coordinates":[20.75023,47.61309]},"properties":{"kshId":"29726","name":"Tiszafüred","county":"Jász-Nagykun-Szolnok","district":"Tiszafüredi","population":10628}},{"type":"Feature","geometry":{"type":"Point","coordinates":[20.50845,47.38423]},"properties":{"kshId":"30304","name":"Tiszagyenda","county":"Jász-Nagykun-Szolnok","district":"Kunhegyesi","population":916}},{"type":"Feature","geometry":{"type":"Point","coordinates":[21.14295,47.94299]},"properties":{"kshId":"30845","name":"Tiszagyulaháza","county":"Hajdú-Bihar","district":"Hajdúnánási","population":659}},{"type":"Feature","geometry":{"type":"Point","coordinates":[20.80037,47.53532]},"properties":{"kshId":"28699","name":"Tiszaigar","county":"Jász-Nagykun-Szolnok","district":"Tiszafüredi","population":694}},{"type":"Feature","geometry":{"type":"Point","coordinates":[20.15225,46.9061]},"properties":{"kshId":"20446","name":"Tiszainoka","county":"Jász-Nagykun-Szolnok","district":"Kunszentmártoni","population":397}},{"type":"Feature","geometry":{"type":"Point","coordinates":[20.14158,47.03118]},"properties":{"kshId":"29346","name":"Tiszajenő","county":"Jász-Nagykun-Szolnok","district":"Szolnoki","population":1450}},{"type":"Feature","geometry":{"type":"Point","coordinates":[21.96194,48.24796]},"properties":{"kshId":"08554","name":"Tiszakanyár","county":"Szabolcs-Szatmár-Bereg","district":"Kisvárdai","population":1467}},{"type":"Feature","geometry":{"type":"Point","coordinates":[21.72002,48.20284]},"properties":{"kshId":"13976","name":"Tiszakarád","county":"Borsod-Abaúj-Zemplén","district":"Cigándi","population":2128}},{"type":"Feature","geometry":{"type":"Point","coordinates":[20.10454,46.93153]},"properties":{"kshId":"30623","name":"Tiszakécske","county":"Bács-Kiskun","district":"Tiszakécskei","population":11654}},{"type":"Feature","geometry":{"type":"Point","coordinates":[22.30009,48.25871]},"properties":{"kshId":"04446","name":"Tiszakerecseny","county":"Szabolcs-Szatmár-Bereg","district":"Vásárosnaményi","population":801}},{"type":"Feature","geometry":{"type":"Point","coordinates":[20.99462,47.78828]},"properties":{"kshId":"13888","name":"Tiszakeszi","county":"Borsod-Abaúj-Zemplén","district":"Mezőcsáti","population":2433}},{"type":"Feature","geometry":{"type":"Point","coordinates":[22.71389,48.10557]},"properties":{"kshId":"08794","name":"Tiszakóród","county":"Szabolcs-Szatmár-Bereg","district":"Fehérgyarmati","population":710}},{"type":"Feature","geometry":{"type":"Point","coordinates":[20.12357,46.88491]},"properties":{"kshId":"30386","name":"Tiszakürt","county":"Jász-Nagykun-Szolnok","district":"Kunszentmártoni","population":1241}},{"type":"Feature","geometry":{"type":"Point","coordinates":[21.41227,48.06407]},"properties":{"kshId":"19381","name":"Tiszaladány","county":"Borsod-Abaúj-Zemplén","district":"Tokaji","population":592}},{"type":"Feature","geometry":{"type":"Point","coordinates":[21.37497,48.01718]},"properties":{"kshId":"23524","name":"Tiszalök","county":"Szabolcs-Szatmár-Bereg","district":"Tiszavasvári","population":5335}},{"type":"Feature","geometry":{"type":"Point","coordinates":[21.06305,48.03459]},"properties":{"kshId":"28398","name":"Tiszalúc","county":"Borsod-Abaúj-Zemplén","district":"Szerencsi","population":4676}},{"type":"Feature","geometry":{"type":"Point","coordinates":[22.22621,48.32198]},"properties":{"kshId":"11907","name":"Tiszamogyorós","county":"Szabolcs-Szatmár-Bereg","district":"Záhonyi","population":595}},{"type":"Feature","geometry":{"type":"Point","coordinates":[21.47052,48.09352]},"properties":{"kshId":"27252","name":"Tiszanagyfalu","county":"Szabolcs-Szatmár-Bereg","district":"Nyíregyházi","population":1685}},{"type":"Feature","geometry":{"type":"Point","coordinates":[20.5293,47.55648]},"properties":{"kshId":"07083","name":"Tiszanána","county":"Heves","district":"Hevesi","population":2298}},{"type":"Feature","geometry":{"type":"Point","coordinates":[20.82013,47.50804]},"properties":{"kshId":"15787","name":"Tiszaörs","county":"Jász-Nagykun-Szolnok","district":"Tiszafüredi","population":1240}},{"type":"Feature","geometry":{"type":"Point","coordinates":[21.05457,47.88647]},"properties":{"kshId":"08633","name":"Tiszapalkonya","county":"Borsod-Abaúj-Zemplén","district":"Tiszaújvárosi","population":1415}},{"type":"Feature","geometry":{"type":"Point","coordinates":[20.3173,47.21453]},"properties":{"kshId":"03373","name":"Tiszapüspöki","county":"Jász-Nagykun-Szolnok","district":"Törökszentmiklósi","population":1988}},{"type":"Feature","geometry":{"type":"Point","coordinates":[21.79996,48.12295]},"properties":{"kshId":"10205","name":"Tiszarád","county":"Szabolcs-Szatmár-Bereg","district":"Kemecsei","population":536}},{"type":"Feature","geometry":{"type":"Point","coordinates":[20.4383,47.398]},"properties":{"kshId":"20181","name":"Tiszaroff","county":"Jász-Nagykun-Szolnok","district":"Kunhegyesi","population":1522}},{"type":"Feature","geometry":{"type":"Point","coordinates":[20.07996,46.82111]},"properties":{"kshId":"21494","name":"Tiszasas","county":"Jász-Nagykun-Szolnok","district":"Kunszentmártoni","population":973}},{"type":"Feature","geometry":{"type":"Point","coordinates":[20.38816,47.38974]},"properties":{"kshId":"17695","name":"Tiszasüly","county":"Jász-Nagykun-Szolnok","district":"Szolnoki","population":1332}},{"type":"Feature","geometry":{"type":"Point","coordinates":[22.31643,48.1858]},"properties":{"kshId":"13541","name":"Tiszaszalka","county":"Szabolcs-Szatmár-Bereg","district":"Vásárosnaményi","population":810}},{"type":"Feature","geometry":{"type":"Point","coordinates":[20.72337,47.4914]},"properties":{"kshId":"22789","name":"Tiszaszentimre","county":"Jász-Nagykun-Szolnok","district":"Tiszafüredi","population":1847}},{"type":"Feature","geometry":{"type":"Point","coordinates":[22.23421,48.3755]},"properties":{"kshId":"27544","name":"Tiszaszentmárton","county":"Szabolcs-Szatmár-Bereg","district":"Záhonyi","population":1059}},{"type":"Feature","geometry":{"type":"Point","coordinates":[20.16227,46.17492]},"properties":{"kshId":"16966","name":"Tiszasziget","county":"Csongrád-Csanád","district":"Szegedi","population":1675}},{"type":"Feature","geometry":{"type":"Point","coordinates":[20.71974,47.55626]},"properties":{"kshId":"07852","name":"Tiszaszőlős","county":"Jász-Nagykun-Szolnok","district":"Tiszafüredi","population":1174}},{"type":"Feature","geometry":{"type":"Point","coordinates":[21.3779,48.04118]},"properties":{"kshId":"30298","name":"Tiszatardos","county":"Borsod-Abaúj-Zemplén","district":"Tokaji","population":244}},{"type":"Feature","geometry":{"type":"Point","coordinates":[21.00105,47.83461]},"properties":{"kshId":"30377","name":"Tiszatarján","county":"Borsod-Abaúj-Zemplén","district":"Mezőcsáti","population":1353}},{"type":"Feature","geometry":{"type":"Point","coordinates":[21.79513,48.19214]},"properties":{"kshId":"14447","name":"Tiszatelek","county":"Szabolcs-Szatmár-Bereg","district":"Ibrányi","population":1234}},{"type":"Feature","geometry":{"type":"Point","coordinates":[20.37976,47.13599]},"properties":{"kshId":"09627","name":"Tiszatenyő","county":"Jász-Nagykun-Szolnok","district":"Törökszentmiklósi","population":1488}},{"type":"Feature","geometry":{"type":"Point","coordinates":[20.05794,46.85169]},"properties":{"kshId":"14094","name":"Tiszaug","county":"Bács-Kiskun","district":"Tiszakécskei","population":901}},{"type":"Feature","geometry":{"type":"Point","coordinates":[21.04671,47.92803]},"properties":{"kshId":"28352","name":"Tiszaújváros","county":"Borsod-Abaúj-Zemplén","district":"Tiszaújvárosi","population":14060}},{"type":"Feature","geometry":{"type":"Point","coordinates":[20.75046,47.68956]},"properties":{"kshId":"10977","name":"Tiszavalk","county":"Borsod-Abaúj-Zemplén","district":"Mezőkövesdi","population":287}},{"type":"Feature","geometry":{"type":"Point","coordinates":[20.18106,47.06463]},"properties":{"kshId":"31866","name":"Tiszavárkony","county":"Jász-Nagykun-Szolnok","district":"Szolnoki","population":1467}},{"type":"Feature","geometry":{"type":"Point","coordinates":[21.36805,47.95662]},"properties":{"kshId":"07597","name":"Tiszavasvári","county":"Szabolcs-Szatmár-Bereg","district":"Tiszavasvári","population":12238}},{"type":"Feature","geometry":{"type":"Point","coordinates":[22.29742,48.19501]},"properties":{"kshId":"33747","name":"Tiszavid","county":"Szabolcs-Szatmár-Bereg","district":"Vásárosnaményi","population":499}},{"type":"Feature","geometry":{"type":"Point","coordinates":[22.79212,47.95651]},"properties":{"kshId":"27261","name":"Tisztaberek","county":"Szabolcs-Szatmár-Bereg","district":"Fehérgyarmati","population":580}},{"type":"Feature","geometry":{"type":"Point","coordinates":[22.51249,48.06531]},"properties":{"kshId":"20260","name":"Tivadar","county":"Szabolcs-Szatmár-Bereg","district":"Fehérgyarmati","population":171}},{"type":"Feature","geometry":{"type":"Point","coordinates":[19.66372,47.50956]},"properties":{"kshId":"21467","name":"Tóalmás","county":"Pest","district":"Nagykátai","population":4066}},{"type":"Feature","geometry":{"type":"Point","coordinates":[20.23818,47.7764]},"properties":{"kshId":"09964","name":"Tófalu","county":"Heves","district":"Füzesabonyi","population":532}},{"type":"Feature","geometry":{"type":"Point","coordinates":[16.79865,46.66948]},"properties":{"kshId":"05342","name":"Tófej","county":"Zala","district":"Zalaegerszegi","population":647}},{"type":"Feature","geometry":{"type":"Point","coordinates":[18.35897,46.30957]},"properties":{"kshId":"04048","name":"Tófű","county":"Baranya","district":"Komlói","population":95}},{"type":"Feature","geometry":{"type":"Point","coordinates":[21.41139,48.12355]},"properties":{"kshId":"18306","name":"Tokaj","county":"Borsod-Abaúj-Zemplén","district":"Tokaji","population":3649}},{"type":"Feature","geometry":{"type":"Point","coordinates":[18.6593,47.72279]},"properties":{"kshId":"14155","name":"Tokod","county":"Komárom-Esztergom","district":"Esztergomi","population":4255}},{"type":"Feature","geometry":{"type":"Point","coordinates":[18.69267,47.7322]},"properties":{"kshId":"34023","name":"Tokodaltáró","county":"Komárom-Esztergom","district":"Esztergomi","population":2994}},{"type":"Feature","geometry":{"type":"Point","coordinates":[17.0998,47.26979]},"properties":{"kshId":"09229","name":"Tokorcs","county":"Vas","district":"Celldömölki","population":366}},{"type":"Feature","geometry":{"type":"Point","coordinates":[21.44906,48.28278]},"properties":{"kshId":"28051","name":"Tolcsva","county":"Borsod-Abaúj-Zemplén","district":"Sárospataki","population":1463}},{"type":"Feature","geometry":{"type":"Point","coordinates":[21.64138,47.11981]},"properties":{"kshId":"25876","name":"Told","county":"Hajdú-Bihar","district":"Berettyóújfalui","population":286}},{"type":"Feature","geometry":{"type":"Point","coordinates":[19.10908,47.92944]},"properties":{"kshId":"06381","name":"Tolmács","county":"Nógrád","district":"Rétsági","population":702}},{"type":"Feature","geometry":{"type":"Point","coordinates":[18.78877,46.42266]},"properties":{"kshId":"25274","name":"Tolna","county":"Tolna","district":"Tolnai","population":10518}},{"type":"Feature","geometry":{"type":"Point","coordinates":[18.47392,46.71419]},"properties":{"kshId":"11031","name":"Tolnanémedi","county":"Tolna","district":"Tamási","population":918}},{"type":"Feature","geometry":{"type":"Point","coordinates":[20.70367,47.43411]},"properties":{"kshId":"09557","name":"Tomajmonostora","county":"Jász-Nagykun-Szolnok","district":"Kunhegyesi","population":690}},{"type":"Feature","geometry":{"type":"Point","coordinates":[20.88273,48.32736]},"properties":{"kshId":"14890","name":"Tomor","county":"Borsod-Abaúj-Zemplén","district":"Edelényi","population":219}},{"type":"Feature","geometry":{"type":"Point","coordinates":[19.5374,46.20493]},"properties":{"kshId":"28486","name":"Tompa","county":"Bács-Kiskun","district":"Kiskunhalasi","population":3823}},{"type":"Feature","geometry":{"type":"Point","coordinates":[16.88376,47.38056]},"properties":{"kshId":"12335","name":"Tompaládony","county":"Vas","district":"Sárvári","population":325}},{"type":"Feature","geometry":{"type":"Point","coordinates":[18.75273,47.34461]},"properties":{"kshId":"21005","name":"Tordas","county":"Fejér","district":"Martonvásári","population":2324}},{"type":"Feature","geometry":{"type":"Point","coordinates":[16.59201,46.53909]},"properties":{"kshId":"04969","name":"Tormafölde","county":"Zala","district":"Lenti","population":327}},{"type":"Feature","geometry":{"type":"Point","coordinates":[17.99054,46.22914]},"properties":{"kshId":"22424","name":"Tormás","county":"Baranya","district":"Hegyháti","population":228}},{"type":"Feature","geometry":{"type":"Point","coordinates":[16.77623,47.42812]},"properties":{"kshId":"34087","name":"Tormásliget","county":"Vas","district":"Kőszegi","population":312}},{"type":"Feature","geometry":{"type":"Point","coordinates":[20.82021,48.4928]},"properties":{"kshId":"16902","name":"Tornabarakony","county":"Borsod-Abaúj-Zemplén","district":"Edelényi","population":24}},{"type":"Feature","geometry":{"type":"Point","coordinates":[20.61634,48.46251]},"properties":{"kshId":"10375","name":"Tornakápolna","county":"Borsod-Abaúj-Zemplén","district":"Edelényi","population":24}},{"type":"Feature","geometry":{"type":"Point","coordinates":[20.78596,48.56011]},"properties":{"kshId":"18801","name":"Tornanádaska","county":"Borsod-Abaúj-Zemplén","district":"Edelényi","population":807}},{"type":"Feature","geometry":{"type":"Point","coordinates":[20.77575,48.52026]},"properties":{"kshId":"27836","name":"Tornaszentandrás","county":"Borsod-Abaúj-Zemplén","district":"Edelényi","population":157}},{"type":"Feature","geometry":{"type":"Point","coordinates":[20.86755,48.52165]},"properties":{"kshId":"30517","name":"Tornaszentjakab","county":"Borsod-Abaúj-Zemplén","district":"Edelényi","population":208}},{"type":"Feature","geometry":{"type":"Point","coordinates":[16.55729,46.51603]},"properties":{"kshId":"32638","name":"Tornyiszentmiklós","county":"Zala","district":"Lenti","population":455}},{"type":"Feature","geometry":{"type":"Point","coordinates":[21.25077,48.52049]},"properties":{"kshId":"29054","name":"Tornyosnémeti","county":"Borsod-Abaúj-Zemplén","district":"Gönci","population":513}},{"type":"Feature","geometry":{"type":"Point","coordinates":[22.17898,48.26709]},"properties":{"kshId":"16957","name":"Tornyospálca","county":"Szabolcs-Szatmár-Bereg","district":"Kisvárdai","population":2221}},{"type":"Feature","geometry":{"type":"Point","coordinates":[16.52971,47.23989]},"properties":{"kshId":"29878","name":"Torony","county":"Vas","district":"Szombathelyi","population":1924}},{"type":"Feature","geometry":{"type":"Point","coordinates":[18.04389,46.76409]},"properties":{"kshId":"10153","name":"Torvaj","county":"Somogy","district":"Tabi","population":207}},{"type":"Feature","geometry":{"type":"Point","coordinates":[20.14746,47.10058]},"properties":{"kshId":"07490","name":"Tószeg","county":"Jász-Nagykun-Szolnok","district":"Szolnoki","population":4218}},{"type":"Feature","geometry":{"type":"Point","coordinates":[20.7366,46.41151]},"properties":{"kshId":"16434","name":"Tótkomlós","county":"Békés","district":"Orosházi","population":5146}},{"type":"Feature","geometry":{"type":"Point","coordinates":[17.71792,46.05233]},"properties":{"kshId":"26994","name":"Tótszentgyörgy","county":"Baranya","district":"Szigetvári","population":127}},{"type":"Feature","geometry":{"type":"Point","coordinates":[16.80392,46.42066]},"properties":{"kshId":"16382","name":"Tótszentmárton","county":"Zala","district":"Letenyei","population":675}},{"type":"Feature","geometry":{"type":"Point","coordinates":[16.79931,46.39946]},"properties":{"kshId":"25113","name":"Tótszerdahely","county":"Zala","district":"Letenyei","population":1044}},{"type":"Feature","geometry":{"type":"Point","coordinates":[17.64205,45.90291]},"properties":{"kshId":"16407","name":"Tótújfalu","county":"Somogy","district":"Barcsi","population":190}},{"type":"Feature","geometry":{"type":"Point","coordinates":[17.78743,47.0083]},"properties":{"kshId":"02714","name":"Tótvázsony","county":"Veszprém","district":"Veszprémi","population":1392}},{"type":"Feature","geometry":{"type":"Point","coordinates":[18.73106,47.56467]},"properties":{"kshId":"24527","name":"Tök","county":"Pest","district":"Budakeszi","population":1591}},{"type":"Feature","geometry":{"type":"Point","coordinates":[18.96324,47.32268]},"properties":{"kshId":"29823","name":"Tököl","county":"Pest","district":"Szigetszentmiklósi","population":11253}},{"type":"Feature","geometry":{"type":"Point","coordinates":[17.73425,47.62694]},"properties":{"kshId":"16674","name":"Töltéstava","county":"Győr-Moson-Sopron","district":"Győri","population":2554}},{"type":"Feature","geometry":{"type":"Point","coordinates":[16.67793,47.36121]},"properties":{"kshId":"05166","name":"Tömörd","county":"Vas","district":"Kőszegi","population":276}},{"type":"Feature","geometry":{"type":"Point","coordinates":[20.04127,46.61551]},"properties":{"kshId":"25900","name":"Tömörkény","county":"Csongrád-Csanád","district":"Csongrádi","population":1595}},{"type":"Feature","geometry":{"type":"Point","coordinates":[18.91303,47.43496]},"properties":{"kshId":"06859","name":"Törökbálint","county":"Pest","district":"Érdi","population":14948}},{"type":"Feature","geometry":{"type":"Point","coordinates":[18.05063,46.60139]},"properties":{"kshId":"20093","name":"Törökkoppány","county":"Somogy","district":"Tabi","population":443}},{"type":"Feature","geometry":{"type":"Point","coordinates":[20.40915,47.17936]},"properties":{"kshId":"27313","name":"Törökszentmiklós","county":"Jász-Nagykun-Szolnok","district":"Törökszentmiklósi","population":18963}},{"type":"Feature","geometry":{"type":"Point","coordinates":[19.93505,47.12085]},"properties":{"kshId":"22008","name":"Törtel","county":"Pest","district":"Ceglédi","population":4212}},{"type":"Feature","geometry":{"type":"Point","coordinates":[18.54139,45.91463]},"properties":{"kshId":"04136","name":"Töttös","county":"Baranya","district":"Bólyi","population":540}},{"type":"Feature","geometry":{"type":"Point","coordinates":[20.4942,48.42643]},"properties":{"kshId":"04914","name":"Trizs","county":"Borsod-Abaúj-Zemplén","district":"Putnoki","population":158}},{"type":"Feature","geometry":{"type":"Point","coordinates":[22.45824,47.97065]},"properties":{"kshId":"13213","name":"Tunyogmatolcs","county":"Szabolcs-Szatmár-Bereg","district":"Fehérgyarmati","population":2295}},{"type":"Feature","geometry":{"type":"Point","coordinates":[19.59494,47.60935]},"properties":{"kshId":"09593","name":"Tura","county":"Pest","district":"Aszódi","population":7701}},{"type":"Feature","geometry":{"type":"Point","coordinates":[22.64582,48.05137]},"properties":{"kshId":"13602","name":"Túristvándi","county":"Szabolcs-Szatmár-Bereg","district":"Fehérgyarmati","population":643}},{"type":"Feature","geometry":{"type":"Point","coordinates":[20.74758,47.10089]},"properties":{"kshId":"28228","name":"Túrkeve","county":"Jász-Nagykun-Szolnok","district":"Mezőtúri","population":7663}},{"type":"Feature","geometry":{"type":"Point","coordinates":[18.23178,45.90383]},"properties":{"kshId":"18582","name":"Túrony","county":"Baranya","district":"Siklósi","population":262}},{"type":"Feature","geometry":{"type":"Point","coordinates":[22.76559,47.97388]},"properties":{"kshId":"08998","name":"Túrricse","county":"Szabolcs-Szatmár-Bereg","district":"Fehérgyarmati","population":546}},{"type":"Feature","geometry":{"type":"Point","coordinates":[22.11866,48.34341]},"properties":{"kshId":"09919","name":"Tuzsér","county":"Szabolcs-Szatmár-Bereg","district":"Záhonyi","population":3194}},{"type":"Feature","geometry":{"type":"Point","coordinates":[17.10459,46.98419]},"properties":{"kshId":"12609","name":"Türje","county":"Zala","district":"Zalaszentgróti","population":1541}},{"type":"Feature","geometry":{"type":"Point","coordinates":[17.31291,47.11844]},"properties":{"kshId":"04631","name":"Tüskevár","county":"Veszprém","district":"Devecseri","population":526}},{"type":"Feature","geometry":{"type":"Point","coordinates":[22.55321,47.85169]},"properties":{"kshId":"31398","name":"Tyukod","county":"Szabolcs-Szatmár-Bereg","district":"Csengeri","population":1799}},{"type":"Feature","geometry":{"type":"Point","coordinates":[18.65989,45.90201]},"properties":{"kshId":"04437","name":"Udvar","county":"Baranya","district":"Mohácsi","population":118}},{"type":"Feature","geometry":{"type":"Point","coordinates":[18.51083,46.59453]},"properties":{"kshId":"21360","name":"Udvari","county":"Tolna","district":"Tamási","population":248}},{"type":"Feature","geometry":{"type":"Point","coordinates":[17.6014,47.31804]},"properties":{"kshId":"24767","name":"Ugod","county":"Veszprém","district":"Pápai","population":1250}},{"type":"Feature","geometry":{"type":"Point","coordinates":[18.55787,47.47854]},"properties":{"kshId":"17482","name":"Újbarok","county":"Fejér","district":"Bicskei","population":485}},{"type":"Feature","geometry":{"type":"Point","coordinates":[21.00378,48.13791]},"properties":{"kshId":"12487","name":"Újcsanálos","county":"Borsod-Abaúj-Zemplén","district":"Miskolci","population":715}},{"type":"Feature","geometry":{"type":"Point","coordinates":[21.86671,48.19511]},"properties":{"kshId":"33659","name":"Újdombrád","county":"Szabolcs-Szatmár-Bereg","district":"Kisvárdai","population":605}},{"type":"Feature","geometry":{"type":"Point","coordinates":[21.68299,47.8009]},"properties":{"kshId":"26611","name":"Újfehértó","county":"Szabolcs-Szatmár-Bereg","district":"Nyíregyházi","population":12129}},{"type":"Feature","geometry":{"type":"Point","coordinates":[19.3841,47.22002]},"properties":{"kshId":"06293","name":"Újhartyán","county":"Pest","district":"Dabasi","population":2914}},{"type":"Feature","geometry":{"type":"Point","coordinates":[21.35341,46.98504]},"properties":{"kshId":"23393","name":"Újiráz","county":"Hajdú-Bihar","district":"Berettyóújfalui","population":451}},{"type":"Feature","geometry":{"type":"Point","coordinates":[18.17335,46.65738]},"properties":{"kshId":"20561","name":"Újireg","county":"Tolna","district":"Tamási","population":233}},{"type":"Feature","geometry":{"type":"Point","coordinates":[22.22427,48.24989]},"properties":{"kshId":"10117","name":"Újkenéz","county":"Szabolcs-Szatmár-Bereg","district":"Kisvárdai","population":910}},{"type":"Feature","geometry":{"type":"Point","coordinates":[16.81451,47.46314]},"properties":{"kshId":"19673","name":"Újkér","county":"Győr-Moson-Sopron","district":"Soproni","population":938}},{"type":"Feature","geometry":{"type":"Point","coordinates":[21.02492,46.59522]},"properties":{"kshId":"02352","name":"Újkígyós","county":"Békés","district":"Békéscsabai","population":4697}},{"type":"Feature","geometry":{"type":"Point","coordinates":[19.44433,47.23229]},"properties":{"kshId":"19682","name":"Újlengyel","county":"Pest","district":"Dabasi","population":1821}},{"type":"Feature","geometry":{"type":"Point","coordinates":[21.87674,47.46246]},"properties":{"kshId":"20419","name":"Újléta","county":"Hajdú-Bihar","district":"Nyíradonyi","population":1006}},{"type":"Feature","geometry":{"type":"Point","coordinates":[20.59855,47.62606]},"properties":{"kshId":"27623","name":"Újlőrincfalva","county":"Heves","district":"Füzesabonyi","population":189}},{"type":"Feature","geometry":{"type":"Point","coordinates":[18.36331,45.93555]},"properties":{"kshId":"06062","name":"Újpetre","county":"Baranya","district":"Siklósi","population":973}},{"type":"Feature","geometry":{"type":"Point","coordinates":[17.20197,47.81071]},"properties":{"kshId":"31839","name":"Újrónafő","county":"Győr-Moson-Sopron","district":"Mosonmagyaróvári","population":836}},{"type":"Feature","geometry":{"type":"Point","coordinates":[19.12084,46.87317]},"properties":{"kshId":"08785","name":"Újsolt","county":"Bács-Kiskun","district":"Kalocsai","population":159}},{"type":"Feature","geometry":{"type":"Point","coordinates":[21.49073,46.81168]},"properties":{"kshId":"24350","name":"Újszalonta","county":"Békés","district":"Sarkadi","population":71}},{"type":"Feature","geometry":{"type":"Point","coordinates":[20.07027,47.28444]},"properties":{"kshId":"15291","name":"Újszász","county":"Jász-Nagykun-Szolnok","district":"Szolnoki","population":5858}},{"type":"Feature","geometry":{"type":"Point","coordinates":[20.18074,46.18695]},"properties":{"kshId":"14924","name":"Újszentiván","county":"Csongrád-Csanád","district":"Szegedi","population":1969}},{"type":"Feature","geometry":{"type":"Point","coordinates":[21.10276,47.72718]},"properties":{"kshId":"32568","name":"Újszentmargita","county":"Hajdú-Bihar","district":"Balmazújvárosi","population":1295}},{"type":"Feature","geometry":{"type":"Point","coordinates":[19.9142,47.26971]},"properties":{"kshId":"17808","name":"Újszilvás","county":"Pest","district":"Ceglédi","population":2635}},{"type":"Feature","geometry":{"type":"Point","coordinates":[19.05829,46.58908]},"properties":{"kshId":"33604","name":"Újtelek","county":"Bács-Kiskun","district":"Kalocsai","population":342}},{"type":"Feature","geometry":{"type":"Point","coordinates":[21.17112,47.91658]},"properties":{"kshId":"11925","name":"Újtikos","county":"Hajdú-Bihar","district":"Hajdúnánási","population":737}},{"type":"Feature","geometry":{"type":"Point","coordinates":[16.98503,46.53639]},"properties":{"kshId":"32197","name":"Újudvar","county":"Zala","district":"Nagykanizsai","population":891}},{"type":"Feature","geometry":{"type":"Point","coordinates":[17.57385,46.43404]},"properties":{"kshId":"07205","name":"Újvárfalva","county":"Somogy","district":"Kaposvári","population":227}},{"type":"Feature","geometry":{"type":"Point","coordinates":[17.21409,47.04374]},"properties":{"kshId":"23010","name":"Ukk","county":"Veszprém","district":"Sümegi","population":278}},{"type":"Feature","geometry":{"type":"Point","coordinates":[16.69403,47.48816]},"properties":{"kshId":"20792","name":"Und","county":"Győr-Moson-Sopron","district":"Soproni","population":331}},{"type":"Feature","geometry":{"type":"Point","coordinates":[18.739,47.64304]},"properties":{"kshId":"27632","name":"Úny","county":"Komárom-Esztergom","district":"Esztergomi","population":711}},{"type":"Feature","geometry":{"type":"Point","coordinates":[20.43717,48.2135]},"properties":{"kshId":"18351","name":"Uppony","county":"Borsod-Abaúj-Zemplén","district":"Ózdi","population":260}},{"type":"Feature","geometry":{"type":"Point","coordinates":[22.60445,47.81972]},"properties":{"kshId":"28981","name":"Ura","county":"Szabolcs-Szatmár-Bereg","district":"Csengeri","population":496}},{"type":"Feature","geometry":{"type":"Point","coordinates":[16.98396,47.37122]},"properties":{"kshId":"21537","name":"Uraiújfalu","county":"Vas","district":"Sárvári","population":822}},{"type":"Feature","geometry":{"type":"Point","coordinates":[18.33458,47.13267]},"properties":{"kshId":"17622","name":"Úrhida","county":"Fejér","district":"Székesfehérvári","population":2710}},{"type":"Feature","geometry":{"type":"Point","coordinates":[19.52449,47.41531]},"properties":{"kshId":"28644","name":"Úri","county":"Pest","district":"Nagykátai","population":2530}},{"type":"Feature","geometry":{"type":"Point","coordinates":[17.64366,47.08247]},"properties":{"kshId":"20853","name":"Úrkút","county":"Veszprém","district":"Ajkai","population":1854}},{"type":"Feature","geometry":{"type":"Point","coordinates":[22.85764,48.07443]},"properties":{"kshId":"31820","name":"Uszka","county":"Szabolcs-Szatmár-Bereg","district":"Fehérgyarmati","population":502}},{"type":"Feature","geometry":{"type":"Point","coordinates":[18.90535,46.56979]},"properties":{"kshId":"16294","name":"Uszód","county":"Bács-Kiskun","district":"Kalocsai","population":816}},{"type":"Feature","geometry":{"type":"Point","coordinates":[17.33818,46.89537]},"properties":{"kshId":"34218","name":"Uzsa","county":"Veszprém","district":"Tapolcai","population":298}},{"type":"Feature","geometry":{"type":"Point","coordinates":[19.84862,46.33714]},"properties":{"kshId":"21412","name":"Üllés","county":"Csongrád-Csanád","district":"Mórahalmi","population":3100}},{"type":"Feature","geometry":{"type":"Point","coordinates":[19.34533,47.38506]},"properties":{"kshId":"12894","name":"Üllő","county":"Pest","district":"Vecsési","population":12693}},{"type":"Feature","geometry":{"type":"Point","coordinates":[19.01343,47.5987]},"properties":{"kshId":"11934","name":"Üröm","county":"Pest","district":"Pilisvörösvári","population":8347}},{"type":"Feature","geometry":{"type":"Point","coordinates":[19.12783,47.77829]},"properties":{"kshId":"24934","name":"Vác","county":"Pest","district":"Váci","population":33871}},{"type":"Feature","geometry":{"type":"Point","coordinates":[19.21459,47.7446]},"properties":{"kshId":"05917","name":"Vácduka","county":"Pest","district":"Váci","population":1831}},{"type":"Feature","geometry":{"type":"Point","coordinates":[19.36566,47.67513]},"properties":{"kshId":"30331","name":"Vácegres","county":"Pest","district":"Aszódi","population":887}},{"type":"Feature","geometry":{"type":"Point","coordinates":[19.25373,47.72701]},"properties":{"kshId":"19886","name":"Váchartyán","county":"Pest","district":"Váci","population":1747}},{"type":"Feature","geometry":{"type":"Point","coordinates":[19.3491,47.70462]},"properties":{"kshId":"05698","name":"Váckisújfalu","county":"Pest","district":"Váci","population":476}},{"type":"Feature","geometry":{"type":"Point","coordinates":[19.2363,47.70944]},"properties":{"kshId":"17668","name":"Vácrátót","county":"Pest","district":"Váci","population":2625}},{"type":"Feature","geometry":{"type":"Point","coordinates":[19.53665,47.57352]},"properties":{"kshId":"09104","name":"Vácszentlászló","county":"Pest","district":"Gödöllői","population":2190}},{"type":"Feature","geometry":{"type":"Point","coordinates":[20.55381,48.27301]},"properties":{"kshId":"07223","name":"Vadna","county":"Borsod-Abaúj-Zemplén","district":"Kazincbarcikai","population":614}},{"type":"Feature","geometry":{"type":"Point","coordinates":[17.12851,47.49906]},"properties":{"kshId":"06239","name":"Vadosfa","county":"Győr-Moson-Sopron","district":"Kapuvári","population":89}},{"type":"Feature","geometry":{"type":"Point","coordinates":[17.21383,47.44523]},"properties":{"kshId":"02237","name":"Vág","county":"Győr-Moson-Sopron","district":"Csornai","population":485}},{"type":"Feature","geometry":{"type":"Point","coordinates":[21.54014,48.42322]},"properties":{"kshId":"29151","name":"Vágáshuta","county":"Borsod-Abaúj-Zemplén","district":"Sátoraljaújhelyi","population":96}},{"type":"Feature","geometry":{"type":"Point","coordinates":[22.17151,47.99907]},"properties":{"kshId":"18591","name":"Vaja","county":"Szabolcs-Szatmár-Bereg","district":"Mátészalkai","population":3368}},{"type":"Feature","geometry":{"type":"Point","coordinates":[21.65427,48.31914]},"properties":{"kshId":"30003","name":"Vajdácska","county":"Borsod-Abaúj-Zemplén","district":"Sárospataki","population":1161}},{"type":"Feature","geometry":{"type":"Point","coordinates":[17.98375,45.8593]},"properties":{"kshId":"28538","name":"Vajszló","county":"Baranya","district":"Sellyei","population":1568}},{"type":"Feature","geometry":{"type":"Point","coordinates":[18.66695,46.71762]},"properties":{"kshId":"02459","name":"Vajta","county":"Fejér","district":"Sárbogárdi","population":774}},{"type":"Feature","geometry":{"type":"Point","coordinates":[18.67765,47.36653]},"properties":{"kshId":"05829","name":"Vál","county":"Fejér","district":"Martonvásári","population":2660}},{"type":"Feature","geometry":{"type":"Point","coordinates":[19.51002,47.56417]},"properties":{"kshId":"17598","name":"Valkó","county":"Pest","district":"Gödöllői","population":2564}},{"type":"Feature","geometry":{"type":"Point","coordinates":[16.80996,46.501]},"properties":{"kshId":"26268","name":"Valkonya","county":"Zala","district":"Letenyei","population":59}},{"type":"Feature","geometry":{"type":"Point","coordinates":[22.38218,47.76416]},"properties":{"kshId":"06938","name":"Vállaj","county":"Szabolcs-Szatmár-Bereg","district":"Mátészalkai","population":904}},{"type":"Feature","geometry":{"type":"Point","coordinates":[17.30237,46.84325]},"properties":{"kshId":"10685","name":"Vállus","county":"Zala","district":"Keszthelyi","population":97}},{"type":"Feature","geometry":{"type":"Point","coordinates":[22.40887,48.19697]},"properties":{"kshId":"27322","name":"Vámosatya","county":"Szabolcs-Szatmár-Bereg","district":"Vásárosnaményi","population":527}},{"type":"Feature","geometry":{"type":"Point","coordinates":[16.97092,47.38982]},"properties":{"kshId":"31051","name":"Vámoscsalád","county":"Vas","district":"Sárvári","population":273}},{"type":"Feature","geometry":{"type":"Point","coordinates":[19.92791,47.68085]},"properties":{"kshId":"14580","name":"Vámosgyörk","county":"Heves","district":"Gyöngyösi","population":1857}},{"type":"Feature","geometry":{"type":"Point","coordinates":[18.78411,47.97747]},"properties":{"kshId":"10737","name":"Vámosmikola","county":"Pest","district":"Szobi","population":1493}},{"type":"Feature","geometry":{"type":"Point","coordinates":[22.68178,47.99213]},"properties":{"kshId":"08934","name":"Vámosoroszi","county":"Szabolcs-Szatmár-Bereg","district":"Fehérgyarmati","population":438}},{"type":"Feature","geometry":{"type":"Point","coordinates":[21.89872,47.52673]},"properties":{"kshId":"08989","name":"Vámospércs","county":"Hajdú-Bihar","district":"Nyíradonyi","population":5086}},{"type":"Feature","geometry":{"type":"Point","coordinates":[21.4493,48.25726]},"properties":{"kshId":"15149","name":"Vámosújfalu","county":"Borsod-Abaúj-Zemplén","district":"Sárospataki","population":680}},{"type":"Feature","geometry":{"type":"Point","coordinates":[17.64869,47.75294]},"properties":{"kshId":"12405","name":"Vámosszabadi","county":"Győr-Moson-Sopron","district":"Győri","population":3093}},{"type":"Feature","geometry":{"type":"Point","coordinates":[21.63936,47.19538]},"properties":{"kshId":"16762","name":"Váncsod","county":"Hajdú-Bihar","district":"Berettyóújfalui","population":993}},{"type":"Feature","geometry":{"type":"Point","coordinates":[19.45139,47.82466]},"properties":{"kshId":"30915","name":"Vanyarc","county":"Nógrád","district":"Pásztói","population":1105}},{"type":"Feature","geometry":{"type":"Point","coordinates":[17.59913,47.38527]},"properties":{"kshId":"21777","name":"Vanyola","county":"Veszprém","district":"Pápai","population":495}},{"type":"Feature","geometry":{"type":"Point","coordinates":[17.74577,45.97443]},"properties":{"kshId":"08138","name":"Várad","county":"Baranya","district":"Szigetvári","population":158}},{"type":"Feature","geometry":{"type":"Point","coordinates":[18.42854,46.26776]},"properties":{"kshId":"32850","name":"Váralja","county":"Tolna","district":"Bonyhádi","population":748}},{"type":"Feature","geometry":{"type":"Point","coordinates":[17.21724,46.43481]},"properties":{"kshId":"09274","name":"Varászló","county":"Somogy","district":"Marcali","population":124}},{"type":"Feature","geometry":{"type":"Point","coordinates":[20.1128,48.05846]},"properties":{"kshId":"27012","name":"Váraszó","county":"Heves","district":"Pétervásárai","population":498}},{"type":"Feature","geometry":{"type":"Point","coordinates":[17.07056,47.83398]},"properties":{"kshId":"18412","name":"Várbalog","county":"Győr-Moson-Sopron","district":"Mosonmagyaróvári","population":425}},{"type":"Feature","geometry":{"type":"Point","coordinates":[20.61929,48.16243]},"properties":{"kshId":"21810","name":"Varbó","county":"Borsod-Abaúj-Zemplén","district":"Miskolci","population":1013}},{"type":"Feature","geometry":{"type":"Point","coordinates":[20.64495,48.46454]},"properties":{"kshId":"10144","name":"Varbóc","county":"Borsod-Abaúj-Zemplén","district":"Edelényi","population":50}},{"type":"Feature","geometry":{"type":"Point","coordinates":[17.74044,46.46164]},"properties":{"kshId":"26781","name":"Várda","county":"Somogy","district":"Kaposvári","population":395}},{"type":"Feature","geometry":{"type":"Point","coordinates":[18.68486,46.24857]},"properties":{"kshId":"09414","name":"Várdomb","county":"Tolna","district":"Szekszárdi","population":1051}},{"type":"Feature","geometry":{"type":"Point","coordinates":[16.76139,46.55536]},"properties":{"kshId":"02529","name":"Várfölde","county":"Zala","district":"Letenyei","population":172}},{"type":"Feature","geometry":{"type":"Point","coordinates":[18.14497,46.24718]},"properties":{"kshId":"28529","name":"Varga","county":"Baranya","district":"Hegyháti","population":87}},{"type":"Feature","geometry":{"type":"Point","coordinates":[18.39711,47.47235]},"properties":{"kshId":"17251","name":"Várgesztes","county":"Komárom-Esztergom","district":"Tatabányai","population":641}},{"type":"Feature","geometry":{"type":"Point","coordinates":[17.31534,47.42922]},"properties":{"kshId":"26204","name":"Várkesző","county":"Veszprém","district":"Pápai","population":144}},{"type":"Feature","geometry":{"type":"Point","coordinates":[18.04543,46.52683]},"properties":{"kshId":"29124","name":"Várong","county":"Tolna","district":"Dombóvári","population":108}},{"type":"Feature","geometry":{"type":"Point","coordinates":[19.76017,46.81634]},"properties":{"kshId":"10667","name":"Városföld","county":"Bács-Kiskun","district":"Kecskeméti","population":2136}},{"type":"Feature","geometry":{"type":"Point","coordinates":[17.6541,47.14607]},"properties":{"kshId":"07065","name":"Városlőd","county":"Veszprém","district":"Ajkai","population":1222}},{"type":"Feature","geometry":{"type":"Point","coordinates":[18.13998,47.20062]},"properties":{"kshId":"11439","name":"Várpalota","county":"Veszprém","district":"Várpalotai","population":19265}},{"type":"Feature","geometry":{"type":"Point","coordinates":[18.51967,46.52475]},"properties":{"kshId":"06637","name":"Varsád","county":"Tolna","district":"Tamási","population":339}},{"type":"Feature","geometry":{"type":"Point","coordinates":[19.49078,48.04114]},"properties":{"kshId":"29498","name":"Varsány","county":"Nógrád","district":"Szécsényi","population":1480}},{"type":"Feature","geometry":{"type":"Point","coordinates":[17.2976,46.86691]},"properties":{"kshId":"14182","name":"Várvölgy","county":"Zala","district":"Keszthelyi","population":920}},{"type":"Feature","geometry":{"type":"Point","coordinates":[19.40265,47.32396]},"properties":{"kshId":"22585","name":"Vasad","county":"Pest","district":"Monori","population":1975}},{"type":"Feature","geometry":{"type":"Point","coordinates":[16.51344,47.01212]},"properties":{"kshId":"02884","name":"Vasalja","county":"Vas","district":"Körmendi","population":284}},{"type":"Feature","geometry":{"type":"Point","coordinates":[17.7254,46.18057]},"properties":{"kshId":"24952","name":"Vásárosbéc","county":"Baranya","district":"Szigetvári","population":171}},{"type":"Feature","geometry":{"type":"Point","coordinates":[18.13226,46.30555]},"properties":{"kshId":"02264","name":"Vásárosdombó","county":"Baranya","district":"Hegyháti","population":989}},{"type":"Feature","geometry":{"type":"Point","coordinates":[17.11889,47.45484]},"properties":{"kshId":"17880","name":"Vásárosfalu","county":"Győr-Moson-Sopron","district":"Kapuvári","population":154}},{"type":"Feature","geometry":{"type":"Point","coordinates":[17.06235,47.20744]},"properties":{"kshId":"09195","name":"Vásárosmiske","county":"Vas","district":"Sárvári","population":344}},{"type":"Feature","geometry":{"type":"Point","coordinates":[22.31265,48.12676]},"properties":{"kshId":"18324","name":"Vásárosnamény","county":"Szabolcs-Szatmár-Bereg","district":"Vásárosnaményi","population":7711}},{"type":"Feature","geometry":{"type":"Point","coordinates":[16.67187,47.31239]},"properties":{"kshId":"20394","name":"Vasasszonyfa","county":"Vas","district":"Szombathelyi","population":441}},{"type":"Feature","geometry":{"type":"Point","coordinates":[16.87027,46.94399]},"properties":{"kshId":"10302","name":"Vasboldogasszony","county":"Zala","district":"Zalaegerszegi","population":528}},{"type":"Feature","geometry":{"type":"Point","coordinates":[16.92078,47.37298]},"properties":{"kshId":"15334","name":"Vasegerszeg","county":"Vas","district":"Sárvári","population":337}},{"type":"Feature","geometry":{"type":"Point","coordinates":[17.05974,47.11269]},"properties":{"kshId":"20349","name":"Vashosszúfalu","county":"Vas","district":"Sárvári","population":349}},{"type":"Feature","geometry":{"type":"Point","coordinates":[16.44867,47.19399]},"properties":{"kshId":"30702","name":"Vaskeresztes","county":"Vas","district":"Szombathelyi","population":323}},{"type":"Feature","geometry":{"type":"Point","coordinates":[18.98543,46.11157]},"properties":{"kshId":"28343","name":"Vaskút","county":"Bács-Kiskun","district":"Bajai","population":3058}},{"type":"Feature","geometry":{"type":"Point","coordinates":[21.81485,48.11112]},"properties":{"kshId":"27100","name":"Vasmegyer","county":"Szabolcs-Szatmár-Bereg","district":"Kemecsei","population":1669}},{"type":"Feature","geometry":{"type":"Point","coordinates":[16.64336,46.91663]},"properties":{"kshId":"14322","name":"Vaspör","county":"Zala","district":"Zalaegerszegi","population":340}},{"type":"Feature","geometry":{"type":"Point","coordinates":[16.70554,47.2864]},"properties":{"kshId":"25982","name":"Vassurány","county":"Vas","district":"Szombathelyi","population":693}},{"type":"Feature","geometry":{"type":"Point","coordinates":[16.79988,47.04906]},"properties":{"kshId":"04695","name":"Vasvár","county":"Vas","district":"Vasvári","population":3881}},{"type":"Feature","geometry":{"type":"Point","coordinates":[17.51608,47.40241]},"properties":{"kshId":"26648","name":"Vaszar","county":"Veszprém","district":"Pápai","population":1504}},{"type":"Feature","geometry":{"type":"Point","coordinates":[17.7592,46.93921]},"properties":{"kshId":"16656","name":"Vászoly","county":"Veszprém","district":"Balatonfüredi","population":290}},{"type":"Feature","geometry":{"type":"Point","coordinates":[16.76796,47.18176]},"properties":{"kshId":"29373","name":"Vasszécseny","county":"Vas","district":"Szombathelyi","population":1278}},{"type":"Feature","geometry":{"type":"Point","coordinates":[16.4083,46.96989]},"properties":{"kshId":"11633","name":"Vasszentmihály","county":"Vas","district":"Szentgotthárdi","population":341}},{"type":"Feature","geometry":{"type":"Point","coordinates":[16.74974,47.3026]},"properties":{"kshId":"12104","name":"Vasszilvágy","county":"Vas","district":"Szombathelyi","population":371}},{"type":"Feature","geometry":{"type":"Point","coordinates":[16.77583,47.28299]},"properties":{"kshId":"02246","name":"Vát","county":"Vas","district":"Szombathelyi","population":634}},{"type":"Feature","geometry":{"type":"Point","coordinates":[20.74027,47.92238]},"properties":{"kshId":"30076","name":"Vatta","county":"Borsod-Abaúj-Zemplén","district":"Mezőkövesdi","population":823}},{"type":"Feature","geometry":{"type":"Point","coordinates":[18.12492,46.26552]},"properties":{"kshId":"07074","name":"Vázsnok","county":"Baranya","district":"Hegyháti","population":121}},{"type":"Feature","geometry":{"type":"Point","coordinates":[20.16733,47.80787]},"properties":{"kshId":"05759","name":"Vécs","county":"Heves","district":"Gyöngyösi","population":551}},{"type":"Feature","geometry":{"type":"Point","coordinates":[19.26431,47.4069]},"properties":{"kshId":"26815","name":"Vecsés","county":"Pest","district":"Vecsési","population":21379}},{"type":"Feature","geometry":{"type":"Point","coordinates":[20.87133,46.38728]},"properties":{"kshId":"31228","name":"Végegyháza","county":"Békés","district":"Mezőkovácsházai","population":1113}},{"type":"Feature","geometry":{"type":"Point","coordinates":[17.96482,45.80999]},"properties":{"kshId":"18519","name":"Vejti","county":"Baranya","district":"Sellyei","population":151}},{"type":"Feature","geometry":{"type":"Point","coordinates":[18.34199,46.26963]},"properties":{"kshId":"24402","name":"Vékény","county":"Baranya","district":"Komlói","population":134}},{"type":"Feature","geometry":{"type":"Point","coordinates":[21.4048,47.0953]},"properties":{"kshId":"11138","name":"Vekerd","county":"Hajdú-Bihar","district":"Berettyóújfalui","population":105}},{"type":"Feature","geometry":{"type":"Point","coordinates":[16.48988,47.34589]},"properties":{"kshId":"26000","name":"Velem","county":"Vas","district":"Kőszegi","population":392}},{"type":"Feature","geometry":{"type":"Point","coordinates":[16.36325,46.7389]},"properties":{"kshId":"18430","name":"Velemér","county":"Vas","district":"Körmendi","population":71}},{"type":"Feature","geometry":{"type":"Point","coordinates":[18.66053,47.23532]},"properties":{"kshId":"25016","name":"Velence","county":"Fejér","district":"Gárdonyi","population":7906}},{"type":"Feature","geometry":{"type":"Point","coordinates":[18.0494,45.98034]},"properties":{"kshId":"22071","name":"Velény","county":"Baranya","district":"Szentlőrinci","population":149}},{"type":"Feature","geometry":{"type":"Point","coordinates":[18.61726,46.15692]},"properties":{"kshId":"20279","name":"Véménd","county":"Baranya","district":"Mohácsi","population":1144}},{"type":"Feature","geometry":{"type":"Point","coordinates":[17.75946,47.73949]},"properties":{"kshId":"05014","name":"Vének","county":"Győr-Moson-Sopron","district":"Győri","population":192}},{"type":"Feature","geometry":{"type":"Point","coordinates":[16.72303,47.23082]},"properties":{"kshId":"26426","name":"Vép","county":"Vas","district":"Szombathelyi","population":3210}},{"type":"Feature","geometry":{"type":"Point","coordinates":[18.61768,47.31995]},"properties":{"kshId":"03498","name":"Vereb","county":"Fejér","district":"Gárdonyi","population":829}},{"type":"Feature","geometry":{"type":"Point","coordinates":[19.28688,47.65523]},"properties":{"kshId":"18342","name":"Veresegyház","county":"Pest","district":"Gödöllői","population":21129}},{"type":"Feature","geometry":{"type":"Point","coordinates":[19.03397,47.82305]},"properties":{"kshId":"33729","name":"Verőce","county":"Pest","district":"Szobi","population":4146}},{"type":"Feature","geometry":{"type":"Point","coordinates":[20.22791,47.84901]},"properties":{"kshId":"24147","name":"Verpelét","county":"Heves","district":"Egri","population":3653}},{"type":"Feature","geometry":{"type":"Point","coordinates":[19.54871,47.72244]},"properties":{"kshId":"22488","name":"Verseg","county":"Pest","district":"Aszódi","population":1248}},{"type":"Feature","geometry":{"type":"Point","coordinates":[18.51355,45.99453]},"properties":{"kshId":"19725","name":"Versend","county":"Baranya","district":"Bólyi","population":877}},{"type":"Feature","geometry":{"type":"Point","coordinates":[18.57944,47.37413]},"properties":{"kshId":"02750","name":"Vértesacsa","county":"Fejér","district":"Bicskei","population":1773}},{"type":"Feature","geometry":{"type":"Point","coordinates":[18.52478,47.42895]},"properties":{"kshId":"13897","name":"Vértesboglár","county":"Fejér","district":"Bicskei","population":904}},{"type":"Feature","geometry":{"type":"Point","coordinates":[18.08176,47.48694]},"properties":{"kshId":"32586","name":"Vérteskethely","county":"Komárom-Esztergom","district":"Kisbéri","population":552}},{"type":"Feature","geometry":{"type":"Point","coordinates":[18.36514,47.51117]},"properties":{"kshId":"15282","name":"Vértessomló","county":"Komárom-Esztergom","district":"Tatabányai","population":1412}},{"type":"Feature","geometry":{"type":"Point","coordinates":[18.45833,47.62433]},"properties":{"kshId":"29629","name":"Vértestolna","county":"Komárom-Esztergom","district":"Tatai","population":583}},{"type":"Feature","geometry":{"type":"Point","coordinates":[18.38135,47.62061]},"properties":{"kshId":"31264","name":"Vértesszőlős","county":"Komárom-Esztergom","district":"Tatabányai","population":3632}},{"type":"Feature","geometry":{"type":"Point","coordinates":[17.2912,46.41186]},"properties":{"kshId":"08183","name":"Vése","county":"Somogy","district":"Marcali","population":648}},{"type":"Feature","geometry":{"type":"Point","coordinates":[17.08574,47.59986]},"properties":{"kshId":"04589","name":"Veszkény","county":"Győr-Moson-Sopron","district":"Kapuvári","population":1008}},{"type":"Feature","geometry":{"type":"Point","coordinates":[17.90804,47.09338]},"properties":{"kshId":"11767","name":"Veszprém","county":"Veszprém","district":"Veszprémi","population":55118}},{"type":"Feature","geometry":{"type":"Point","coordinates":[17.8957,47.03641]},"properties":{"kshId":"21430","name":"Veszprémfajsz","county":"Veszprém","district":"Veszprémi","population":251}},{"type":"Feature","geometry":{"type":"Point","coordinates":[17.2669,47.09288]},"properties":{"kshId":"19336","name":"Veszprémgalsa","county":"Veszprém","district":"Sümegi","population":264}},{"type":"Feature","geometry":{"type":"Point","coordinates":[17.8295,47.42731]},"properties":{"kshId":"22691","name":"Veszprémvarsány","county":"Győr-Moson-Sopron","district":"Pannonhalmi","population":976}},{"type":"Feature","geometry":{"type":"Point","coordinates":[21.25988,46.9242]},"properties":{"kshId":"29531","name":"Vésztő","county":"Békés","district":"Szeghalmi","population":5992}},{"type":"Feature","geometry":{"type":"Point","coordinates":[20.21991,47.03365]},"properties":{"kshId":"21157","name":"Vezseny","county":"Jász-Nagykun-Szolnok","district":"Szolnoki","population":578}},{"type":"Feature","geometry":{"type":"Point","coordinates":[17.33715,47.21306]},"properties":{"kshId":"09502","name":"Vid","county":"Veszprém","district":"Devecseri","population":97}},{"type":"Feature","geometry":{"type":"Point","coordinates":[17.62691,46.96445]},"properties":{"kshId":"09733","name":"Vigántpetend","county":"Veszprém","district":"Tapolcai","population":221}},{"type":"Feature","geometry":{"type":"Point","coordinates":[18.45552,45.86976]},"properties":{"kshId":"28024","name":"Villány","county":"Baranya","district":"Siklósi","population":1989}},{"type":"Feature","geometry":{"type":"Point","coordinates":[18.42525,45.88058]},"properties":{"kshId":"05209","name":"Villánykövesd","county":"Baranya","district":"Siklósi","population":205}},{"type":"Feature","geometry":{"type":"Point","coordinates":[21.23298,48.41662]},"properties":{"kshId":"11581","name":"Vilmány","county":"Borsod-Abaúj-Zemplén","district":"Gönci","population":1389}},{"type":"Feature","geometry":{"type":"Point","coordinates":[18.0613,47.11024]},"properties":{"kshId":"15705","name":"Vilonya","county":"Veszprém","district":"Várpalotai","population":664}},{"type":"Feature","geometry":{"type":"Point","coordinates":[21.56284,48.49439]},"properties":{"kshId":"12982","name":"Vilyvitány","county":"Borsod-Abaúj-Zemplén","district":"Sátoraljaújhelyi","population":279}},{"type":"Feature","geometry":{"type":"Point","coordinates":[17.2823,47.31085]},"properties":{"kshId":"24651","name":"Vinár","county":"Veszprém","district":"Pápai","population":196}},{"type":"Feature","geometry":{"type":"Point","coordinates":[17.1732,46.85594]},"properties":{"kshId":"32142","name":"Vindornyafok","county":"Zala","district":"Keszthelyi","population":117}},{"type":"Feature","geometry":{"type":"Point","coordinates":[17.19407,46.88613]},"properties":{"kshId":"06549","name":"Vindornyalak","county":"Zala","district":"Keszthelyi","population":89}},{"type":"Feature","geometry":{"type":"Point","coordinates":[17.15419,46.89852]},"properties":{"kshId":"11800","name":"Vindornyaszőlős","county":"Zala","district":"Keszthelyi","population":333}},{"type":"Feature","geometry":{"type":"Point","coordinates":[18.97034,47.78458]},"properties":{"kshId":"28413","name":"Visegrád","county":"Pest","district":"Szentendrei","population":1775}},{"type":"Feature","geometry":{"type":"Point","coordinates":[17.67671,46.19128]},"properties":{"kshId":"19017","name":"Visnye","county":"Somogy","district":"Kaposvári","population":223}},{"type":"Feature","geometry":{"type":"Point","coordinates":[20.02694,47.7797]},"properties":{"kshId":"31246","name":"Visonta","county":"Heves","district":"Gyöngyösi","population":1179}},{"type":"Feature","geometry":{"type":"Point","coordinates":[21.50558,48.21625]},"properties":{"kshId":"05096","name":"Viss","county":"Borsod-Abaúj-Zemplén","district":"Sárospataki","population":463}},{"type":"Feature","geometry":{"type":"Point","coordinates":[17.78307,46.72603]},"properties":{"kshId":"06877","name":"Visz","county":"Somogy","district":"Fonyódi","population":158}},{"type":"Feature","geometry":{"type":"Point","coordinates":[16.49729,46.88237]},"properties":{"kshId":"07940","name":"Viszák","county":"Vas","district":"Körmendi","population":255}},{"type":"Feature","geometry":{"type":"Point","coordinates":[20.88766,48.49327]},"properties":{"kshId":"03957","name":"Viszló","county":"Borsod-Abaúj-Zemplén","district":"Edelényi","population":60}},{"type":"Feature","geometry":{"type":"Point","coordinates":[20.03303,47.64223]},"properties":{"kshId":"03513","name":"Visznek","county":"Heves","district":"Gyöngyösi","population":1095}},{"type":"Feature","geometry":{"type":"Point","coordinates":[16.97997,47.58711]},"properties":{"kshId":"25797","name":"Vitnyéd","county":"Győr-Moson-Sopron","district":"Kapuvári","population":1461}},{"type":"Feature","geometry":{"type":"Point","coordinates":[17.23171,46.09073]},"properties":{"kshId":"29780","name":"Vízvár","county":"Somogy","district":"Barcsi","population":419}},{"type":"Feature","geometry":{"type":"Point","coordinates":[19.82039,48.0497]},"properties":{"kshId":"10320","name":"Vizslás","county":"Nógrád","district":"Salgótarjáni","population":1163}},{"type":"Feature","geometry":{"type":"Point","coordinates":[21.21694,48.38505]},"properties":{"kshId":"21087","name":"Vizsoly","county":"Borsod-Abaúj-Zemplén","district":"Gönci","population":878}},{"type":"Feature","geometry":{"type":"Point","coordinates":[18.3362,45.91148]},"properties":{"kshId":"05892","name":"Vokány","county":"Baranya","district":"Siklósi","population":763}},{"type":"Feature","geometry":{"type":"Point","coordinates":[17.30957,46.76419]},"properties":{"kshId":"12919","name":"Vonyarcvashegy","county":"Zala","district":"Keszthelyi","population":2471}},{"type":"Feature","geometry":{"type":"Point","coordinates":[16.95375,46.88958]},"properties":{"kshId":"08369","name":"Vöckönd","county":"Zala","district":"Zalaegerszegi","population":103}},{"type":"Feature","geometry":{"type":"Point","coordinates":[16.76295,47.49797]},"properties":{"kshId":"16319","name":"Völcsej","county":"Győr-Moson-Sopron","district":"Soproni","population":393}},{"type":"Feature","geometry":{"type":"Point","coordinates":[17.16057,47.31329]},"properties":{"kshId":"03142","name":"Vönöck","county":"Vas","district":"Celldömölki","population":636}},{"type":"Feature","geometry":{"type":"Point","coordinates":[17.72336,46.9717]},"properties":{"kshId":"11703","name":"Vöröstó","county":"Veszprém","district":"Veszprémi","population":120}},{"type":"Feature","geometry":{"type":"Point","coordinates":[17.27039,46.66544]},"properties":{"kshId":"09645","name":"Vörs","county":"Somogy","district":"Marcali","population":452}},{"type":"Feature","geometry":{"type":"Point","coordinates":[20.04373,48.13494]},"properties":{"kshId":"21661","name":"Zabar","county":"Nógrád","district":"Salgótarjáni","population":460}},{"type":"Feature","geometry":{"type":"Point","coordinates":[17.65942,45.96057]},"properties":{"kshId":"17747","name":"Zádor","county":"Baranya","district":"Szigetvári","population":282}},{"type":"Feature","geometry":{"type":"Point","coordinates":[20.48398,48.38552]},"properties":{"kshId":"03063","name":"Zádorfalva","county":"Borsod-Abaúj-Zemplén","district":"Putnoki","population":440}},{"type":"Feature","geometry":{"type":"Point","coordinates":[20.12777,47.26771]},"properties":{"kshId":"14836","name":"Zagyvarékas","county":"Jász-Nagykun-Szolnok","district":"Szolnoki","population":3554}},{"type":"Feature","geometry":{"type":"Point","coordinates":[19.67052,47.77559]},"properties":{"kshId":"21722","name":"Zagyvaszántó","county":"Heves","district":"Hatvani","population":1831}},{"type":"Feature","geometry":{"type":"Point","coordinates":[22.17877,48.40291]},"properties":{"kshId":"16203","name":"Záhony","county":"Szabolcs-Szatmár-Bereg","district":"Záhonyi","population":3650}},{"type":"Feature","geometry":{"type":"Point","coordinates":[16.71998,46.48393]},"properties":{"kshId":"24590","name":"Zajk","county":"Zala","district":"Letenyei","population":196}},{"type":"Feature","geometry":{"type":"Point","coordinates":[22.79507,47.90899]},"properties":{"kshId":"06275","name":"Zajta","county":"Szabolcs-Szatmár-Bereg","district":"Fehérgyarmati","population":352}},{"type":"Feature","geometry":{"type":"Point","coordinates":[16.95233,46.25136]},"properties":{"kshId":"14623","name":"Zákány","county":"Somogy","district":"Csurgói","population":1064}},{"type":"Feature","geometry":{"type":"Point","coordinates":[16.9478,46.27565]},"properties":{"kshId":"34403","name":"Zákányfalu","county":"Somogy","district":"Csurgói","population":375}},{"type":"Feature","geometry":{"type":"Point","coordinates":[19.88851,46.27406]},"properties":{"kshId":"05546","name":"Zákányszék","county":"Csongrád-Csanád","district":"Mórahalmi","population":2653}},{"type":"Feature","geometry":{"type":"Point","coordinates":[18.0015,46.7393]},"properties":{"kshId":"11466","name":"Zala","county":"Somogy","district":"Tabi","population":233}},{"type":"Feature","geometry":{"type":"Point","coordinates":[17.10572,46.73915]},"properties":{"kshId":"17400","name":"Zalaapáti","county":"Zala","district":"Keszthelyi","population":1649}},{"type":"Feature","geometry":{"type":"Point","coordinates":[16.55387,46.70666]},"properties":{"kshId":"07579","name":"Zalabaksa","county":"Zala","district":"Lenti","population":596}},{"type":"Feature","geometry":{"type":"Point","coordinates":[17.02851,46.97397]},"properties":{"kshId":"24280","name":"Zalabér","county":"Zala","district":"Zalaszentgróti","population":671}},{"type":"Feature","geometry":{"type":"Point","coordinates":[16.77007,46.89876]},"properties":{"kshId":"28495","name":"Zalaboldogfa","county":"Zala","district":"Zalaegerszegi","population":368}},{"type":"Feature","geometry":{"type":"Point","coordinates":[17.0979,46.80651]},"properties":{"kshId":"04002","name":"Zalacsány","county":"Zala","district":"Keszthelyi","population":1026}},{"type":"Feature","geometry":{"type":"Point","coordinates":[16.66229,46.86101]},"properties":{"kshId":"02486","name":"Zalacséb","county":"Zala","district":"Zalaegerszegi","population":455}},{"type":"Feature","geometry":{"type":"Point","coordinates":[16.84563,46.84158]},"properties":{"kshId":"32054","name":"Zalaegerszeg","county":"Zala","district":"Zalaegerszegi","population":53960}},{"type":"Feature","geometry":{"type":"Point","coordinates":[17.14223,47.0548]},"properties":{"kshId":"29993","name":"Zalaerdőd","county":"Veszprém","district":"Sümegi","population":243}},{"type":"Feature","geometry":{"type":"Point","coordinates":[17.22642,47.0178]},"properties":{"kshId":"27207","name":"Zalagyömörő","county":"Veszprém","district":"Sümegi","population":410}},{"type":"Feature","geometry":{"type":"Point","coordinates":[17.45834,46.91477]},"properties":{"kshId":"12654","name":"Zalahaláp","county":"Veszprém","district":"Tapolcai","population":1168}},{"type":"Feature","geometry":{"type":"Point","coordinates":[16.62606,46.89178]},"properties":{"kshId":"23834","name":"Zalaháshágy","county":"Zala","district":"Zalaegerszegi","population":352}},{"type":"Feature","geometry":{"type":"Point","coordinates":[17.00948,46.74688]},"properties":{"kshId":"16896","name":"Zalaigrice","county":"Zala","district":"Zalaegerszegi","population":88}},{"type":"Feature","geometry":{"type":"Point","coordinates":[16.97886,46.91843]},"properties":{"kshId":"12496","name":"Zalaistvánd","county":"Zala","district":"Zalaegerszegi","population":338}},{"type":"Feature","geometry":{"type":"Point","coordinates":[17.12215,46.56079]},"properties":{"kshId":"11785","name":"Zalakaros","county":"Zala","district":"Nagykanizsai","population":2375}},{"type":"Feature","geometry":{"type":"Point","coordinates":[17.17567,46.54635]},"properties":{"kshId":"10348","name":"Zalakomár","county":"Zala","district":"Nagykanizsai","population":2805}},{"type":"Feature","geometry":{"type":"Point","coordinates":[17.14317,46.84809]},"properties":{"kshId":"18768","name":"Zalaköveskút","county":"Zala","district":"Keszthelyi","population":38}},{"type":"Feature","geometry":{"type":"Point","coordinates":[16.58523,46.8462]},"properties":{"kshId":"30313","name":"Zalalövő","county":"Zala","district":"Zalaegerszegi","population":2698}},{"type":"Feature","geometry":{"type":"Point","coordinates":[17.21954,47.08082]},"properties":{"kshId":"33039","name":"Zalameggyes","county":"Veszprém","district":"Sümegi","population":62}},{"type":"Feature","geometry":{"type":"Point","coordinates":[17.09614,46.57464]},"properties":{"kshId":"31617","name":"Zalamerenye","county":"Zala","district":"Nagykanizsai","population":196}},{"type":"Feature","geometry":{"type":"Point","coordinates":[17.07943,46.4927]},"properties":{"kshId":"02972","name":"Zalasárszeg","county":"Zala","district":"Nagykanizsai","population":132}},{"type":"Feature","geometry":{"type":"Point","coordinates":[17.11225,46.64105]},"properties":{"kshId":"22947","name":"Zalaszabar","county":"Zala","district":"Nagykanizsai","population":491}},{"type":"Feature","geometry":{"type":"Point","coordinates":[17.22583,46.88778]},"properties":{"kshId":"33288","name":"Zalaszántó","county":"Zala","district":"Keszthelyi","population":920}},{"type":"Feature","geometry":{"type":"Point","coordinates":[17.22404,47.09807]},"properties":{"kshId":"23597","name":"Zalaszegvár","county":"Veszprém","district":"Sümegi","population":138}},{"type":"Feature","geometry":{"type":"Point","coordinates":[16.91953,46.5883]},"properties":{"kshId":"18564","name":"Zalaszentbalázs","county":"Zala","district":"Nagykanizsai","population":808}},{"type":"Feature","geometry":{"type":"Point","coordinates":[17.07902,46.9438]},"properties":{"kshId":"32522","name":"Zalaszentgrót","county":"Zala","district":"Zalaszentgróti","population":5665}},{"type":"Feature","geometry":{"type":"Point","coordinates":[16.70416,46.87252]},"properties":{"kshId":"33136","name":"Zalaszentgyörgy","county":"Zala","district":"Zalaegerszegi","population":403}},{"type":"Feature","geometry":{"type":"Point","coordinates":[16.89725,46.89176]},"properties":{"kshId":"02608","name":"Zalaszentiván","county":"Zala","district":"Zalaegerszegi","population":1015}},{"type":"Feature","geometry":{"type":"Point","coordinates":[17.12972,46.48757]},"properties":{"kshId":"18096","name":"Zalaszentjakab","county":"Zala","district":"Nagykanizsai","population":291}},{"type":"Feature","geometry":{"type":"Point","coordinates":[17.11218,46.87577]},"properties":{"kshId":"07232","name":"Zalaszentlászló","county":"Zala","district":"Zalaszentgróti","population":737}},{"type":"Feature","geometry":{"type":"Point","coordinates":[16.88842,46.91676]},"properties":{"kshId":"13301","name":"Zalaszentlőrinc","county":"Zala","district":"Zalaegerszegi","population":256}},{"type":"Feature","geometry":{"type":"Point","coordinates":[17.06307,46.70371]},"properties":{"kshId":"13091","name":"Zalaszentmárton","county":"Zala","district":"Keszthelyi","population":62}},{"type":"Feature","geometry":{"type":"Point","coordinates":[16.94937,46.72961]},"properties":{"kshId":"18449","name":"Zalaszentmihály","county":"Zala","district":"Zalaegerszegi","population":936}},{"type":"Feature","geometry":{"type":"Point","coordinates":[16.44396,46.63766]},"properties":{"kshId":"27562","name":"Zalaszombatfa","county":"Zala","district":"Lenti","population":36}},{"type":"Feature","geometry":{"type":"Point","coordinates":[17.89022,45.80999]},"properties":{"kshId":"25122","name":"Zaláta","county":"Baranya","district":"Sellyei","population":195}},{"type":"Feature","geometry":{"type":"Point","coordinates":[16.75854,46.70107]},"properties":{"kshId":"29683","name":"Zalatárnok","county":"Zala","district":"Zalaegerszegi","population":612}},{"type":"Feature","geometry":{"type":"Point","coordinates":[17.07771,46.56064]},"properties":{"kshId":"09380","name":"Zalaújlak","county":"Zala","district":"Nagykanizsai","population":102}},{"type":"Feature","geometry":{"type":"Point","coordinates":[17.15655,46.66999]},"properties":{"kshId":"13736","name":"Zalavár","county":"Zala","district":"Keszthelyi","population":841}},{"type":"Feature","geometry":{"type":"Point","coordinates":[17.02674,47.00608]},"properties":{"kshId":"17057","name":"Zalavég","county":"Zala","district":"Zalaszentgróti","population":322}},{"type":"Feature","geometry":{"type":"Point","coordinates":[21.45719,48.18575]},"properties":{"kshId":"15617","name":"Zalkod","county":"Borsod-Abaúj-Zemplén","district":"Sárospataki","population":178}},{"type":"Feature","geometry":{"type":"Point","coordinates":[17.94595,46.8801]},"properties":{"kshId":"06008","name":"Zamárdi","county":"Somogy","district":"Siófoki","population":2708}},{"type":"Feature","geometry":{"type":"Point","coordinates":[18.41397,47.31831]},"properties":{"kshId":"30243","name":"Zámoly","county":"Fejér","district":"Székesfehérvári","population":2235}},{"type":"Feature","geometry":{"type":"Point","coordinates":[17.68339,46.87293]},"properties":{"kshId":"20826","name":"Zánka","county":"Veszprém","district":"Balatonfüredi","population":980}},{"type":"Feature","geometry":{"type":"Point","coordinates":[20.10387,47.64296]},"properties":{"kshId":"23445","name":"Zaránk","county":"Heves","district":"Hevesi","population":452}},{"type":"Feature","geometry":{"type":"Point","coordinates":[18.41458,46.39362]},"properties":{"kshId":"14304","name":"Závod","county":"Tolna","district":"Bonyhádi","population":258}},{"type":"Feature","geometry":{"type":"Point","coordinates":[16.68627,46.6427]},"properties":{"kshId":"03726","name":"Zebecke","county":"Zala","district":"Lenti","population":62}},{"type":"Feature","geometry":{"type":"Point","coordinates":[18.91015,47.80004]},"properties":{"kshId":"14960","name":"Zebegény","county":"Pest","district":"Szobi","population":1307}},{"type":"Feature","geometry":{"type":"Point","coordinates":[22.06896,48.36252]},"properties":{"kshId":"31608","name":"Zemplénagárd","county":"Borsod-Abaúj-Zemplén","district":"Cigándi","population":541}},{"type":"Feature","geometry":{"type":"Point","coordinates":[18.43115,46.17346]},"properties":{"kshId":"15848","name":"Zengővárkony","county":"Baranya","district":"Pécsváradi","population":413}},{"type":"Feature","geometry":{"type":"Point","coordinates":[18.67129,47.12585]},"properties":{"kshId":"34263","name":"Zichyújfalu","county":"Fejér","district":"Gárdonyi","population":822}},{"type":"Feature","geometry":{"type":"Point","coordinates":[17.97874,46.67744]},"properties":{"kshId":"33057","name":"Zics","county":"Somogy","district":"Tabi","population":337}},{"type":"Feature","geometry":{"type":"Point","coordinates":[20.79179,48.25152]},"properties":{"kshId":"19275","name":"Ziliz","county":"Borsod-Abaúj-Zemplén","district":"Edelényi","population":359}},{"type":"Feature","geometry":{"type":"Point","coordinates":[17.90715,46.42521]},"properties":{"kshId":"27614","name":"Zimány","county":"Somogy","district":"Kaposvári","population":525}},{"type":"Feature","geometry":{"type":"Point","coordinates":[17.87182,47.26138]},"properties":{"kshId":"26499","name":"Zirc","county":"Veszprém","district":"Zirci","population":6371}},{"type":"Feature","geometry":{"type":"Point","coordinates":[18.09826,46.01183]},"properties":{"kshId":"12201","name":"Zók","county":"Baranya","district":"Szentlőrinci","population":242}},{"type":"Feature","geometry":{"type":"Point","coordinates":[18.56592,46.41081]},"properties":{"kshId":"21625","name":"Zomba","county":"Tolna","district":"Bonyhádi","population":1790}},{"type":"Feature","geometry":{"type":"Point","coordinates":[20.5749,48.38025]},"properties":{"kshId":"19105","name":"Zubogy","county":"Borsod-Abaúj-Zemplén","district":"Putnoki","population":442}},{"type":"Feature","geometry":{"type":"Point","coordinates":[21.48619,46.92174]},"properties":{"kshId":"06257","name":"Zsadány","county":"Békés","district":"Sarkadi","population":1485}},{"type":"Feature","geometry":{"type":"Point","coordinates":[21.43599,47.13431]},"properties":{"kshId":"04817","name":"Zsáka","county":"Hajdú-Bihar","district":"Berettyóújfalui","population":1388}},{"type":"Feature","geometry":{"type":"Point","coordinates":[18.71743,47.54831]},"properties":{"kshId":"25034","name":"Zsámbék","county":"Pest","district":"Budakeszi","population":5866}},{"type":"Feature","geometry":{"type":"Point","coordinates":[19.60661,47.54312]},"properties":{"kshId":"22035","name":"Zsámbok","county":"Pest","district":"Gödöllői","population":2362}},{"type":"Feature","geometry":{"type":"Point","coordinates":[19.66265,46.3799]},"properties":{"kshId":"15158","name":"Zsana","county":"Bács-Kiskun","district":"Kiskunhalasi","population":647}},{"type":"Feature","geometry":{"type":"Point","coordinates":[22.58809,47.94909]},"properties":{"kshId":"28750","name":"Zsarolyán","county":"Szabolcs-Szatmár-Bereg","district":"Fehérgyarmati","population":346}},{"type":"Feature","geometry":{"type":"Point","coordinates":[17.19138,47.51137]},"properties":{"kshId":"16869","name":"Zsebeháza","county":"Győr-Moson-Sopron","district":"Csornai","population":126}},{"type":"Feature","geometry":{"type":"Point","coordinates":[16.90466,47.34061]},"properties":{"kshId":"21643","name":"Zsédeny","county":"Vas","district":"Sárvári","population":217}},{"type":"Feature","geometry":{"type":"Point","coordinates":[17.73558,46.27407]},"properties":{"kshId":"26842","name":"Zselickisfalud","county":"Somogy","district":"Kaposvári","population":198}},{"type":"Feature","geometry":{"type":"Point","coordinates":[17.79782,46.31111]},"properties":{"kshId":"24110","name":"Zselickislak","county":"Somogy","district":"Kaposvári","population":453}},{"type":"Feature","geometry":{"type":"Point","coordinates":[17.82143,46.3063]},"properties":{"kshId":"17491","name":"Zselicszentpál","county":"Somogy","district":"Kaposvári","population":438}},{"type":"Feature","geometry":{"type":"Point","coordinates":[16.81623,47.11294]},"properties":{"kshId":"12292","name":"Zsennye","county":"Vas","district":"Szombathelyi","population":106}},{"type":"Feature","geometry":{"type":"Point","coordinates":[16.68077,47.45604]},"properties":{"kshId":"04622","name":"Zsira","county":"Győr-Moson-Sopron","district":"Soproni","population":813}},{"type":"Feature","geometry":{"type":"Point","coordinates":[19.97257,46.32806]},"properties":{"kshId":"17765","name":"Zsombó","county":"Csongrád-Csanád","district":"Mórahalmi","population":3417}},{"type":"Feature","geometry":{"type":"Point","coordinates":[21.27937,48.50051]},"properties":{"kshId":"11022","name":"Zsujta","county":"Borsod-Abaúj-Zemplén","district":"Gönci","population":243}},{"type":"Feature","geometry":{"type":"Point","coordinates":[22.21844,48.41063]},"properties":{"kshId":"13037","name":"Zsurk","county":"Szabolcs-Szatmár-Bereg","district":"Záhonyi","population":578}}]}
